# Blender 5.2.0 LTS
# www.blender.org
mtllib player_static.mtl
o Personagem
v 0.000050 0.162773 -0.169865
v 0.000094 0.192980 -0.094188
v 0.000107 0.464527 0.043707
v 0.000107 0.464527 0.043707
v 0.000107 0.464527 0.043707
v 0.000125 0.071921 -0.254437
v 0.000125 0.071921 -0.254437
v 0.000141 0.182645 -0.154061
v 0.000328 0.113499 -0.106572
v 0.000328 0.113499 -0.106572
v 0.000341 0.260143 -0.173201
v 0.000342 -0.495821 -0.132816
v 0.000364 0.345606 -0.059005
v 0.000364 0.345606 -0.059005
v 0.000377 0.375413 -0.082692
v 0.000384 -0.200452 0.100854
v 0.000422 0.268656 -0.157468
v 0.000422 0.268656 -0.157468
v 0.000422 0.268656 -0.157468
v 0.000445 0.046632 -0.092938
v 0.000445 0.046632 -0.092938
v 0.000445 0.046632 -0.092938
v 0.000480 0.284743 0.155651
v 0.000480 0.284743 0.155651
v 0.000525 0.286193 -0.137090
v 0.000525 0.286193 -0.137090
v 0.000600 0.061216 -0.090652
v 0.000600 0.061216 -0.090652
v 0.000603 0.198241 -0.140048
v 0.000620 0.182466 0.215172
v 0.000736 -0.273669 -0.070675
v 0.000736 -0.273669 -0.070675
v 0.000806 0.114169 -0.263217
v 0.000813 -0.430600 -0.110774
v 0.000813 -0.430600 -0.110774
v 0.000817 -0.365748 0.081745
v 0.000883 -0.236324 -0.109609
v 0.000883 -0.236324 -0.109609
v 0.000911 0.197525 0.140100
v 0.001067 -0.352010 -0.102784
v 0.001067 -0.352010 -0.102784
v 0.001104 0.196290 0.184601
v 0.001175 0.196981 -0.185559
v 0.001233 0.224648 0.165090
v 0.001278 0.233537 0.172503
v 0.001313 0.188443 -0.147513
v 0.001395 0.223454 -0.117266
v 0.001401 0.399122 -0.044989
v 0.001501 0.446068 -0.054739
v 0.001501 0.446068 -0.054739
v 0.001501 0.446068 -0.054739
v 0.001541 -0.239469 -0.044430
v 0.001541 -0.239469 -0.044430
v 0.001563 0.235353 0.178628
v 0.001634 -0.490238 0.091187
v 0.001634 -0.490238 0.091187
v 0.001660 0.125951 0.265451
v 0.001662 0.449191 0.046726
v 0.001711 0.234980 -0.178888
v 0.001728 0.292537 0.144954
v 0.001728 0.292537 0.144954
v 0.001728 0.292537 0.144954
v 0.001790 0.449830 -0.047702
v 0.001790 0.449830 -0.047702
v 0.001790 0.449830 -0.047702
v 0.001814 0.025378 -0.097013
v 0.001912 -0.441856 -0.127309
v 0.001912 -0.441856 -0.127309
v 0.001912 -0.441856 -0.127309
v 0.001936 -0.428840 -0.088780
v 0.001936 -0.428840 -0.088780
v 0.001936 -0.428840 -0.088780
v 0.001936 -0.428840 -0.088780
v 0.001999 -0.429410 -0.114993
v 0.001999 -0.429410 -0.114993
v 0.001999 -0.429410 -0.114993
v 0.002094 -0.026953 0.122566
v 0.002106 0.229658 -0.164238
v 0.002106 0.229658 -0.164238
v 0.002127 -0.168255 0.108419
v 0.002156 0.360457 0.052186
v 0.002204 0.183962 0.154412
v 0.002262 -0.202825 -0.103837
v 0.002264 0.096437 0.269962
v 0.002293 0.451815 -0.041000
v 0.002293 0.451815 -0.041000
v 0.002425 0.266045 0.144433
v 0.002425 0.266045 0.144433
v 0.002441 0.191030 0.199555
v 0.002488 0.479799 0.034037
v 0.002488 0.479799 0.034037
v 0.002488 0.479799 0.034037
v 0.002504 0.142318 0.185588
v 0.002611 0.362256 0.027185
v 0.002756 0.325060 0.119394
v 0.002795 0.210771 0.180295
v 0.002823 0.357908 0.068294
v 0.002861 0.267614 -0.143269
v 0.002861 0.267614 -0.143269
v 0.002861 0.267614 -0.143269
v 0.002861 0.267614 -0.143269
v 0.002862 0.070747 -0.244387
v 0.002869 -0.307056 -0.099679
v 0.002873 0.477032 -0.037240
v 0.002873 0.477032 -0.037240
v 0.002873 0.477032 -0.037240
v 0.002903 0.251661 -0.152195
v 0.002903 0.251661 -0.152195
v 0.002903 0.251661 -0.152195
v 0.003031 0.486275 -0.036511
v 0.003037 0.489780 0.022323
v 0.003037 0.489780 0.022323
v 0.003037 0.489780 0.022323
v 0.003136 0.253602 0.160512
v 0.003170 -0.081950 0.123624
v 0.003172 0.253260 -0.160359
v 0.003176 0.324547 -0.122250
v 0.003208 0.265572 -0.148752
v 0.003208 0.265572 -0.148752
v 0.003235 0.198795 0.171401
v 0.003256 -0.158204 -0.028176
v 0.003361 0.485097 0.036869
v 0.003361 0.485097 0.036869
v 0.003405 0.217122 -0.131797
v 0.003405 0.217122 -0.131797
v 0.003420 0.498231 0.015593
v 0.003420 0.498231 0.015593
v 0.003420 0.498231 0.015593
v 0.003545 0.445764 0.055185
v 0.003545 0.445764 0.055185
v 0.003545 0.445764 0.055185
v 0.003545 0.445764 0.055185
v 0.003671 0.184486 -0.204317
v 0.003689 0.245748 0.152785
v 0.003696 0.076241 0.275691
v 0.003696 0.076241 0.275691
v 0.003746 -0.156104 -0.104015
v 0.003817 0.078623 0.102096
v 0.003817 0.078623 0.102096
v 0.003835 -0.221406 -0.096768
v 0.003838 0.283323 -0.156109
v 0.003847 -0.296531 0.095786
v 0.003927 0.491254 -0.020156
v 0.003927 0.491254 -0.020156
v 0.003927 0.491254 -0.020156
v 0.003981 0.287861 0.142939
v 0.003981 0.287861 0.142939
v 0.003990 -0.468283 0.080882
v 0.003990 -0.468283 0.080882
v 0.004050 0.073564 -0.278150
v 0.004072 0.363014 -0.029973
v 0.004072 0.363014 -0.029973
v 0.004072 0.363014 -0.029973
v 0.004072 0.363014 -0.029973
v 0.004085 -0.125212 0.110871
v 0.004085 -0.125212 0.110871
v 0.004189 0.338358 0.107025
v 0.004189 0.338358 0.107025
v 0.004214 0.053402 -0.278240
v 0.004244 0.108001 0.204271
v 0.004307 0.246656 -0.102234
v 0.004374 0.401117 -0.031703
v 0.004374 0.401117 -0.031703
v 0.004483 0.205171 -0.177429
v 0.004512 0.287558 -0.145461
v 0.004543 0.500000 -0.012336
v 0.004543 0.500000 -0.012336
v 0.004590 0.283005 -0.141729
v 0.004590 0.283005 -0.141729
v 0.004599 -0.435325 0.087780
v 0.004599 -0.435325 0.087780
v 0.004599 -0.435325 0.087780
v 0.004669 -0.140736 -0.112735
v 0.004766 -0.294558 -0.087783
v 0.004766 -0.294558 -0.087783
v 0.004767 0.281751 0.140470
v 0.004776 0.070234 0.248603
v 0.004776 0.070234 0.248603
v 0.004776 0.070234 0.248603
v 0.004820 0.246871 0.102197
v 0.004861 -0.278655 0.094488
v 0.004865 -0.482777 -0.140502
v 0.004865 -0.482777 -0.140502
v 0.004873 0.243020 0.109673
v 0.004873 0.243020 0.109673
v 0.004891 -0.273105 0.068947
v 0.004897 0.060961 -0.088805
v 0.004897 0.060961 -0.088805
v 0.004897 0.060961 -0.088805
v 0.004897 0.060961 -0.088805
v 0.004915 0.203837 0.168540
v 0.004968 0.342872 0.085932
v 0.004968 0.342872 0.085932
v 0.005039 0.054675 0.089766
v 0.005193 -0.480590 0.139509
v 0.005193 -0.480590 0.139509
v 0.005193 -0.480590 0.139509
v 0.005258 0.150193 0.248691
v 0.005258 0.150193 0.248691
v 0.005335 -0.495108 -0.144629
v 0.005479 0.271889 -0.157348
v 0.005479 0.271889 -0.157348
v 0.005497 0.181343 -0.222192
v 0.005623 -0.013504 -0.103373
v 0.005623 -0.013504 -0.103373
v 0.005672 0.246277 -0.148079
v 0.005681 0.057593 -0.090068
v 0.005681 0.057593 -0.090068
v 0.005681 0.057593 -0.090068
v 0.005681 0.057593 -0.090068
v 0.005749 0.011512 -0.097581
v 0.005749 0.011512 -0.097581
v 0.005837 0.271849 0.158004
v 0.005837 0.271849 0.158004
v 0.005874 0.157778 0.180103
v 0.005930 0.226879 0.126946
v 0.005945 0.493495 -0.005343
v 0.005952 -0.212070 0.106388
v 0.005991 0.364814 -0.084933
v 0.006007 -0.251344 0.051199
v 0.006007 -0.251344 0.051199
v 0.006038 0.493513 0.008710
v 0.006038 0.493513 0.008710
v 0.006038 0.493513 0.008710
v 0.006280 0.209238 0.154492
v 0.006296 0.170958 -0.185005
v 0.006332 0.178756 0.195845
v 0.006347 0.175430 -0.214363
v 0.006461 0.199250 -0.156946
v 0.006810 -0.476863 -0.084478
v 0.006810 -0.476863 -0.084478
v 0.006868 0.235928 -0.166657
v 0.006916 0.223344 -0.156103
v 0.006966 -0.024977 0.001981
v 0.006969 0.177984 0.179345
v 0.007023 0.235098 0.165136
v 0.007231 0.183463 -0.185384
v 0.007231 0.183463 -0.185384
v 0.007366 -0.156308 -0.019340
v 0.007366 -0.156308 -0.019340
v 0.007429 0.304702 0.121697
v 0.007474 0.248956 -0.113027
v 0.007474 0.248956 -0.113027
v 0.007506 0.048881 -0.101817
v 0.007529 0.271957 -0.133227
v 0.007529 0.271957 -0.133227
v 0.007529 0.271957 -0.133227
v 0.007529 0.271957 -0.133227
v 0.007606 0.055727 -0.259237
v 0.007606 0.055727 -0.259237
v 0.007616 0.021161 0.096648
v 0.007616 0.021161 0.096648
v 0.007616 0.021161 0.096648
v 0.007647 0.179693 0.221099
v 0.007647 0.179693 0.221099
v 0.007656 0.234432 -0.138689
v 0.007656 0.234432 -0.138689
v 0.007661 -0.200548 0.034429
v 0.007663 -0.462447 -0.139120
v 0.007663 -0.462447 -0.139120
v 0.007663 -0.462447 -0.139120
v 0.007663 -0.462447 -0.139120
v 0.007703 -0.437337 -0.109557
v 0.007703 -0.437337 -0.109557
v 0.007703 -0.437337 -0.109557
v 0.007703 -0.437337 -0.109557
v 0.007703 -0.437337 -0.109557
v 0.007703 -0.437337 -0.109557
v 0.007721 -0.190162 0.106501
v 0.007806 -0.020088 0.102634
v 0.007806 -0.020088 0.102634
v 0.007850 0.364361 0.083035
v 0.007997 -0.192225 -0.106560
v 0.008021 0.092810 -0.275284
v 0.008031 0.238587 -0.126890
v 0.008031 0.238587 -0.126890
v 0.008031 0.238587 -0.126890
v 0.008041 -0.438792 0.111542
v 0.008090 -0.257550 -0.103040
v 0.008224 -0.235020 0.099120
v 0.008245 -0.184634 -0.102603
v 0.008299 0.346054 -0.061622
v 0.008299 0.234227 0.139250
v 0.008358 0.271643 0.127704
v 0.008358 0.271643 0.127704
v 0.008386 0.059984 0.088136
v 0.008386 0.059984 0.088136
v 0.008700 0.049516 0.264634
v 0.008700 0.049516 0.264634
v 0.008769 -0.175672 -0.035863
v 0.008853 -0.249797 0.093680
v 0.008854 -0.266807 0.106440
v 0.008854 -0.266807 0.106440
v 0.008854 -0.266807 0.106440
v 0.008941 -0.464721 -0.082845
v 0.008941 -0.464721 -0.082845
v 0.008963 0.170337 0.213213
v 0.008988 0.126931 -0.265431
v 0.009032 0.463061 -0.048771
v 0.009064 0.149822 -0.189034
v 0.009068 0.260932 0.134924
v 0.009068 0.260932 0.134924
v 0.009346 -0.425821 -0.111886
v 0.009346 -0.425821 -0.111886
v 0.009477 0.059007 0.090335
v 0.009495 -0.209564 -0.046720
v 0.009603 0.451282 0.038717
v 0.009624 -0.252815 -0.060343
v 0.009624 -0.252815 -0.060343
v 0.009624 -0.252815 -0.060343
v 0.009634 0.118166 0.198998
v 0.009729 -0.226081 -0.053362
v 0.009865 0.256334 0.106794
v 0.009865 0.256334 0.106794
v 0.009901 0.255959 -0.107485
v 0.009928 -0.271510 -0.093673
v 0.009996 0.322276 0.113156
v 0.010001 0.084314 -0.271752
v 0.010001 0.084314 -0.271752
v 0.010017 0.345078 0.073386
v 0.010029 -0.482035 0.083560
v 0.010029 -0.482035 0.083560
v 0.010029 -0.482035 0.083560
v 0.010186 0.341877 -0.050482
v 0.010186 0.341877 -0.050482
v 0.010292 0.356405 -0.048523
v 0.010292 0.356405 -0.048523
v 0.010292 0.356405 -0.048523
v 0.010346 -0.420806 -0.114932
v 0.010466 0.380758 0.025824
v 0.010511 0.343587 -0.075996
v 0.010511 0.343587 -0.075996
v 0.010545 -0.491354 -0.085492
v 0.010599 0.243902 0.119214
v 0.010599 0.243902 0.119214
v 0.010599 0.243902 0.119214
v 0.010700 -0.446493 -0.124687
v 0.010707 -0.228356 -0.104684
v 0.010725 0.378437 -0.026118
v 0.010739 0.297393 -0.121586
v 0.010739 0.297393 -0.121586
v 0.010997 0.246035 -0.121379
v 0.010997 0.246035 -0.121379
v 0.011156 0.266111 -0.121144
v 0.011168 -0.418532 -0.110920
v 0.011168 -0.418532 -0.110920
v 0.011168 -0.418532 -0.110920
v 0.011168 -0.418532 -0.110920
v 0.011189 0.047705 -0.091714
v 0.011189 0.047705 -0.091714
v 0.011225 -0.088439 0.009350
v 0.011356 0.170031 0.194516
v 0.011453 0.383181 -0.028930
v 0.011487 0.172133 -0.197843
v 0.011663 -0.146917 0.110871
v 0.011663 -0.146917 0.110871
v 0.011783 0.048494 0.286764
v 0.011783 0.048494 0.286764
v 0.011954 0.446291 -0.054615
v 0.011954 0.446291 -0.054615
v 0.011967 0.273735 0.122811
v 0.011982 0.037098 0.281104
v 0.011982 0.037098 0.281104
v 0.012021 0.401815 0.032179
v 0.012021 0.401815 0.032179
v 0.012021 0.401815 0.032179
v 0.012124 0.047595 0.090650
v 0.012124 0.047595 0.090650
v 0.012235 0.269452 -0.119463
v 0.012244 0.164055 -0.203706
v 0.012449 -0.446475 0.128261
v 0.012509 -0.030448 -0.117814
v 0.012512 0.109758 -0.204730
v 0.012522 -0.236601 0.055840
v 0.012550 0.120340 -0.261616
v 0.012550 0.269452 -0.118611
v 0.012605 0.094100 0.275391
v 0.012672 0.075445 -0.099336
v 0.012709 0.096085 -0.213681
v 0.012718 0.281161 -0.122632
v 0.012718 0.281161 -0.122632
v 0.012736 0.448927 -0.048647
v 0.012736 0.448927 -0.048647
v 0.012748 -0.208279 0.043820
v 0.012783 0.270304 -0.118611
v 0.012787 0.407036 -0.052920
v 0.012821 0.135639 0.193590
v 0.012821 0.135639 0.193590
v 0.012868 0.330514 -0.115665
v 0.012868 0.330514 -0.115665
v 0.012910 0.095781 -0.222038
v 0.012922 0.059623 -0.090121
v 0.012961 0.448639 0.051007
v 0.012964 -0.175973 0.101351
v 0.013159 0.116214 0.101208
v 0.013242 0.329360 0.114524
v 0.013402 0.121182 -0.261750
v 0.013415 0.012715 0.275947
v 0.013549 -0.441051 0.094186
v 0.013605 -0.242604 -0.099000
v 0.013605 -0.242604 -0.099000
v 0.013613 0.117375 0.262299
v 0.013641 -0.126952 0.017847
v 0.013641 -0.126952 0.017847
v 0.013648 -0.240683 0.101039
v 0.013648 -0.438850 0.110332
v 0.013656 0.033517 -0.276505
v 0.013656 0.033517 -0.276505
v 0.013749 -0.215020 -0.044841
v 0.013860 0.086575 -0.109572
v 0.013881 -0.241761 -0.059861
v 0.013916 0.061908 0.088270
v 0.013916 0.061908 0.088270
v 0.013916 0.061908 0.088270
v 0.013924 0.335913 0.052914
v 0.013958 0.363428 -0.044707
v 0.013958 0.363428 -0.044707
v 0.014019 -0.133091 -0.019651
v 0.014030 0.018579 -0.282359
v 0.014038 0.095031 0.221561
v 0.014078 0.355479 0.018446
v 0.014078 0.355479 0.018446
v 0.014146 -0.496914 0.147930
v 0.014146 -0.496914 0.147930
v 0.014155 -0.437669 -0.112810
v 0.014155 -0.437669 -0.112810
v 0.014155 -0.437669 -0.112810
v 0.014170 -0.493312 0.084802
v 0.014254 0.121878 -0.261759
v 0.014329 -0.441376 -0.096156
v 0.014329 -0.441376 -0.096156
v 0.014329 -0.441376 -0.096156
v 0.014379 -0.247115 0.067376
v 0.014379 -0.247115 0.067376
v 0.014449 -0.050145 -0.123004
v 0.014477 0.270244 -0.109523
v 0.014564 -0.175636 0.033257
v 0.014695 -0.248604 -0.074230
v 0.014695 -0.248604 -0.074230
v 0.014695 -0.248604 -0.074230
v 0.014719 0.366673 -0.078718
v 0.014757 0.462158 0.038352
v 0.014757 0.462158 0.038352
v 0.014757 0.462158 0.038352
v 0.014777 0.493579 0.003914
v 0.014784 0.411602 -0.059368
v 0.014784 0.411602 -0.059368
v 0.014884 0.463625 -0.045527
v 0.014884 0.463625 -0.045527
v 0.015152 0.275947 0.112074
v 0.015155 0.345129 -0.050267
v 0.015155 0.345129 -0.050267
v 0.015212 0.087252 0.270598
v 0.015212 0.087252 0.270598
v 0.015212 0.087252 0.270598
v 0.015307 0.484066 -0.038286
v 0.015308 0.046446 -0.101060
v 0.015308 0.046446 -0.101060
v 0.015319 0.258703 -0.104748
v 0.015341 0.315072 -0.112305
v 0.015341 0.315072 -0.112305
v 0.015343 0.489860 0.030839
v 0.015343 0.489860 0.030839
v 0.015343 0.489860 0.030839
v 0.015439 0.466487 0.050239
v 0.015439 0.466487 0.050239
v 0.015494 0.194884 0.096536
v 0.015494 0.194884 0.096536
v 0.015530 -0.249319 0.079116
v 0.015602 0.493801 -0.003335
v 0.015602 0.493801 -0.003335
v 0.015602 0.493801 -0.003335
v 0.015609 -0.452278 -0.086585
v 0.015609 -0.452278 -0.086585
v 0.015609 -0.452278 -0.086585
v 0.015654 0.158343 0.225771
v 0.015654 0.158343 0.225771
v 0.015767 -0.040162 -0.123319
v 0.015792 0.365876 -0.073276
v 0.015874 -0.443873 0.109490
v 0.015879 0.035757 0.272803
v 0.015942 0.467143 -0.051145
v 0.015942 0.467143 -0.051145
v 0.015977 0.046541 0.100103
v 0.015977 0.046541 0.100103
v 0.015989 0.003101 -0.272429
v 0.015989 0.003101 -0.272429
v 0.016002 -0.453889 0.085053
v 0.016229 0.484183 0.030036
v 0.016229 0.484183 0.030036
v 0.016229 0.484183 0.030036
v 0.016260 0.463926 0.045435
v 0.016260 0.463926 0.045435
v 0.016371 0.497832 -0.017179
v 0.016371 0.497832 -0.017179
v 0.016371 0.497832 -0.017179
v 0.016413 0.128884 0.100981
v 0.016469 0.492536 0.012696
v 0.016469 0.492536 0.012696
v 0.016480 0.483061 -0.033055
v 0.016480 0.483061 -0.033055
v 0.016480 0.483061 -0.033055
v 0.016502 -0.441545 -0.110454
v 0.016502 -0.441545 -0.110454
v 0.016635 0.301301 -0.117057
v 0.016635 0.301301 -0.117057
v 0.016665 -0.106752 0.013525
v 0.016736 0.499906 0.006520
v 0.016795 -0.172746 -0.103362
v 0.017051 0.341712 0.046096
v 0.017061 0.009140 0.266706
v 0.017061 0.009140 0.266706
v 0.017158 -0.447500 -0.130773
v 0.017408 -0.069205 0.006131
v 0.017439 0.328263 -0.098350
v 0.017711 0.119583 -0.259458
v 0.017804 0.409589 0.052948
v 0.017804 0.409589 0.052948
v 0.017828 0.258675 0.102687
v 0.017903 0.363314 -0.030712
v 0.017998 0.149761 -0.094286
v 0.017998 0.149761 -0.094286
v 0.018109 -0.042296 -0.117703
v 0.018224 0.301851 0.113470
v 0.018276 -0.440691 -0.117344
v 0.018328 0.087944 0.108179
v 0.018337 0.421970 -0.061227
v 0.018337 0.421970 -0.061227
v 0.018369 -0.199796 -0.042266
v 0.018432 0.126692 -0.100861
v 0.018432 0.126692 -0.100861
v 0.018562 0.340706 -0.010526
v 0.018562 0.340706 -0.010526
v 0.018716 -0.054004 -0.004456
v 0.018716 -0.054004 -0.004456
v 0.018799 0.335290 0.038592
v 0.018799 0.335290 0.038592
v 0.018821 0.345108 -0.059461
v 0.018989 0.310597 0.106389
v 0.019064 0.149753 -0.230539
v 0.019064 0.149753 -0.230539
v 0.019095 0.435165 -0.060746
v 0.019216 -0.452374 0.122911
v 0.019228 0.361645 0.028926
v 0.019241 0.073927 0.235004
v 0.019241 0.073927 0.235004
v 0.019264 0.336798 0.004883
v 0.019264 0.336798 0.004883
v 0.019398 0.042296 -0.288376
v 0.019593 0.102253 -0.108417
v 0.019593 0.102253 -0.108417
v 0.019615 0.351026 0.006957
v 0.019805 0.105445 0.107532
v 0.019833 -0.100295 -0.018305
v 0.019962 0.022200 0.284531
v 0.020000 -0.218661 -0.105347
v 0.020033 0.154946 -0.236436
v 0.020033 0.154946 -0.236436
v 0.020115 0.358075 0.034895
v 0.020116 0.354008 -0.008897
v 0.020116 0.354008 -0.008897
v 0.020227 0.050476 -0.087961
v 0.020412 -0.164929 -0.095987
v 0.020445 0.060736 0.250672
v 0.020445 0.060736 0.250672
v 0.020464 0.386317 0.030976
v 0.020464 0.386317 0.030976
v 0.020464 0.386317 0.030976
v 0.020513 -0.221477 0.104356
v 0.020647 -0.451700 -0.124569
v 0.020653 -0.164636 0.095642
v 0.020841 0.129947 0.260669
v 0.020912 0.274989 0.107671
v 0.020996 0.100930 0.211007
v 0.021211 -0.445969 0.117657
v 0.021256 0.288984 -0.112476
v 0.021256 0.288984 -0.112476
v 0.021256 0.288984 -0.112476
v 0.021273 0.157362 0.094295
v 0.021373 -0.186380 0.041166
v 0.021457 -0.133577 -0.022328
v 0.021457 -0.133577 -0.022328
v 0.021606 0.044792 0.090771
v 0.021606 0.044792 0.090771
v 0.021606 0.044792 0.090771
v 0.021731 0.445943 -0.037179
v 0.021731 0.445943 -0.037179
v 0.021807 -0.132724 -0.022286
v 0.021807 -0.132724 -0.022286
v 0.021923 -0.131872 -0.022160
v 0.021923 -0.131872 -0.022160
v 0.021923 -0.131872 -0.022160
v 0.021923 -0.131872 -0.022160
v 0.021923 -0.132724 -0.022328
v 0.021923 -0.132724 -0.022328
v 0.021923 -0.132724 -0.022328
v 0.021923 -0.132724 -0.022328
v 0.021939 0.323586 0.101139
v 0.021965 -0.100791 0.125670
v 0.022104 0.326983 -0.050791
v 0.022104 0.326983 -0.050791
v 0.022278 0.013210 -0.268247
v 0.022278 0.013210 -0.268247
v 0.022359 -0.178941 -0.046712
v 0.022379 0.144237 0.202821
v 0.022379 0.144237 0.202821
v 0.022382 0.006250 0.273692
v 0.022403 -0.498469 -0.085033
v 0.022404 0.075711 0.240366
v 0.022548 0.085939 -0.275310
v 0.022761 0.153318 -0.213171
v 0.022761 0.153318 -0.213171
v 0.022767 0.053570 -0.293993
v 0.022810 0.123211 -0.105232
v 0.022810 0.123211 -0.105232
v 0.022810 0.123211 -0.105232
v 0.022823 0.430155 0.059277
v 0.022991 0.073386 0.097161
v 0.022991 0.073386 0.097161
v 0.022991 0.073386 0.097161
v 0.023104 -0.157799 0.031893
v 0.023113 0.101030 -0.213246
v 0.023125 0.052869 0.293993
v 0.023125 0.052869 0.293993
v 0.023125 0.052869 0.293993
v 0.023283 0.152744 0.212131
v 0.023283 0.152744 0.212131
v 0.023283 0.152744 0.212131
v 0.023392 0.088307 -0.107674
v 0.023392 0.088307 -0.107674
v 0.023406 -0.459891 0.139582
v 0.023572 0.191892 -0.092978
v 0.023583 -0.023788 -0.000465
v 0.023691 0.332347 -0.064931
v 0.023691 0.332347 -0.064931
v 0.023771 0.140590 -0.204680
v 0.023771 0.140590 -0.204680
v 0.023771 0.140590 -0.204680
v 0.023931 0.407143 -0.033898
v 0.023931 0.407143 -0.033898
v 0.023931 0.407143 -0.033898
v 0.023994 0.217204 -0.098332
v 0.024136 0.345586 -0.032318
v 0.024136 0.345586 -0.032318
v 0.024152 0.431185 -0.054971
v 0.024156 0.332592 0.063716
v 0.024156 0.332592 0.063716
v 0.024156 0.332592 0.063716
v 0.024196 0.273394 -0.104323
v 0.024270 0.039019 -0.285360
v 0.024293 0.325738 -0.081750
v 0.024310 0.038668 0.280234
v 0.024310 0.038668 0.280234
v 0.024310 0.038668 0.280234
v 0.024315 0.297533 -0.106251
v 0.024315 0.297533 -0.106251
v 0.024414 0.416055 -0.054663
v 0.024414 0.416055 -0.054663
v 0.024414 0.416055 -0.054663
v 0.024904 0.325383 0.080590
v 0.024904 0.325383 0.080590
v 0.025020 0.125861 0.209502
v 0.025113 0.390363 -0.032133
v 0.025117 -0.446076 0.099216
v 0.025130 0.377774 0.022299
v 0.025166 -0.446468 -0.099762
v 0.025178 0.366959 0.080094
v 0.025306 -0.449720 0.109763
v 0.025343 -0.144199 -0.024051
v 0.025351 0.239378 -0.101174
v 0.025351 0.239378 -0.101174
v 0.025461 0.324765 0.058789
v 0.025461 0.324765 0.058789
v 0.025596 -0.028343 0.120387
v 0.025730 0.031721 -0.279723
v 0.025730 0.031721 -0.279723
v 0.025763 0.237919 0.099868
v 0.025763 0.237919 0.099868
v 0.025763 0.237919 0.099868
v 0.025775 0.368654 0.006804
v 0.025902 -0.468093 -0.147816
v 0.026063 0.132622 -0.257231
v 0.026063 0.132622 -0.257231
v 0.026192 0.076212 -0.236847
v 0.026196 0.060720 -0.247310
v 0.026233 0.280951 0.102671
v 0.026237 0.314824 -0.110500
v 0.026253 -0.080050 0.120817
v 0.026315 -0.164113 0.097561
v 0.026336 -0.152325 -0.097684
v 0.026336 -0.152325 -0.097684
v 0.026412 0.312939 -0.091870
v 0.026416 -0.233153 -0.057148
v 0.026532 0.022095 0.092367
v 0.026532 0.022095 0.092367
v 0.026559 -0.452401 0.131375
v 0.026678 0.353969 -0.019182
v 0.026678 0.353969 -0.019182
v 0.026754 0.315085 0.108415
v 0.026943 0.044191 -0.090352
v 0.026947 0.086904 0.274456
v 0.027003 -0.448443 -0.113717
v 0.027046 0.355932 -0.058254
v 0.027046 0.355932 -0.058254
v 0.027059 0.156405 -0.096584
v 0.027059 0.156405 -0.096584
v 0.027101 0.438690 0.031876
v 0.027101 0.438690 0.031876
v 0.027154 -0.149990 0.097568
v 0.027159 0.000229 -0.279640
v 0.027159 0.000229 -0.279640
v 0.027190 0.411196 -0.046755
v 0.027190 0.411196 -0.046755
v 0.027242 0.153659 0.097037
v 0.027369 0.335625 -0.002785
v 0.027429 -0.148953 -0.106567
v 0.027429 -0.148953 -0.106567
v 0.027451 0.359965 0.069214
v 0.027464 0.043481 0.287678
v 0.027512 0.107541 0.223950
v 0.027658 -0.243311 -0.095419
v 0.027874 0.367598 -0.004455
v 0.027874 0.367598 -0.004455
v 0.027993 0.467070 -0.035459
v 0.028159 -0.122464 -0.105787
v 0.028159 -0.122464 -0.105787
v 0.028453 0.140121 0.246058
v 0.028595 0.346707 0.027405
v 0.028615 -0.026425 0.102464
v 0.028627 0.001756 0.272301
v 0.028692 0.349519 -0.021468
v 0.028733 0.000878 0.281995
v 0.028733 0.000878 0.281995
v 0.028822 0.251903 -0.103631
v 0.028932 -0.498503 -0.153229
v 0.028933 0.317125 -0.097913
v 0.028937 0.435578 0.048971
v 0.028937 0.435578 0.048971
v 0.028944 0.066784 -0.081643
v 0.028944 0.066784 -0.081643
v 0.028944 0.066784 -0.081643
v 0.029015 -0.020938 0.107222
v 0.029102 0.095454 -0.228922
v 0.029343 0.020462 -0.092725
v 0.029343 0.020462 -0.092725
v 0.029352 -0.453739 -0.133459
v 0.029352 -0.453739 -0.133459
v 0.029429 0.108872 -0.225437
v 0.029429 0.108872 -0.225437
v 0.029445 0.411869 0.042824
v 0.029461 0.322581 -0.042647
v 0.029461 0.322581 -0.042647
v 0.029547 -0.243785 0.063322
v 0.029752 -0.033430 -0.115272
v 0.029905 0.038768 0.273222
v 0.029940 0.318147 -0.068922
v 0.029940 0.318147 -0.068922
v 0.029940 0.318147 -0.068922
v 0.029965 -0.015446 -0.097378
v 0.029965 -0.015446 -0.097378
v 0.030002 0.350720 -0.065158
v 0.030002 0.350720 -0.065158
v 0.030080 0.318457 0.068430
v 0.030080 0.318457 0.068430
v 0.030099 0.254307 -0.100429
v 0.030100 0.063303 -0.084878
v 0.030296 -0.116840 -0.119871
v 0.030376 -0.202335 0.046724
v 0.030447 -0.124286 0.114019
v 0.030447 -0.124286 0.114019
v 0.030485 0.185879 -0.093024
v 0.030531 0.033061 -0.087738
v 0.030588 0.354056 0.076028
v 0.030764 0.117760 -0.244670
v 0.030842 0.321513 -0.058155
v 0.030915 0.250735 0.101884
v 0.030922 0.330433 0.046875
v 0.030922 0.330433 0.046875
v 0.030966 0.129146 -0.245771
v 0.031021 -0.237927 0.099098
v 0.031025 -0.021220 0.097018
v 0.031025 -0.021220 0.097018
v 0.031025 -0.021220 0.097018
v 0.031037 0.127916 0.246017
v 0.031085 0.348679 -0.018705
v 0.031137 0.434412 -0.046032
v 0.031137 0.434412 -0.046032
v 0.031399 0.306608 0.088579
v 0.031399 0.306608 0.088579
v 0.031498 -0.079269 -0.120571
v 0.031538 0.334935 -0.020425
v 0.031538 0.334935 -0.020425
v 0.031562 0.427853 -0.033523
v 0.031562 0.427853 -0.033523
v 0.031562 0.427853 -0.033523
v 0.031562 0.427853 -0.033523
v 0.031808 0.419598 0.033525
v 0.031808 0.419598 0.033525
v 0.031868 -0.157870 -0.044051
v 0.031992 0.322279 -0.071851
v 0.032054 0.118034 0.241294
v 0.032054 0.118034 0.241294
v 0.032081 0.344965 -0.024850
v 0.032121 -0.044858 0.003114
v 0.032129 -0.088093 -0.022580
v 0.032138 0.058145 -0.095579
v 0.032147 0.322778 0.071663
v 0.032214 0.069733 0.084427
v 0.032307 -0.244934 -0.067688
v 0.032307 -0.244934 -0.067688
v 0.032526 0.345767 0.010231
v 0.032526 0.345767 0.010231
v 0.032762 0.324319 -0.019415
v 0.032762 0.324319 -0.019415
v 0.032762 0.324319 -0.019415
v 0.032762 0.324319 -0.019415
v 0.032778 0.304890 0.099292
v 0.032778 0.304890 0.099292
v 0.032798 -0.499075 0.152677
v 0.032798 -0.499075 0.152677
v 0.032814 0.377524 -0.023215
v 0.032826 -0.452133 -0.120879
v 0.032844 0.364950 0.074186
v 0.032856 -0.468884 0.148975
v 0.032856 -0.468884 0.148975
v 0.032931 -0.149562 0.101069
v 0.032940 -0.050354 -0.006805
v 0.032940 -0.050354 -0.006805
v 0.033012 -0.451908 0.115431
v 0.033227 0.325420 0.058025
v 0.033227 0.325420 0.058025
v 0.033413 -0.171042 -0.046600
v 0.033423 -0.246734 0.073116
v 0.033426 -0.068819 -0.015118
v 0.033511 0.027994 -0.290493
v 0.033517 -0.106876 0.019661
v 0.033723 -0.118792 -0.113392
v 0.033732 0.344884 0.022511
v 0.033732 0.344884 0.022511
v 0.033812 -0.164415 -0.051865
v 0.033852 -0.114831 -0.118503
v 0.033854 -0.214524 -0.055556
v 0.033858 -0.113979 -0.118604
v 0.033902 0.191051 0.089901
v 0.033945 0.116022 -0.230259
v 0.033945 -0.113127 -0.118611
v 0.034079 0.005175 -0.270401
v 0.034129 -0.126859 0.027545
v 0.034129 -0.126859 0.027545
v 0.034175 0.328000 -0.055084
v 0.034332 -0.171923 -0.098707
v 0.034514 -0.165574 0.050605
v 0.034545 0.316923 0.039735
v 0.034545 0.316923 0.039735
v 0.034664 0.042807 0.267246
v 0.034704 -0.068751 -0.016363
v 0.034761 -0.087345 0.015807
v 0.034912 -0.194494 -0.048002
v 0.034935 0.102454 0.267068
v 0.035155 0.473352 0.029839
v 0.035270 0.023704 -0.276650
v 0.035270 0.023704 -0.276650
v 0.035287 0.073204 -0.094696
v 0.035287 0.073204 -0.094696
v 0.035321 0.065769 0.075043
v 0.035321 0.065769 0.075043
v 0.035390 0.115220 -0.219909
v 0.035390 0.115220 -0.219909
v 0.035391 0.485379 0.022800
v 0.035493 -0.084067 0.120107
v 0.035564 0.329630 0.022025
v 0.035564 0.329630 0.022025
v 0.035661 0.096842 -0.100693
v 0.035671 0.115657 0.220199
v 0.035856 -0.157700 -0.090665
v 0.035856 -0.157700 -0.090665
v 0.035896 0.365903 -0.004050
v 0.035896 0.365903 -0.004050
v 0.035990 0.321929 0.065177
v 0.036009 0.102850 -0.267669
v 0.036175 -0.487771 -0.153037
v 0.036282 -0.042164 -0.116917
v 0.036362 0.111559 -0.102618
v 0.036382 0.108584 0.102684
v 0.036461 -0.124656 -0.026953
v 0.036461 -0.124656 -0.026953
v 0.036501 -0.460343 -0.090423
v 0.036501 -0.460343 -0.090423
v 0.036683 0.082547 -0.235233
v 0.036683 0.082547 -0.235233
v 0.036786 0.321618 0.007530
v 0.036786 0.321618 0.007530
v 0.036786 0.321618 0.007530
v 0.036786 0.321618 0.007530
v 0.036786 0.321618 0.007530
v 0.036918 0.000532 -0.278937
v 0.036918 0.000532 -0.278937
v 0.036936 -0.156689 0.028748
v 0.037002 0.130658 -0.099902
v 0.037002 0.130658 -0.099902
v 0.037015 0.040025 -0.272322
v 0.037015 0.040025 -0.272322
v 0.037015 0.040025 -0.272322
v 0.037038 -0.022315 -0.104481
v 0.037038 0.123697 0.229845
v 0.037038 0.123697 0.229845
v 0.037139 0.098668 0.098885
v 0.037207 0.287820 -0.093434
v 0.037207 0.287820 -0.093434
v 0.037207 0.287820 -0.093434
v 0.037332 -0.154048 0.085072
v 0.037345 -0.069794 0.012394
v 0.037479 0.123547 -0.229949
v 0.037503 -0.020799 -0.000772
v 0.037509 0.100943 0.234064
v 0.037509 0.100943 0.234064
v 0.037595 0.248745 0.095374
v 0.037629 -0.171306 0.097585
v 0.037755 0.046671 -0.287550
v 0.037782 0.038512 0.276023
v 0.037782 0.038512 0.276023
v 0.037782 0.038512 0.276023
v 0.037782 0.038512 0.276023
v 0.037796 0.326721 -0.004332
v 0.037801 0.205939 0.089202
v 0.037801 0.205939 0.089202
v 0.037864 -0.452883 -0.102988
v 0.037883 -0.464081 0.087733
v 0.037883 -0.464081 0.087733
v 0.038112 0.062340 -0.233893
v 0.038233 0.008004 0.274495
v 0.038233 0.008004 0.274495
v 0.038302 0.462013 -0.025930
v 0.038373 -0.453733 0.101137
v 0.038431 0.041956 0.283645
v 0.038431 0.041956 0.283645
v 0.038561 0.404240 -0.058469
v 0.038561 0.404240 -0.058469
v 0.038561 0.404240 -0.058469
v 0.038611 -0.485910 0.151882
v 0.038611 -0.485910 0.151882
v 0.038630 0.329936 0.014796
v 0.038630 0.329936 0.014796
v 0.038630 0.329936 0.014796
v 0.038668 0.093811 0.258888
v 0.038668 0.093811 0.258888
v 0.038972 0.329095 -0.022353
v 0.039371 -0.056373 -0.014776
v 0.039383 0.027349 -0.284427
v 0.039383 0.027349 -0.284427
v 0.039408 -0.226099 -0.097368
v 0.039408 -0.226099 -0.097368
v 0.039534 -0.125956 0.098562
v 0.039534 -0.125956 0.098562
v 0.039551 0.266853 -0.095406
v 0.039616 -0.113305 -0.115682
v 0.039654 0.414137 0.030721
v 0.039654 0.414137 0.030721
v 0.039814 -0.102050 -0.030001
v 0.039815 0.386237 -0.023051
v 0.039989 -0.105676 -0.111907
v 0.040012 0.045352 -0.093759
v 0.040063 0.081365 -0.097912
v 0.040063 0.081365 -0.097912
v 0.040103 0.297321 0.092195
v 0.040209 0.061349 0.232333
v 0.040259 -0.157319 -0.034549
v 0.040259 -0.157319 -0.034549
v 0.040259 0.165151 -0.090697
v 0.040259 0.165151 -0.090697
v 0.040414 0.084554 0.235082
v 0.040414 0.084554 0.235082
v 0.040414 0.084554 0.235082
v 0.040467 -0.223516 0.096488
v 0.040764 0.092843 -0.257633
v 0.040838 0.473339 -0.032225
v 0.040909 0.045426 0.092747
v 0.040909 0.045426 0.092747
v 0.040909 0.045426 0.092747
v 0.040925 0.314787 -0.073547
v 0.041058 -0.453567 -0.125205
v 0.041110 -0.499272 0.082999
v 0.041184 0.286311 -0.095313
v 0.041352 0.294571 0.082655
v 0.041371 -0.500000 -0.129348
v 0.041430 -0.169908 0.049021
v 0.041446 0.489917 -0.014120
v 0.041515 0.312599 0.017571
v 0.041515 0.312599 0.017571
v 0.041515 0.312599 0.017571
v 0.041568 0.081477 0.097171
v 0.041568 0.081477 0.097171
v 0.041577 0.296756 -0.080304
v 0.041577 0.296756 -0.080304
v 0.041666 0.365904 -0.013116
v 0.041774 0.137631 -0.091295
v 0.041774 0.137631 -0.091295
v 0.041819 0.311384 -0.018269
v 0.041819 0.311384 -0.018269
v 0.041819 0.311384 -0.018269
v 0.041819 0.311384 -0.018269
v 0.041819 0.311384 -0.018269
v 0.041819 0.311384 -0.018269
v 0.041888 0.463041 0.023160
v 0.041953 0.491430 0.003981
v 0.041977 0.066591 -0.071014
v 0.041977 0.066591 -0.071014
v 0.042038 0.042078 -0.083947
v 0.042053 0.288501 0.104311
v 0.042078 0.367688 0.014205
v 0.042078 0.367688 0.014205
v 0.042135 -0.230695 -0.071166
v 0.042135 -0.230695 -0.071166
v 0.042221 0.013302 0.086073
v 0.042221 0.013302 0.086073
v 0.042351 0.414516 -0.029142
v 0.042390 0.021463 -0.277830
v 0.042533 -0.120700 0.118845
v 0.042533 -0.120700 0.118845
v 0.042558 0.068597 0.079312
v 0.042558 0.068597 0.079312
v 0.042558 0.068597 0.079312
v 0.042720 0.306550 -0.035925
v 0.042720 0.306550 -0.035925
v 0.042720 0.306550 -0.035925
v 0.042763 -0.084336 0.091523
v 0.042785 0.002569 0.275586
v 0.042785 0.002569 0.275586
v 0.042870 0.326239 -0.020184
v 0.042947 0.090185 0.242200
v 0.042947 0.090185 0.242200
v 0.042947 0.090185 0.242200
v 0.043000 0.315117 0.049670
v 0.043047 -0.123352 -0.031700
v 0.043047 -0.123352 -0.031700
v 0.043063 0.310507 -0.017999
v 0.043063 0.310507 -0.017999
v 0.043073 0.305690 0.097192
v 0.043073 0.305690 0.097192
v 0.043115 -0.162288 -0.057559
v 0.043117 -0.022517 0.096769
v 0.043214 -0.122500 -0.031692
v 0.043225 -0.121648 -0.031568
v 0.043322 -0.119026 0.102972
v 0.043407 -0.037611 -0.004744
v 0.043407 -0.037611 -0.004744
v 0.043464 -0.135436 -0.035908
v 0.043464 -0.135436 -0.035908
v 0.043464 -0.135436 -0.035908
v 0.043518 -0.102997 0.119728
v 0.043518 -0.102997 0.119728
v 0.043559 0.029500 -0.082609
v 0.043652 -0.020762 0.109323
v 0.043783 0.096482 0.250334
v 0.043791 0.089453 0.265694
v 0.043872 0.320142 -0.014707
v 0.043872 0.320142 -0.014707
v 0.043872 0.320142 -0.014707
v 0.043872 0.320142 -0.014707
v 0.043908 0.086883 -0.074316
v 0.043959 0.090707 -0.246432
v 0.043974 0.379906 -0.019188
v 0.043999 -0.190167 -0.096600
v 0.044004 0.097334 0.250494
v 0.044050 0.042384 0.081711
v 0.044077 0.097334 0.250334
v 0.044077 0.097334 0.250334
v 0.044077 0.098186 0.250975
v 0.044077 -0.079896 0.019798
v 0.044077 -0.078618 0.019241
v 0.044120 -0.026832 0.106750
v 0.044135 0.089712 -0.266263
v 0.044193 0.313545 -0.020634
v 0.044193 0.313545 -0.020634
v 0.044193 0.313545 -0.020634
v 0.044193 0.313545 -0.020634
v 0.044250 -0.159008 0.045085
v 0.044262 0.169158 0.084226
v 0.044290 -0.157291 0.065320
v 0.044322 0.221784 -0.088926
v 0.044322 0.221784 -0.088926
v 0.044451 -0.052237 -0.110594
v 0.044503 -0.018692 -0.096874
v 0.044545 0.153106 0.082403
v 0.044545 0.153106 0.082403
v 0.044720 -0.453465 0.114148
v 0.044793 0.298845 0.094230
v 0.044885 0.094522 -0.242653
v 0.044885 0.094522 -0.242653
v 0.044915 -0.055340 0.090201
v 0.044985 -0.156268 -0.074642
v 0.044987 -0.079904 -0.107610
v 0.045066 0.165003 -0.081120
v 0.045066 0.165003 -0.081120
v 0.045113 -0.117101 0.093862
v 0.045232 0.269744 -0.097034
v 0.045233 -0.022440 0.087847
v 0.045233 -0.022440 0.087847
v 0.045244 -0.037470 -0.104782
v 0.045246 -0.174249 -0.052776
v 0.045600 -0.005287 -0.284492
v 0.045600 -0.005287 -0.284492
v 0.045648 0.277027 0.087733
v 0.045767 0.095829 0.244046
v 0.045767 0.095829 0.244046
v 0.045767 0.095829 0.244046
v 0.045777 0.087241 0.073174
v 0.045777 0.087241 0.073174
v 0.045947 0.187172 -0.082728
v 0.046037 -0.067388 -0.032141
v 0.046062 0.050795 0.260724
v 0.046062 0.050795 0.260724
v 0.046062 0.050795 0.260724
v 0.046199 -0.119026 -0.033809
v 0.046244 -0.096929 0.095037
v 0.046265 0.285177 0.093117
v 0.046411 0.305318 -0.013951
v 0.046411 0.305318 -0.013951
v 0.046411 0.305318 -0.013951
v 0.046430 -0.124040 -0.090562
v 0.046430 -0.124040 -0.090562
v 0.046430 -0.124040 -0.090562
v 0.046526 0.239803 0.090770
v 0.046548 -0.037495 -0.109325
v 0.046559 0.221302 0.086676
v 0.046604 -0.152367 -0.089629
v 0.046604 -0.152367 -0.089629
v 0.046624 0.304949 0.018686
v 0.046624 0.304949 0.018686
v 0.046624 0.304949 0.018686
v 0.046635 -0.051352 0.091037
v 0.046701 -0.050074 0.090997
v 0.046769 -0.163689 0.081481
v 0.046826 0.360660 -0.000444
v 0.046826 0.360660 -0.000444
v 0.046870 0.422787 0.021926
v 0.047051 0.186275 0.080175
v 0.047051 0.186275 0.080175
v 0.047123 -0.086529 0.027278
v 0.047139 0.475327 0.022666
v 0.047206 0.068408 -0.075541
v 0.047206 0.068408 -0.075541
v 0.047237 -0.484991 -0.087609
v 0.047382 -0.104918 0.033453
v 0.047448 0.317496 -0.045351
v 0.047448 0.317496 -0.045351
v 0.047485 0.300965 0.030501
v 0.047485 0.300978 0.031353
v 0.047489 -0.085854 0.108917
v 0.047556 -0.020758 0.006403
v 0.047561 -0.043194 0.016966
v 0.047565 0.319679 0.016992
v 0.047565 0.319679 0.016992
v 0.047565 0.319679 0.016992
v 0.047611 0.004841 -0.274384
v 0.047818 -0.086876 0.115380
v 0.047818 -0.086876 0.115380
v 0.047842 0.402619 -0.054905
v 0.047842 0.402619 -0.054905
v 0.047842 0.402619 -0.054905
v 0.047844 0.239760 -0.089059
v 0.048003 0.051731 -0.260092
v 0.048003 0.051731 -0.260092
v 0.048003 0.051731 -0.260092
v 0.048003 0.051731 -0.260092
v 0.048162 0.425271 -0.021272
v 0.048162 0.425271 -0.021272
v 0.048221 -0.163806 -0.080379
v 0.048274 -0.108885 -0.106617
v 0.048337 0.300978 0.031852
v 0.048374 -0.057979 0.091908
v 0.048387 0.301698 -0.016032
v 0.048387 0.301698 -0.016032
v 0.048399 -0.068619 0.022309
v 0.048591 0.036888 0.076318
v 0.048678 -0.026381 0.090452
v 0.048771 -0.045111 0.093834
v 0.048796 0.025624 0.289705
v 0.048925 0.298959 0.031388
v 0.049138 0.164513 -0.060493
v 0.049141 -0.179912 -0.086342
v 0.049304 -0.052414 -0.033792
v 0.049842 -0.124888 0.045005
v 0.049842 -0.124888 0.045005
v 0.049969 -0.205892 -0.066677
v 0.049996 0.061620 -0.287428
v 0.050066 0.104164 -0.092258
v 0.050077 0.034958 -0.287633
v 0.050096 0.069996 0.087890
v 0.050204 -0.459629 0.144201
v 0.050204 -0.459629 0.144201
v 0.050206 0.308234 -0.060606
v 0.050206 0.308234 -0.060606
v 0.050340 -0.134965 0.082816
v 0.050340 -0.134965 0.082816
v 0.050340 -0.134965 0.082816
v 0.050492 0.308134 0.011375
v 0.050497 0.044223 -0.279833
v 0.050552 0.045126 0.281064
v 0.050552 0.045126 0.281064
v 0.050552 0.045126 0.281064
v 0.050553 0.425437 -0.007729
v 0.050553 0.425437 -0.007729
v 0.050566 0.035349 -0.072528
v 0.050566 0.035349 -0.072528
v 0.050570 0.392396 0.017348
v 0.050570 0.392396 0.017348
v 0.050604 0.073866 -0.070813
v 0.050625 0.301227 -0.054479
v 0.050625 0.301227 -0.054479
v 0.050727 -0.168009 0.064366
v 0.050768 0.294277 -0.035210
v 0.050768 0.294277 -0.035210
v 0.050780 0.382203 -0.010985
v 0.050866 0.425876 0.007347
v 0.050929 -0.032452 -0.012317
v 0.050929 -0.032452 -0.012317
v 0.050967 0.368607 -0.013226
v 0.050969 0.039721 0.271821
v 0.050969 0.039721 0.271821
v 0.050997 -0.096854 0.082865
v 0.050999 0.299526 0.077079
v 0.051089 -0.031837 0.106231
v 0.051130 -0.151591 -0.049185
v 0.051271 -0.497469 -0.085212
v 0.051322 0.069721 -0.087700
v 0.051333 -0.130320 -0.050015
v 0.051333 -0.130320 -0.050015
v 0.051397 0.259406 0.085989
v 0.051568 -0.031124 0.115493
v 0.051568 -0.031124 0.115493
v 0.051593 -0.004428 0.281414
v 0.051688 0.436366 0.026130
v 0.051688 0.436366 0.026130
v 0.051696 -0.156064 0.047968
v 0.051751 0.389167 -0.012035
v 0.051898 0.435688 -0.026945
v 0.051898 0.435688 -0.026945
v 0.051904 0.390445 -0.012103
v 0.051934 0.394892 -0.016307
v 0.051950 0.253104 -0.086092
v 0.051951 -0.019261 -0.084459
v 0.051951 -0.019261 -0.084459
v 0.051951 -0.019261 -0.084459
v 0.052003 -0.021465 0.105019
v 0.052003 -0.021465 0.105019
v 0.052066 -0.057079 0.082581
v 0.052076 -0.183674 0.092038
v 0.052264 0.081864 0.093518
v 0.052265 0.112702 -0.088673
v 0.052325 -0.009962 0.078108
v 0.052325 -0.009962 0.078108
v 0.052601 -0.183472 -0.069192
v 0.052649 0.049459 0.238363
v 0.052649 0.049459 0.238363
v 0.052649 0.049459 0.238363
v 0.052669 0.122887 -0.063051
v 0.052669 0.122887 -0.063051
v 0.052769 0.479411 -0.023003
v 0.052769 0.479411 -0.023003
v 0.052906 -0.118586 -0.080903
v 0.053019 0.391042 -0.050324
v 0.053019 0.391042 -0.050324
v 0.053028 -0.184397 0.077236
v 0.053050 0.035887 -0.274835
v 0.053087 0.071365 -0.232661
v 0.053087 0.071365 -0.232661
v 0.053101 -0.456170 -0.111915
v 0.053253 0.049358 -0.241844
v 0.053278 -0.116764 -0.102796
v 0.053318 -0.184663 -0.091713
v 0.053318 -0.184663 -0.091713
v 0.053390 0.026183 0.279642
v 0.053390 0.026183 0.279642
v 0.053390 0.026183 0.279642
v 0.053399 0.304242 0.041343
v 0.053545 -0.121850 0.059192
v 0.053545 -0.121850 0.059192
v 0.053650 0.149956 -0.054030
v 0.053720 -0.126706 -0.071852
v 0.053720 -0.126706 -0.071852
v 0.053872 -0.483893 0.088824
v 0.053872 -0.483893 0.088824
v 0.053910 -0.118046 0.074024
v 0.053991 0.382690 0.007310
v 0.054194 0.164299 0.056772
v 0.054194 0.164299 0.056772
v 0.054194 0.164299 0.056772
v 0.054194 0.164299 0.056772
v 0.054247 0.282470 0.074752
v 0.054355 -0.153756 -0.074855
v 0.054366 0.267145 -0.080674
v 0.054376 0.066081 0.057371
v 0.054532 0.065401 -0.058367
v 0.054532 0.065401 -0.058367
v 0.054575 -0.102567 -0.095719
v 0.054613 0.054302 0.258615
v 0.054619 0.019272 -0.283942
v 0.054619 0.019272 -0.283942
v 0.054792 0.407972 -0.009686
v 0.054799 0.302692 -0.035434
v 0.054799 0.302692 -0.035434
v 0.054932 -0.053561 -0.097400
v 0.055099 0.402694 0.009227
v 0.055099 0.402694 0.009227
v 0.055122 -0.084526 -0.041696
v 0.055136 0.074499 -0.094220
v 0.055136 0.074499 -0.094220
v 0.055136 0.074499 -0.094220
v 0.055154 -0.001506 0.072235
v 0.055154 -0.001506 0.072235
v 0.055159 -0.002784 0.072252
v 0.055159 -0.002784 0.072252
v 0.055159 0.085982 0.062375
v 0.055306 0.080868 -0.261827
v 0.055462 -0.087357 -0.077883
v 0.055539 0.052391 -0.048296
v 0.055568 0.081809 0.260141
v 0.055626 0.011301 0.069479
v 0.055642 -0.076451 0.084074
v 0.055871 0.350795 0.062343
v 0.055954 0.368967 0.008470
v 0.055954 0.368967 0.008470
v 0.055975 -0.065411 -0.041925
v 0.056004 -0.064559 -0.041923
v 0.056006 -0.063707 -0.041889
v 0.056020 0.292986 -0.032727
v 0.056138 -0.121563 0.039283
v 0.056162 0.054986 -0.232585
v 0.056163 -0.188585 -0.069007
v 0.056236 -0.155933 0.070677
v 0.056236 -0.155933 0.070677
v 0.056268 0.304586 -0.015382
v 0.056268 0.304586 -0.015382
v 0.056289 -0.188965 0.066119
v 0.056359 0.024324 0.286262
v 0.056377 0.311977 0.033224
v 0.056392 -0.106484 0.036788
v 0.056433 0.275244 0.094935
v 0.056433 0.275244 0.094935
v 0.056537 -0.015169 0.001191
v 0.056537 -0.015169 0.001191
v 0.056545 0.289458 -0.015569
v 0.056545 0.289458 -0.015569
v 0.056630 -0.058752 0.082960
v 0.056833 0.078393 0.257662
v 0.056833 0.078393 0.257662
v 0.057005 -0.103062 -0.085160
v 0.057036 -0.065081 0.042660
v 0.057119 0.290010 0.011481
v 0.057172 -0.084169 -0.073029
v 0.057187 -0.024622 0.023886
v 0.057234 0.051847 0.083400
v 0.057242 0.390718 -0.002678
v 0.057316 0.068883 0.069379
v 0.057393 0.457570 -0.001992
v 0.057393 0.457570 -0.001992
v 0.057393 0.457570 -0.001992
v 0.057593 0.062951 0.283422
v 0.057647 -0.104175 -0.069686
v 0.057789 -0.103939 0.054689
v 0.057851 0.309147 -0.093370
v 0.057851 0.309147 -0.093370
v 0.057869 -0.122501 0.053322
v 0.057875 0.346889 0.067199
v 0.057875 0.346889 0.067199
v 0.057875 -0.100174 0.073607
v 0.057920 0.475878 0.011272
v 0.057984 -0.001704 -0.280405
v 0.057984 -0.001704 -0.280405
v 0.058083 -0.037126 0.025909
v 0.058134 -0.472967 -0.091803
v 0.058183 0.428896 -0.010919
v 0.058205 -0.472771 0.091275
v 0.058205 -0.472771 0.091275
v 0.058266 -0.040806 -0.098804
v 0.058345 0.375047 -0.001870
v 0.058420 0.088691 -0.066300
v 0.058420 0.088691 -0.066300
v 0.058420 0.088691 -0.066300
v 0.058445 0.295390 -0.010199
v 0.058445 0.295390 -0.010199
v 0.058679 0.231419 0.076114
v 0.058941 0.390735 -0.049021
v 0.058941 0.390735 -0.049021
v 0.059001 0.001754 0.274631
v 0.059001 0.001754 0.274631
v 0.059009 0.481500 0.002254
v 0.059083 0.150062 -0.077454
v 0.059363 -0.046273 -0.092162
v 0.059418 -0.067044 0.036436
v 0.059419 -0.497447 0.095257
v 0.059540 0.426830 -0.000486
v 0.059657 0.266454 0.079415
v 0.059657 0.266454 0.079415
v 0.059760 -0.025660 -0.075425
v 0.060082 0.284426 0.013959
v 0.060111 0.056789 -0.263864
v 0.060111 0.056789 -0.263864
v 0.060111 0.056789 -0.263864
v 0.060147 0.273321 0.068146
v 0.060201 -0.004854 0.053036
v 0.060201 -0.004854 0.053036
v 0.060228 0.401685 -0.000948
v 0.060261 0.083700 0.086731
v 0.060272 -0.013398 -0.007844
v 0.060272 -0.013398 -0.007844
v 0.060303 0.066933 0.055523
v 0.060303 0.066933 0.055523
v 0.060327 0.066883 -0.056783
v 0.060333 0.052364 0.282653
v 0.060333 0.052364 0.282653
v 0.060338 -0.037944 -0.067960
v 0.060343 0.258728 0.083970
v 0.060343 0.258728 0.083970
v 0.060397 -0.061114 -0.048713
v 0.060444 -0.083922 0.052736
v 0.060494 -0.085321 0.035445
v 0.060511 0.280144 0.027969
v 0.060511 0.280144 0.027969
v 0.060679 -0.039117 0.060798
v 0.060715 -0.120430 0.072299
v 0.061185 0.062011 -0.279251
v 0.061318 0.083865 -0.050888
v 0.061332 -0.023632 -0.035113
v 0.061369 0.059963 -0.272939
v 0.061384 0.343361 0.053752
v 0.061429 0.010882 -0.057263
v 0.061429 0.010882 -0.057263
v 0.061429 0.010882 -0.057263
v 0.061485 -0.062120 0.058138
v 0.061539 -0.009056 0.005774
v 0.061539 -0.009056 0.005774
v 0.061539 -0.009056 0.005774
v 0.061539 0.058214 0.265823
v 0.061539 0.058214 0.265823
v 0.061539 0.058214 0.265823
v 0.061640 0.315867 -0.092642
v 0.061640 0.056090 -0.251028
v 0.061640 0.056090 -0.251028
v 0.061714 0.074201 0.239190
v 0.061714 0.074201 0.239190
v 0.061787 0.065705 0.037356
v 0.061787 0.065705 0.037356
v 0.062023 0.292374 0.037720
v 0.062138 0.129911 0.084345
v 0.062138 0.129911 0.084345
v 0.062309 -0.079796 0.070544
v 0.062370 -0.001595 0.282470
v 0.062429 0.285669 -0.055933
v 0.062429 0.285669 -0.055933
v 0.062515 0.002747 0.042056
v 0.062515 0.002747 0.042056
v 0.062536 0.161745 -0.043356
v 0.062536 0.161745 -0.043356
v 0.062590 0.086278 -0.091977
v 0.062659 0.288987 0.014535
v 0.062747 0.275269 -0.030976
v 0.062951 0.064433 -0.025443
v 0.062951 0.064433 -0.025443
v 0.063016 0.126561 -0.077185
v 0.063094 0.033576 -0.286050
v 0.063106 -0.024394 0.044919
v 0.063135 0.042819 -0.033746
v 0.063135 0.042819 -0.033746
v 0.063191 0.144020 0.051451
v 0.063191 0.144020 0.051451
v 0.063191 0.144020 0.051451
v 0.063191 0.144020 0.051451
v 0.063210 0.279781 -0.009911
v 0.063227 -0.070366 0.032747
v 0.063257 0.283642 0.079485
v 0.063257 0.283642 0.079485
v 0.063257 0.283642 0.079485
v 0.063260 -0.103344 0.065809
v 0.063392 0.039870 0.076439
v 0.063392 0.039870 0.076439
v 0.063435 0.051387 -0.281359
v 0.063472 -0.009264 -0.051405
v 0.063472 -0.009264 -0.051405
v 0.063551 0.023866 0.036675
v 0.063637 -0.051347 -0.047570
v 0.063682 -0.081839 0.052042
v 0.063852 -0.066753 0.049667
v 0.064230 0.072257 -0.240525
v 0.064230 0.072257 -0.240525
v 0.064271 -0.460567 -0.146527
v 0.064271 -0.460567 -0.146527
v 0.064396 0.066889 0.039213
v 0.064604 0.026767 -0.045233
v 0.064604 0.026767 -0.045233
v 0.064665 0.039167 0.063854
v 0.064665 0.039167 0.063854
v 0.064676 0.006280 -0.278106
v 0.064676 0.006280 -0.278106
v 0.064727 0.286272 -0.051168
v 0.064767 0.191511 -0.048172
v 0.064767 0.191511 -0.048172
v 0.064839 -0.491173 -0.153763
v 0.064922 0.370738 -0.018791
v 0.064922 0.370738 -0.018791
v 0.064968 -0.022515 -0.078489
v 0.065044 -0.002888 -0.001405
v 0.065044 -0.002888 -0.001405
v 0.065044 -0.002888 -0.001405
v 0.065052 0.034205 0.246680
v 0.065052 0.034205 0.246680
v 0.065422 0.205277 -0.067749
v 0.065549 0.309308 0.039972
v 0.065659 -0.060890 0.067250
v 0.065705 0.118322 -0.044776
v 0.065705 0.118322 -0.044776
v 0.065889 0.058909 0.015987
v 0.065889 0.058909 0.015987
v 0.066039 -0.050152 -0.092417
v 0.066170 0.040042 -0.076346
v 0.066242 0.058213 0.248956
v 0.066242 0.058213 0.248956
v 0.066429 0.038674 -0.066113
v 0.066429 0.038674 -0.066113
v 0.066666 0.030093 0.281868
v 0.066705 0.285618 -0.013804
v 0.066846 -0.050021 -0.097341
v 0.066863 -0.004842 -0.036829
v 0.066863 -0.004842 -0.036829
v 0.066956 0.279403 0.007366
v 0.067047 0.207931 0.066975
v 0.067047 0.207931 0.066975
v 0.067078 0.032036 -0.235031
v 0.067093 0.283838 -0.057731
v 0.067129 0.215294 0.071584
v 0.067198 -0.028731 -0.087557
v 0.067224 0.003374 -0.015786
v 0.067322 0.067795 0.072786
v 0.067358 0.406354 -0.002599
v 0.067358 0.406354 -0.002599
v 0.067441 0.021642 0.012985
v 0.067441 0.021642 0.012985
v 0.067611 0.059907 -0.017052
v 0.067611 0.059907 -0.017052
v 0.067622 0.303094 -0.056901
v 0.067622 0.303094 -0.056901
v 0.067630 0.269400 0.070291
v 0.067630 0.269400 0.070291
v 0.067793 0.111934 -0.055026
v 0.067793 0.111934 -0.055026
v 0.067931 -0.469073 -0.152276
v 0.068035 0.266499 -0.013444
v 0.068165 0.284019 0.053606
v 0.068238 0.265306 -0.058065
v 0.068676 0.227927 -0.065994
v 0.068749 -0.489465 0.153161
v 0.068759 0.102345 0.080396
v 0.068920 0.215317 -0.070827
v 0.068920 0.215317 -0.070827
v 0.068947 0.255139 0.070057
v 0.068947 0.255139 0.070057
v 0.069004 0.092178 -0.056770
v 0.069004 0.092178 -0.056770
v 0.069243 0.054243 0.235335
v 0.069243 0.054243 0.235335
v 0.069243 0.054243 0.235335
v 0.069253 0.114771 -0.078837
v 0.069450 -0.494288 0.131652
v 0.069474 0.064458 -0.026627
v 0.069875 0.172456 0.040856
v 0.069875 0.172456 0.040856
v 0.069882 0.341355 0.057521
v 0.069882 0.341355 0.057521
v 0.069888 0.091704 0.054817
v 0.069888 0.091704 0.054817
v 0.069974 -0.469939 0.151599
v 0.070175 0.373995 -0.014817
v 0.070196 -0.495682 0.093972
v 0.070196 -0.495682 0.093972
v 0.070210 0.029334 -0.017500
v 0.070210 0.029334 -0.017500
v 0.070476 0.299564 -0.079033
v 0.070476 0.299564 -0.079033
v 0.070481 0.245302 0.065914
v 0.070484 0.279186 0.010424
v 0.070549 0.324395 0.050573
v 0.070629 0.227161 0.063975
v 0.070684 0.268159 -0.061755
v 0.070747 0.064255 0.026896
v 0.070762 0.036592 -0.249301
v 0.070771 0.067202 -0.071930
v 0.070846 0.263650 -0.027516
v 0.070922 0.084311 0.025414
v 0.071030 0.372177 -0.021747
v 0.071030 0.372177 -0.021747
v 0.071228 0.256269 0.056479
v 0.071228 0.256269 0.056479
v 0.071271 0.248908 0.077147
v 0.071490 0.269742 -0.007409
v 0.071690 0.215565 -0.035705
v 0.071846 0.031877 0.234419
v 0.071846 0.031877 0.234419
v 0.071936 -0.495014 -0.095757
v 0.071944 0.255917 0.011087
v 0.072178 0.084907 -0.025096
v 0.072185 0.193608 0.032201
v 0.072362 0.268820 -0.012638
v 0.072486 0.177873 -0.067277
v 0.072486 0.177873 -0.067277
v 0.072628 0.255638 0.005860
v 0.073172 0.059396 -0.025220
v 0.073172 0.059396 -0.025220
v 0.073217 0.071515 0.074119
v 0.073222 0.247198 -0.028787
v 0.073222 0.247198 -0.028787
v 0.073251 0.272220 0.055887
v 0.073335 0.251919 -0.006406
v 0.073436 0.213474 0.031639
v 0.073463 0.264445 -0.045340
v 0.073463 0.264445 -0.045340
v 0.073520 0.058962 0.007535
v 0.073656 0.101907 -0.051530
v 0.073656 0.101907 -0.051530
v 0.073656 0.101907 -0.051530
v 0.073656 0.101907 -0.051530
v 0.073749 0.319377 0.038362
v 0.073983 0.247445 0.027524
v 0.073983 0.247445 0.027524
v 0.073983 0.247445 0.027524
v 0.073991 0.208493 0.061387
v 0.074213 0.012543 -0.012325
v 0.074494 0.163006 -0.015704
v 0.074494 0.163006 -0.015704
v 0.074494 0.163006 -0.015704
v 0.074511 0.041498 -0.239825
v 0.074511 0.041498 -0.239825
v 0.074519 0.145784 0.014686
v 0.074519 0.145784 0.014686
v 0.074541 0.207639 -0.060738
v 0.074541 0.207639 -0.060738
v 0.074541 0.207639 -0.060738
v 0.074594 0.233706 -0.059049
v 0.074819 0.126476 0.041931
v 0.074819 0.126476 0.041931
v 0.074819 0.126476 0.041931
v 0.074819 0.126476 0.041931
v 0.074819 0.126476 0.041931
v 0.074931 0.103353 -0.075916
v 0.074987 0.281523 -0.056234
v 0.075102 0.115404 -0.026456
v 0.075158 0.161859 0.037606
v 0.075158 0.161859 0.037606
v 0.075158 0.161859 0.037606
v 0.075158 0.161859 0.037606
v 0.075205 0.121457 0.014217
v 0.075205 0.121457 0.014217
v 0.075205 0.121457 0.014217
v 0.075465 0.113355 0.043037
v 0.075465 0.113355 0.043037
v 0.075586 0.129687 -0.019027
v 0.075685 0.236236 -0.020628
v 0.076020 0.160167 -0.001922
v 0.076020 0.160167 -0.001922
v 0.076056 0.242821 -0.007471
v 0.076056 0.242821 -0.007471
v 0.076102 0.020058 0.006792
v 0.076161 -0.492383 -0.127323
v 0.076311 0.071133 -0.073016
v 0.076311 0.071133 -0.073016
v 0.076325 0.265778 0.063014
v 0.076325 0.265778 0.063014
v 0.076373 0.087404 0.015519
v 0.076373 0.087404 0.015519
v 0.076440 0.126302 -0.001027
v 0.076440 0.126302 -0.001027
v 0.076512 0.281586 -0.037220
v 0.076582 0.289169 -0.052599
v 0.076636 0.329687 0.042972
v 0.076636 0.329687 0.042972
v 0.076679 0.244321 0.005517
v 0.076679 0.244321 0.005517
v 0.076714 0.177814 0.066241
v 0.076714 0.177814 0.066241
v 0.076714 0.177814 0.066241
v 0.076720 0.192624 -0.018440
v 0.076720 0.192624 -0.018440
v 0.076985 0.242018 0.059670
v 0.077308 0.231109 -0.051760
v 0.077308 0.231961 -0.051298
v 0.077404 0.232813 -0.050446
v 0.077510 0.059799 0.010278
v 0.077838 0.230041 0.062209
v 0.077898 0.266541 0.038024
v 0.077898 0.266541 0.038024
v 0.077943 0.124880 0.066420
v 0.077970 0.252823 0.008261
v 0.078065 0.082536 0.075119
v 0.078669 0.036799 0.044723
v 0.078720 0.249501 -0.006642
v 0.078720 0.249501 -0.006642
v 0.079198 0.211554 0.006663
v 0.079314 0.243663 0.048294
v 0.079437 0.185262 -0.037075
v 0.079437 0.185262 -0.037075
v 0.079437 0.185262 -0.037075
v 0.079511 0.229207 0.003933
v 0.079539 0.085257 0.000853
v 0.079539 0.085257 0.000853
v 0.079597 0.278052 -0.061505
v 0.079711 0.152729 -0.060947
v 0.079764 0.067419 0.057029
v 0.079842 0.097434 0.041924
v 0.079842 0.097434 0.041924
v 0.079842 0.097434 0.041924
v 0.079923 0.245611 0.060346
v 0.080003 0.212774 -0.009412
v 0.080006 0.066434 -0.060804
v 0.080006 0.066434 -0.060804
v 0.080006 0.066434 -0.060804
v 0.080101 0.326768 0.054520
v 0.080101 0.326768 0.054520
v 0.080257 0.068885 0.045590
v 0.080257 0.068885 0.045590
v 0.080526 0.034948 -0.059566
v 0.080526 0.034948 -0.059566
v 0.080537 0.229621 -0.007388
v 0.080622 0.046916 -0.050160
v 0.080724 0.231290 -0.030582
v 0.080724 0.231290 -0.030582
v 0.081116 0.236248 0.041004
v 0.081116 0.236248 0.041004
v 0.081116 0.236248 0.041004
v 0.081364 0.193428 0.031603
v 0.081522 0.232977 0.031323
v 0.081522 0.232977 0.031323
v 0.081522 0.232977 0.031323
v 0.081635 0.184014 -0.053538
v 0.081635 0.184014 -0.053538
v 0.081635 0.184014 -0.053538
v 0.081680 0.095876 -0.068562
v 0.081875 0.283422 -0.062662
v 0.081987 -0.462527 -0.109743
v 0.081987 -0.462527 -0.109743
v 0.082128 0.184854 0.051324
v 0.082128 0.184854 0.051324
v 0.082128 0.184854 0.051324
v 0.082456 0.247558 0.048221
v 0.082456 0.247558 0.048221
v 0.082661 0.221450 -0.040980
v 0.082661 0.221450 -0.040980
v 0.082661 0.221450 -0.040980
v 0.083318 0.124000 0.037025
v 0.083318 0.124000 0.037025
v 0.083318 0.124000 0.037025
v 0.083512 0.036606 0.052262
v 0.083547 0.231845 0.063143
v 0.083803 0.214014 0.003691
v 0.083914 0.084659 0.061487
v 0.084067 0.082257 -0.046794
v 0.084121 0.032002 -0.051546
v 0.084121 0.032002 -0.051546
v 0.084124 -0.460332 0.139267
v 0.084124 -0.460332 0.139267
v 0.084188 0.102046 0.005940
v 0.084188 0.102046 0.005940
v 0.084188 0.102046 0.005940
v 0.084188 0.102046 0.005940
v 0.084244 0.078217 -0.060563
v 0.084244 0.078217 -0.060563
v 0.084255 0.091667 -0.009943
v 0.084759 0.257638 -0.033748
v 0.084900 -0.464570 -0.144763
v 0.084991 0.063252 -0.059006
v 0.085727 0.101487 -0.019022
v 0.085727 0.101487 -0.019022
v 0.085824 0.133295 0.033599
v 0.085824 0.133295 0.033599
v 0.086277 0.096722 -0.058005
v 0.086277 0.096722 -0.058005
v 0.086277 0.096722 -0.058005
v 0.086461 0.322022 0.049202
v 0.086497 0.071270 0.041294
v 0.086586 -0.470078 -0.107579
v 0.086599 0.160132 -0.040217
v 0.086599 0.160132 -0.040217
v 0.086742 0.139436 0.048391
v 0.086742 0.139436 0.048391
v 0.086819 0.157191 -0.050175
v 0.086928 0.256350 -0.044732
v 0.087034 0.034424 -0.061286
v 0.087392 0.015085 -0.057151
v 0.088160 0.325377 0.043276
v 0.088356 -0.479965 -0.145395
v 0.088582 -0.477524 0.145364
v 0.088743 -0.487784 0.109674
v 0.088743 -0.487784 0.109674
v 0.088859 0.231472 -0.037838
v 0.088905 -0.460470 -0.125486
v 0.088905 -0.460470 -0.125486
v 0.088953 0.183401 0.034979
v 0.088953 0.183401 0.034979
v 0.089509 0.051096 -0.055760
v 0.089519 0.082900 -0.048223
v 0.089795 0.216357 -0.032390
v 0.089795 0.216357 -0.032390
v 0.089795 0.216357 -0.032390
v 0.090306 0.038115 -0.051347
v 0.090332 0.068769 0.046918
v 0.090817 0.128005 0.037141
v 0.090817 0.128005 0.037141
v 0.090930 0.259866 -0.037818
v 0.091765 -0.486087 -0.112982
v 0.091809 0.186806 -0.041139
v 0.091809 0.186806 -0.041139
v 0.091809 0.186806 -0.041139
v 0.092298 -0.463026 0.115171
v 0.092298 -0.463026 0.115171
v 0.092492 0.132326 -0.039828
v 0.093270 0.085308 0.043392
v 0.093407 0.253308 -0.043025
v 0.093790 0.123676 -0.047723
v 0.093790 0.123676 -0.047723
v 0.094323 0.080108 -0.054398
v 0.094721 0.087868 -0.045995
v 0.094842 -0.471676 -0.121794
v 0.094911 -0.480389 0.126137
v -0.000021 -0.495926 0.137285
v -0.000027 0.373954 0.050764
v -0.000051 0.287745 0.135002
v -0.000114 -0.150038 0.101531
v -0.000114 -0.150038 0.101531
v -0.000121 -0.435452 -0.122672
v -0.000121 -0.435452 -0.122672
v -0.000121 -0.435452 -0.122672
v -0.000171 -0.426836 -0.092663
v -0.000187 0.221324 0.116335
v -0.000187 0.221324 0.116335
v -0.000292 -0.121636 0.121410
v -0.000292 -0.121636 0.121410
v -0.000292 -0.121636 0.121410
v -0.000311 -0.487941 -0.086098
v -0.000311 -0.487941 -0.086098
v -0.000623 0.465978 0.050094
v -0.000623 0.465978 0.050094
v -0.000623 0.465978 0.050094
v -0.000692 0.163300 0.098808
v -0.000719 -0.335644 0.080165
v -0.000762 0.146438 0.176819
v -0.000905 -0.033041 -0.120055
v -0.001020 -0.127342 -0.018047
v -0.001059 -0.120242 -0.109916
v -0.001059 -0.120242 -0.109916
v -0.001094 0.076748 0.098763
v -0.001094 0.076748 0.098763
v -0.001146 -0.007950 0.101113
v -0.001146 -0.007950 0.101113
v -0.001146 -0.165020 -0.110965
v -0.001189 0.359533 -0.028650
v -0.001189 0.359533 -0.028650
v -0.001244 -0.226437 0.042493
v -0.001249 -0.322251 -0.095415
v -0.001249 -0.322251 -0.095415
v -0.001252 0.299059 -0.132998
v -0.001300 0.466137 -0.051477
v -0.001300 0.466137 -0.051477
v -0.001300 0.466137 -0.051477
v -0.001301 0.140722 -0.182281
v -0.001352 -0.435365 0.122890
v -0.001367 -0.425945 0.088621
v -0.001367 -0.425945 0.088621
v -0.001367 -0.425945 0.088621
v -0.001417 0.349969 0.058181
v -0.001417 0.349969 0.058181
v -0.001600 0.170988 0.163068
v -0.001626 0.175069 -0.164760
v -0.001703 -0.428869 0.101005
v -0.001703 -0.428869 0.101005
v -0.001703 -0.428869 0.101005
v -0.001703 -0.428869 0.101005
v -0.001706 -0.419364 -0.091512
v -0.001706 -0.419364 -0.091512
v -0.001706 -0.419364 -0.091512
v -0.001706 -0.419364 -0.091512
v -0.001718 -0.358626 -0.073250
v -0.001740 0.076424 0.263074
v -0.001740 0.076424 0.263074
v -0.001740 0.076424 0.263074
v -0.001740 0.076424 0.263074
v -0.001740 0.076424 0.263074
v -0.001829 0.091655 -0.226906
v -0.001831 0.228781 -0.173690
v -0.001831 0.228781 -0.173690
v -0.001963 -0.229068 -0.106611
v -0.002018 0.083273 -0.270616
v -0.002018 0.083273 -0.270616
v -0.002122 -0.350092 0.100982
v -0.002147 -0.429264 -0.102126
v -0.002235 -0.026250 0.106687
v -0.002268 -0.202296 -0.036379
v -0.002317 -0.264823 0.048662
v -0.002317 -0.264823 0.048662
v -0.002411 -0.278162 0.106296
v -0.002411 -0.278162 0.106296
v -0.002685 0.261758 0.172966
v -0.002701 0.186404 0.144665
v -0.002704 -0.422659 0.090411
v -0.002704 -0.422659 0.090411
v -0.002704 -0.422659 0.090411
v -0.002720 -0.423008 -0.109793
v -0.002720 -0.423008 -0.109793
v -0.002720 -0.423008 -0.109793
v -0.002735 -0.289906 0.057761
v -0.002751 0.379002 0.028041
v -0.002759 0.401053 0.046246
v -0.002759 0.401053 0.046246
v -0.002759 0.401053 0.046246
v -0.002951 -0.422997 -0.086178
v -0.002991 0.438671 -0.061211
v -0.003034 -0.418271 -0.107856
v -0.003034 -0.418271 -0.107856
v -0.003034 -0.418271 -0.107856
v -0.003040 -0.112978 -0.126190
v -0.003065 0.119786 -0.191649
v -0.003065 0.119786 -0.191649
v -0.003065 -0.236389 0.108195
v -0.003071 0.321394 -0.123736
v -0.003209 0.125491 -0.183460
v -0.003209 0.125491 -0.183460
v -0.003209 0.125491 -0.183460
v -0.003235 -0.331157 0.097658
v -0.003235 -0.331157 0.097658
v -0.003236 0.126607 0.182279
v -0.003236 0.126607 0.182279
v -0.003250 -0.317440 0.102256
v -0.003250 -0.317440 0.102256
v -0.003283 0.218815 -0.182221
v -0.003283 0.218815 -0.182221
v -0.003381 0.082955 0.268661
v -0.003403 -0.337366 0.102871
v -0.003403 -0.337366 0.102871
v -0.003413 -0.068180 0.006279
v -0.003414 0.369060 -0.078804
v -0.003420 -0.064733 0.121980
v -0.003422 0.161425 0.168097
v -0.003473 -0.360103 0.071640
v -0.003487 -0.046268 -0.121504
v -0.003646 -0.293712 -0.067984
v -0.003688 -0.017927 0.113135
v -0.003701 0.049873 -0.092735
v -0.003747 -0.101398 0.124605
v -0.003767 -0.019830 0.103512
v -0.003768 -0.438363 -0.118405
v -0.003768 -0.438363 -0.118405
v -0.003850 -0.418884 -0.083033
v -0.003850 -0.418884 -0.083033
v -0.003850 -0.418884 -0.083033
v -0.003850 -0.418884 -0.083033
v -0.004146 0.335705 -0.115945
v -0.004271 0.350123 -0.083003
v -0.004271 0.350123 -0.083003
v -0.004271 0.350123 -0.083003
v -0.004414 -0.014153 -0.110298
v -0.004449 0.339490 -0.115949
v -0.004471 0.331717 -0.120299
v -0.004508 -0.426133 -0.078503
v -0.004523 -0.397939 0.093487
v -0.004523 -0.397939 0.093487
v -0.004557 0.411663 0.058354
v -0.004557 0.411663 0.058354
v -0.004557 0.411663 0.058354
v -0.004559 0.091162 0.228780
v -0.004643 0.293764 -0.147975
v -0.004896 0.204070 -0.200887
v -0.004896 0.204070 -0.200887
v -0.004900 0.202219 0.202040
v -0.004938 0.071438 0.251803
v -0.004938 0.071438 0.251803
v -0.005049 -0.424955 -0.069860
v -0.005049 -0.424955 -0.069860
v -0.005049 -0.424955 -0.069860
v -0.005141 0.377790 -0.044868
v -0.005305 -0.117097 -0.016815
v -0.005305 -0.117097 -0.016815
v -0.005305 -0.117097 -0.016815
v -0.005310 -0.319139 -0.107403
v -0.005514 0.077088 -0.260723
v -0.005626 -0.393705 -0.093140
v -0.005748 -0.418457 -0.115665
v -0.005748 -0.418457 -0.115665
v -0.005748 -0.418457 -0.115665
v -0.005857 -0.423646 0.089100
v -0.005857 -0.423646 0.089100
v -0.005857 -0.423646 0.089100
v -0.005984 -0.124250 0.017470
v -0.005984 -0.124250 0.017470
v -0.005997 0.275649 0.162213
v -0.006090 0.384013 -0.029252
v -0.006129 -0.423616 0.109259
v -0.006163 -0.424198 -0.087234
v -0.006163 -0.424198 -0.087234
v -0.006240 0.290878 0.140041
v -0.006276 -0.312905 0.063069
v -0.006302 -0.035901 -0.116836
v -0.006307 0.184912 -0.217295
v -0.006308 -0.154852 0.017231
v -0.006452 -0.428888 -0.072740
v -0.006504 -0.024088 -0.002966
v -0.006578 -0.343965 0.078242
v -0.006649 -0.437030 0.116884
v -0.006649 -0.437030 0.116884
v -0.006748 -0.287801 0.051802
v -0.006750 -0.343126 -0.081530
v -0.006828 -0.419748 -0.080151
v -0.006828 -0.419748 -0.080151
v -0.006828 -0.419748 -0.080151
v -0.006828 -0.419748 -0.080151
v -0.006862 -0.420813 0.105293
v -0.006862 -0.420813 0.105293
v -0.006898 -0.183189 -0.032352
v -0.006901 0.413617 -0.059218
v -0.006972 -0.288653 0.051879
v -0.007047 -0.288653 0.051802
v -0.007047 -0.289505 0.052109
v -0.007047 -0.313363 0.106456
v -0.007047 -0.288653 0.051802
v -0.007058 -0.314215 0.106342
v -0.007066 0.147916 -0.168415
v -0.007083 0.216098 -0.096626
v -0.007190 -0.343549 -0.113491
v -0.007196 0.244664 -0.182806
v -0.007215 -0.315067 0.106335
v -0.007243 0.221244 -0.112348
v -0.007252 0.410441 -0.052918
v -0.007383 0.379755 0.080372
v -0.007423 -0.077114 -0.116924
v -0.007534 -0.270263 -0.116020
v -0.007548 0.277732 -0.162289
v -0.007548 0.277732 -0.162289
v -0.007597 0.170803 0.235792
v -0.007597 0.170803 0.235792
v -0.007709 0.149661 -0.101041
v -0.007787 -0.314535 -0.058096
v -0.007923 0.406476 0.029893
v -0.007923 0.406476 0.029893
v -0.007923 0.406476 0.029893
v -0.007923 0.406476 0.029893
v -0.008061 0.379693 0.044177
v -0.008201 0.048513 0.100505
v -0.008201 0.048513 0.100505
v -0.008225 0.227510 0.175411
v -0.008304 0.105425 -0.209240
v -0.008359 0.433814 0.058456
v -0.008359 0.433814 0.058456
v -0.008371 -0.120931 0.015284
v -0.008383 0.201051 0.098872
v -0.008383 0.201051 0.098872
v -0.008549 -0.418083 -0.108934
v -0.008549 -0.418083 -0.108934
v -0.008549 -0.418083 -0.108934
v -0.008549 -0.418083 -0.108934
v -0.008549 -0.418083 -0.108934
v -0.008549 -0.418083 -0.108934
v -0.008560 0.143112 0.171797
v -0.008627 -0.414425 -0.076174
v -0.008750 0.378244 -0.088711
v -0.008750 0.378244 -0.088711
v -0.008751 -0.118239 -0.112647
v -0.008880 -0.362176 -0.060561
v -0.008884 0.234005 -0.101449
v -0.008884 0.234005 -0.101449
v -0.008884 0.234005 -0.101449
v -0.008906 -0.418616 -0.073311
v -0.008912 0.360725 0.029937
v -0.009014 0.205615 0.184853
v -0.009048 -0.184128 0.031664
v -0.009067 -0.400696 -0.110895
v -0.009303 -0.012351 -0.100922
v -0.009337 0.352185 0.078687
v -0.009564 -0.411682 0.076177
v -0.009564 -0.411682 0.076177
v -0.009564 -0.411682 0.076177
v -0.009564 -0.411682 0.076177
v -0.009578 -0.062855 0.123376
v -0.009600 0.359929 -0.064572
v -0.009602 -0.062003 0.123375
v -0.009603 -0.061151 0.123365
v -0.009639 -0.390428 0.088201
v -0.009684 -0.113218 -0.122201
v -0.009786 -0.167752 0.024178
v -0.010000 -0.425452 -0.112249
v -0.010000 -0.425452 -0.112249
v -0.010000 -0.425452 -0.112249
v -0.010000 -0.425452 -0.112249
v -0.010112 0.202253 0.124557
v -0.010211 -0.428750 -0.124669
v -0.010211 -0.428750 -0.124669
v -0.010211 -0.428750 -0.124669
v -0.010272 -0.359122 0.112154
v -0.010272 -0.359122 0.112154
v -0.010393 0.444994 0.038315
v -0.010393 0.444994 0.038315
v -0.010393 0.444994 0.038315
v -0.010442 0.193630 -0.209490
v -0.010442 0.193630 -0.209490
v -0.010456 0.359770 -0.070896
v -0.010456 -0.488552 -0.131462
v -0.010456 -0.488552 -0.131462
v -0.010456 -0.488552 -0.131462
v -0.010547 -0.414541 -0.081010
v -0.010547 -0.414541 -0.081010
v -0.010547 -0.414541 -0.081010
v -0.010547 -0.414541 -0.081010
v -0.010559 -0.257083 -0.050657
v -0.010559 -0.257083 -0.050657
v -0.010594 -0.174776 -0.108166
v -0.010619 0.197246 -0.132242
v -0.010619 0.197246 -0.132242
v -0.010672 -0.065631 -0.009940
v -0.010672 -0.065631 -0.009940
v -0.010672 -0.065631 -0.009940
v -0.010853 0.196175 -0.172511
v -0.010970 0.090956 0.220201
v -0.011317 0.151148 -0.250047
v -0.011317 0.151148 -0.250047
v -0.011329 -0.130586 -0.108238
v -0.011398 0.107029 0.258630
v -0.011455 -0.413972 0.080873
v -0.011474 0.209059 -0.192118
v -0.011657 -0.156636 0.103526
v -0.011659 0.340907 0.115036
v -0.011659 0.340907 0.115036
v -0.011744 -0.102572 0.013885
v -0.011797 0.192608 0.165960
v -0.011822 -0.316013 0.109424
v -0.011844 -0.428166 -0.119350
v -0.011844 -0.428166 -0.119350
v -0.011844 -0.428166 -0.119350
v -0.011921 -0.199255 -0.108876
v -0.012042 0.142715 0.254979
v -0.012077 0.064607 0.087591
v -0.012077 0.064607 0.087591
v -0.012077 0.064607 0.087591
v -0.012230 -0.419668 -0.071088
v -0.012230 -0.419668 -0.071088
v -0.012230 -0.419668 -0.071088
v -0.012407 -0.222459 0.108295
v -0.012412 -0.430646 0.123505
v -0.012412 -0.430646 0.123505
v -0.012483 0.143114 0.166832
v -0.012538 0.154125 0.246634
v -0.012538 0.154125 0.246634
v -0.012566 -0.371432 0.088750
v -0.012566 -0.371432 0.088750
v -0.012628 -0.066586 0.124041
v -0.012659 0.092956 0.240823
v -0.012659 0.092956 0.240823
v -0.012814 -0.251263 0.113823
v -0.012814 -0.251263 0.113823
v -0.012840 -0.365960 0.062876
v -0.012893 0.048183 0.090233
v -0.012893 0.048183 0.090233
v -0.012893 0.048183 0.090233
v -0.013004 0.367972 -0.058403
v -0.013004 0.367972 -0.058403
v -0.013102 -0.394791 -0.084889
v -0.013102 -0.394791 -0.084889
v -0.013102 -0.394791 -0.084889
v -0.013229 0.436547 -0.053264
v -0.013231 -0.353137 0.060341
v -0.013284 -0.189505 0.102216
v -0.013352 0.106131 -0.257836
v -0.013352 0.106131 -0.257836
v -0.013457 -0.288493 0.046471
v -0.013542 -0.488371 -0.081820
v -0.013542 -0.488371 -0.081820
v -0.013551 -0.334148 -0.110405
v -0.013644 0.093590 -0.242043
v -0.013666 -0.023458 0.001406
v -0.013910 -0.186517 -0.103105
v -0.013982 0.101600 0.105871
v -0.014022 0.413608 -0.030844
v -0.014022 0.413608 -0.030844
v -0.014057 -0.439360 0.127652
v -0.014088 -0.392778 0.092600
v -0.014088 -0.392778 0.092600
v -0.014088 -0.392778 0.092600
v -0.014107 0.063468 0.084083
v -0.014107 0.063468 0.084083
v -0.014149 -0.398516 0.115464
v -0.014166 0.242481 0.184853
v -0.014168 -0.488701 0.081807
v -0.014168 -0.488701 0.081807
v -0.014179 -0.314167 0.054116
v -0.014203 -0.148819 -0.103270
v -0.014229 0.049298 -0.100352
v -0.014259 0.091856 -0.221496
v -0.014345 -0.052969 0.003939
v -0.014396 -0.368097 -0.103148
v -0.014396 -0.368097 -0.103148
v -0.014396 -0.368097 -0.103148
v -0.014414 0.382059 -0.053667
v -0.014449 -0.369400 -0.083797
v -0.014449 -0.369400 -0.083797
v -0.014455 0.206015 -0.117401
v -0.014471 0.491274 -0.004117
v -0.014471 0.491274 -0.004117
v -0.014553 -0.391273 -0.095379
v -0.014553 -0.391273 -0.095379
v -0.014553 -0.391273 -0.095379
v -0.014600 0.187547 -0.134614
v -0.014600 0.187547 -0.134614
v -0.014723 0.049622 0.087608
v -0.014723 0.049622 0.087608
v -0.014723 0.049622 0.087608
v -0.014818 0.184432 0.162411
v -0.014842 0.432117 0.051896
v -0.014944 0.132278 -0.101621
v -0.014944 0.132278 -0.101621
v -0.015133 0.085098 0.106536
v -0.015191 0.025101 0.093293
v -0.015191 0.025101 0.093293
v -0.015191 0.025101 0.093293
v -0.015240 0.400532 -0.026323
v -0.015240 0.400532 -0.026323
v -0.015335 0.377192 0.085373
v -0.015345 0.087866 -0.106089
v -0.015401 0.183063 -0.229627
v -0.015488 0.170599 0.147938
v -0.015536 -0.413500 -0.074895
v -0.015536 -0.413500 -0.074895
v -0.015630 0.111460 -0.259552
v -0.015630 0.111460 -0.259552
v -0.015730 -0.045587 -0.115317
v -0.015786 -0.141782 0.111110
v -0.015847 0.117919 0.101437
v -0.016050 -0.394995 -0.089187
v -0.016050 -0.394995 -0.089187
v -0.016174 -0.216495 -0.042649
v -0.016208 -0.414851 -0.096138
v -0.016240 0.227009 0.100581
v -0.016240 0.227009 0.100581
v -0.016310 -0.389637 -0.111178
v -0.016468 0.418102 0.048853
v -0.016468 0.418102 0.048853
v -0.016484 0.160827 -0.153906
v -0.016484 0.160827 -0.153906
v -0.016517 -0.252113 -0.117550
v -0.016517 -0.252113 -0.117550
v -0.016552 -0.418644 -0.119790
v -0.016552 -0.418644 -0.119790
v -0.016552 -0.418644 -0.119790
v -0.016637 0.375579 -0.039061
v -0.016651 -0.475854 0.077495
v -0.016651 -0.475854 0.077495
v -0.016651 -0.475854 0.077495
v -0.016676 -0.413827 0.098881
v -0.016676 -0.413827 0.098881
v -0.016753 0.133566 0.174930
v -0.016870 -0.021838 0.112304
v -0.016875 0.111946 0.258132
v -0.016941 -0.052252 -0.112556
v -0.017005 0.334158 -0.123823
v -0.017034 0.184008 -0.161960
v -0.017058 -0.229914 -0.038756
v -0.017147 0.176609 -0.099263
v -0.017169 0.180106 0.143997
v -0.017183 -0.215968 -0.109021
v -0.017208 -0.389643 0.110562
v -0.017208 -0.389643 0.110562
v -0.017263 -0.208559 -0.110136
v -0.017299 0.395507 0.025470
v -0.017299 0.395507 0.025470
v -0.017299 0.395507 0.025470
v -0.017378 -0.414493 -0.103811
v -0.017454 -0.462614 -0.131536
v -0.017454 -0.462614 -0.131536
v -0.017466 0.461463 -0.037922
v -0.017466 0.461463 -0.037922
v -0.017493 0.033093 -0.093139
v -0.017827 0.435803 -0.036712
v -0.017827 0.435803 -0.036712
v -0.017827 0.435803 -0.036712
v -0.017885 -0.309510 -0.050476
v -0.017911 0.217075 -0.201304
v -0.017911 0.217075 -0.201304
v -0.018124 0.179985 -0.143967
v -0.018147 0.417849 -0.044638
v -0.018247 -0.475189 -0.076963
v -0.018247 -0.475189 -0.076963
v -0.018285 0.017638 -0.093289
v -0.018285 0.017638 -0.093289
v -0.018306 -0.421216 0.104532
v -0.018345 0.426767 0.032588
v -0.018382 -0.019997 0.102779
v -0.018475 -0.098276 0.128410
v -0.018539 -0.391952 0.104179
v -0.018539 -0.391952 0.104179
v -0.018620 0.293316 0.155001
v -0.018620 0.293316 0.155001
v -0.018701 0.120877 -0.264281
v -0.018708 -0.277700 -0.046125
v -0.018780 -0.486189 0.127273
v -0.018780 -0.486189 0.127273
v -0.018837 -0.427247 -0.121636
v -0.018837 -0.427247 -0.121636
v -0.018837 -0.427247 -0.121636
v -0.018857 -0.427375 0.068233
v -0.018864 0.116594 0.194837
v -0.018864 0.116594 0.194837
v -0.018872 0.179091 -0.144027
v -0.018872 0.179091 -0.144027
v -0.018877 -0.169294 -0.029954
v -0.018877 -0.169294 -0.029954
v -0.018896 -0.433882 -0.126548
v -0.018896 -0.433882 -0.126548
v -0.018896 -0.433882 -0.126548
v -0.018896 -0.433882 -0.126548
v -0.018974 -0.368411 0.108266
v -0.018974 -0.368411 0.108266
v -0.018974 -0.368411 0.108266
v -0.018974 -0.368411 0.108266
v -0.019004 0.461582 0.036135
v -0.019004 0.461582 0.036135
v -0.019088 -0.192552 -0.032206
v -0.019091 -0.391596 -0.103625
v -0.019135 -0.033705 -0.119302
v -0.019272 0.375038 0.036401
v -0.019350 0.149516 0.098214
v -0.019375 0.217377 0.201410
v -0.019454 -0.393448 -0.079291
v -0.019454 -0.393448 -0.079291
v -0.019454 -0.393448 -0.079291
v -0.019520 0.077892 -0.096675
v -0.019722 0.292621 -0.156100
v -0.019818 0.127899 -0.178978
v -0.019818 0.127899 -0.178978
v -0.019833 -0.407096 -0.100713
v -0.019856 -0.347195 0.124849
v -0.019880 -0.427350 0.116997
v -0.019902 0.303011 0.138994
v -0.020108 0.181363 -0.137546
v -0.020108 0.181363 -0.137546
v -0.020108 0.181363 -0.137546
v -0.020124 0.357206 -0.066144
v -0.020160 -0.462236 0.130322
v -0.020160 -0.462236 0.130322
v -0.020198 0.182699 0.134903
v -0.020211 0.201579 -0.209336
v -0.020542 0.404603 0.023851
v -0.020542 0.404603 0.023851
v -0.020624 -0.108025 -0.119332
v -0.020624 -0.342432 0.063824
v -0.020689 -0.204759 0.106174
v -0.020720 0.060746 -0.086833
v -0.020830 -0.395147 0.079597
v -0.020830 -0.395147 0.079597
v -0.021114 0.371297 0.058970
v -0.021122 0.181923 0.232006
v -0.021250 -0.417895 -0.118333
v -0.021250 -0.417895 -0.118333
v -0.021250 -0.417895 -0.118333
v -0.021250 -0.417895 -0.118333
v -0.021271 -0.024231 0.123560
v -0.021465 0.368867 -0.032305
v -0.021465 0.368867 -0.032305
v -0.021465 0.368867 -0.032305
v -0.021537 -0.320176 0.112270
v -0.021582 -0.494993 -0.076680
v -0.021582 -0.494993 -0.076680
v -0.021582 -0.494993 -0.076680
v -0.021616 -0.031884 -0.009887
v -0.021616 -0.031884 -0.009887
v -0.021640 -0.495148 0.075740
v -0.021640 -0.495148 0.075740
v -0.021689 0.111478 -0.201287
v -0.021689 0.111478 -0.201287
v -0.021692 -0.088793 -0.112766
v -0.021716 0.359426 0.062303
v -0.021716 0.359426 0.062303
v -0.021774 0.163103 -0.146151
v -0.021774 0.163103 -0.146151
v -0.021918 0.353166 -0.068558
v -0.021952 0.372860 -0.089451
v -0.021952 0.372860 -0.089451
v -0.021952 0.138784 -0.167482
v -0.021952 0.138784 -0.167482
v -0.022145 -0.019237 0.095164
v -0.022145 -0.019237 0.095164
v -0.022202 -0.049671 -0.013737
v -0.022363 -0.117370 -0.107019
v -0.022363 -0.117370 -0.107019
v -0.022469 -0.144757 -0.111672
v -0.022602 -0.066980 0.012491
v -0.022714 0.365874 0.069569
v -0.023023 0.327340 0.126044
v -0.023023 0.327340 0.126044
v -0.023174 0.474536 0.027380
v -0.023174 0.474536 0.027380
v -0.023174 0.474536 0.027380
v -0.023199 -0.110032 -0.119182
v -0.023207 -0.208606 0.037166
v -0.023207 -0.208606 0.037166
v -0.023289 -0.412803 0.079272
v -0.023289 -0.412803 0.079272
v -0.023329 -0.102058 0.017193
v -0.023330 0.160318 0.145654
v -0.023355 -0.055227 0.123624
v -0.023368 0.352781 -0.085185
v -0.023368 0.352781 -0.085185
v -0.023380 -0.174192 -0.100701
v -0.023444 0.187987 0.097306
v -0.023485 -0.158127 -0.105935
v -0.023553 0.342960 -0.114649
v -0.023618 0.058197 -0.083761
v -0.023618 0.058197 -0.083761
v -0.023665 0.048491 -0.090427
v -0.023686 -0.032030 -0.101978
v -0.023719 -0.051931 0.096194
v -0.023738 -0.014084 -0.109627
v -0.023826 0.104332 0.216531
v -0.023902 -0.086486 0.015108
v -0.024133 -0.017464 0.112294
v -0.024177 -0.195279 0.030014
v -0.024177 -0.195279 0.030014
v -0.024210 -0.432997 -0.065737
v -0.024219 -0.018606 -0.101329
v -0.024300 -0.488197 -0.126054
v -0.024300 -0.488197 -0.126054
v -0.024377 -0.388372 -0.110889
v -0.024377 -0.388372 -0.110889
v -0.024423 -0.117985 0.125838
v -0.024423 -0.117985 0.125838
v -0.024458 0.478693 -0.022581
v -0.024612 -0.155960 0.025140
v -0.024612 -0.155960 0.025140
v -0.024618 -0.176614 0.098152
v -0.024627 -0.415418 -0.079085
v -0.024699 0.354608 -0.063792
v -0.024885 0.332962 0.123960
v -0.024885 0.332962 0.123960
v -0.024885 0.332962 0.123960
v -0.024914 0.157545 -0.097952
v -0.024939 -0.363639 0.114008
v -0.024945 -0.021031 -0.114645
v -0.025019 -0.124893 -0.024701
v -0.025019 -0.124893 -0.024701
v -0.025034 -0.239158 -0.041935
v -0.025034 -0.239158 -0.041935
v -0.025150 -0.396218 -0.117510
v -0.025169 -0.018516 0.097744
v -0.025205 -0.041085 -0.120268
v -0.025224 0.371444 0.029815
v -0.025224 0.371444 0.029815
v -0.025226 -0.417290 -0.126086
v -0.025242 0.370721 -0.077377
v -0.025268 -0.011403 -0.094204
v -0.025268 -0.011403 -0.094204
v -0.025269 -0.356445 -0.121451
v -0.025437 -0.261630 0.041267
v -0.025494 -0.099953 0.124678
v -0.025513 0.307144 -0.139462
v -0.025838 -0.393448 0.105723
v -0.025838 -0.393448 0.105723
v -0.025864 -0.431515 -0.132305
v -0.025864 -0.431515 -0.132305
v -0.025864 -0.431515 -0.132305
v -0.025979 0.400023 0.015157
v -0.025979 0.400023 0.015157
v -0.025979 0.400023 0.015157
v -0.025979 0.400023 0.015157
v -0.025981 -0.055174 0.012641
v -0.026043 -0.475066 -0.123449
v -0.026043 -0.475066 -0.123449
v -0.026108 0.327815 -0.126610
v -0.026138 -0.230278 0.041873
v -0.026138 -0.230278 0.041873
v -0.026138 -0.230278 0.041873
v -0.026192 -0.414937 -0.119941
v -0.026192 -0.414937 -0.119941
v -0.026192 -0.414937 -0.119941
v -0.026238 -0.041232 -0.094593
v -0.026238 -0.373087 0.068131
v -0.026266 0.125580 0.258609
v -0.026286 -0.124328 0.102006
v -0.026286 -0.124328 0.102006
v -0.026574 -0.088898 0.097127
v -0.026575 -0.475252 0.122587
v -0.026586 0.099045 0.228905
v -0.026598 -0.415216 0.119374
v -0.026598 -0.415216 0.119374
v -0.026681 0.224279 -0.098672
v -0.026681 0.224279 -0.098672
v -0.026775 -0.205038 -0.041719
v -0.026790 0.401008 -0.015963
v -0.026807 0.483468 -0.005824
v -0.026858 -0.073252 0.097668
v -0.026894 0.390413 0.048099
v -0.026894 0.390413 0.048099
v -0.027063 -0.194407 -0.104894
v -0.027134 0.418978 -0.026473
v -0.027158 -0.258422 0.116376
v -0.027158 -0.258422 0.116376
v -0.027201 -0.418586 -0.107482
v -0.027373 -0.283273 0.118701
v -0.027493 0.192374 0.124048
v -0.027498 -0.053139 0.098582
v -0.027637 -0.371480 -0.069016
v -0.027637 -0.371480 -0.069016
v -0.027669 -0.177325 0.034974
v -0.027669 -0.177325 0.034974
v -0.027752 0.198763 0.211637
v -0.028136 0.400700 0.004119
v -0.028136 0.400700 0.004119
v -0.028140 0.212752 0.106566
v -0.028140 0.212752 0.106566
v -0.028162 0.386105 -0.019651
v -0.028162 0.386105 -0.019651
v -0.028259 0.396740 -0.012034
v -0.028296 0.079371 0.092481
v -0.028296 0.079371 0.092481
v -0.028296 0.079371 0.092481
v -0.028296 0.079371 0.092481
v -0.028346 -0.063735 0.103041
v -0.028465 0.294644 -0.147684
v -0.028481 -0.174242 0.101037
v -0.028585 0.224411 0.097589
v -0.028585 0.224411 0.097589
v -0.028614 -0.152577 0.021483
v -0.028614 -0.152577 0.021483
v -0.028688 -0.363808 -0.055430
v -0.028827 -0.034635 0.007660
v -0.028836 -0.098699 -0.106160
v -0.028934 0.348331 0.099089
v -0.029030 -0.109614 0.118834
v -0.029051 -0.079102 -0.098361
v -0.029140 -0.263965 -0.120631
v -0.029148 -0.496767 0.085895
v -0.029162 0.177929 0.221998
v -0.029200 0.082973 -0.097266
v -0.029214 0.392867 -0.043920
v -0.029323 0.142355 -0.251697
v -0.029323 0.142355 -0.251697
v -0.029335 0.384225 0.078493
v -0.029340 0.127502 -0.247672
v -0.029340 0.127502 -0.247672
v -0.029340 0.127502 -0.247672
v -0.029352 0.152669 -0.161079
v -0.029352 0.152669 -0.161079
v -0.029363 0.357296 0.078317
v -0.029431 -0.148245 0.092609
v -0.029431 -0.148245 0.092609
v -0.029580 -0.428869 -0.063979
v -0.029580 -0.428869 -0.063979
v -0.029580 -0.428869 -0.063979
v -0.029580 -0.428869 -0.063979
v -0.029724 -0.161408 0.101203
v -0.030053 -0.147211 -0.099014
v -0.030095 -0.036122 -0.091690
v -0.030105 0.207291 0.201730
v -0.030281 -0.246707 0.114402
v -0.030361 0.224943 0.188171
v -0.030388 -0.109647 0.099573
v -0.030388 -0.109647 0.099573
v -0.030436 -0.423714 -0.125881
v -0.030436 -0.423714 -0.125881
v -0.030436 -0.423714 -0.125881
v -0.030436 -0.423714 -0.125881
v -0.030595 -0.153128 -0.029446
v -0.030595 -0.153128 -0.029446
v -0.030603 0.213981 -0.106456
v -0.030631 -0.150095 -0.022464
v -0.030631 -0.150095 -0.022464
v -0.030897 -0.460325 -0.065644
v -0.030897 -0.460325 -0.065644
v -0.030963 -0.342425 -0.059682
v -0.030987 -0.116907 0.106383
v -0.030987 -0.116907 0.106383
v -0.031010 0.478307 0.008780
v -0.031086 -0.434424 -0.132502
v -0.031086 -0.434424 -0.132502
v -0.031260 0.374139 -0.029128
v -0.031260 0.374139 -0.029128
v -0.031260 0.374139 -0.029128
v -0.031319 0.258856 0.176364
v -0.031323 0.152514 -0.091354
v -0.031389 0.100235 0.240112
v -0.031389 0.100235 0.240112
v -0.031409 -0.081589 -0.016867
v -0.031421 -0.401152 0.116690
v -0.031444 -0.107430 -0.099697
v -0.031444 -0.107430 -0.099697
v -0.031525 0.152433 0.159868
v -0.031671 0.462418 -0.029372
v -0.031744 -0.384091 0.068817
v -0.031744 -0.384091 0.068817
v -0.031818 -0.121512 0.026736
v -0.031818 -0.121512 0.026736
v -0.031818 -0.121512 0.026736
v -0.031847 0.350518 -0.090051
v -0.031936 0.436987 0.027513
v -0.031972 -0.429520 0.062416
v -0.031972 -0.429520 0.062416
v -0.032013 0.112121 -0.097908
v -0.032013 0.112121 -0.097908
v -0.032063 -0.022797 -0.006349
v -0.032063 -0.022797 -0.006349
v -0.032106 -0.165208 0.030530
v -0.032106 -0.165208 0.030530
v -0.032404 -0.143846 0.104638
v -0.032588 0.049684 0.081666
v -0.032620 -0.090056 0.091914
v -0.032665 0.123240 0.184586
v -0.032710 -0.130366 -0.100244
v -0.032710 -0.130366 -0.100244
v -0.032711 -0.152277 0.091122
v -0.033078 0.352745 0.071700
v -0.033111 0.342046 0.114399
v -0.033121 -0.394837 -0.074900
v -0.033176 0.118596 -0.203725
v -0.033176 0.118596 -0.203725
v -0.033268 0.049876 -0.093636
v -0.033313 0.392013 0.035468
v -0.033313 0.392013 0.035468
v -0.033331 -0.228631 -0.114152
v -0.033431 -0.204554 0.041215
v -0.033431 -0.204554 0.041215
v -0.033508 0.232279 -0.185118
v -0.033514 0.375585 0.022680
v -0.033516 -0.035555 0.087329
v -0.033588 -0.170043 -0.099162
v -0.033721 -0.321323 -0.057815
v -0.033737 0.099061 0.103236
v -0.033835 0.103324 -0.231342
v -0.034056 -0.196584 0.094171
v -0.034083 0.171076 -0.145078
v -0.034197 0.136917 0.240272
v -0.034197 0.136917 0.240272
v -0.034197 0.136917 0.240272
v -0.034358 0.123858 -0.185959
v -0.034359 0.050030 0.092641
v -0.034464 -0.426336 -0.134488
v -0.034464 -0.426336 -0.134488
v -0.034464 -0.426336 -0.134488
v -0.034610 0.224286 -0.189651
v -0.034767 -0.156560 -0.098014
v -0.035120 -0.338336 0.115985
v -0.035149 0.106564 -0.240741
v -0.035177 0.322552 -0.131397
v -0.035180 0.459527 0.025526
v -0.035251 -0.203931 -0.111312
v -0.035357 -0.496977 0.122872
v -0.035357 -0.496977 0.122872
v -0.035364 0.257649 -0.177048
v -0.035394 0.450470 -0.028328
v -0.035394 0.450470 -0.028328
v -0.035744 0.340347 -0.115143
v -0.035765 -0.101124 0.025091
v -0.035935 -0.083553 0.021257
v -0.036032 0.386120 -0.051265
v -0.036032 0.386120 -0.051265
v -0.036165 -0.158909 0.088613
v -0.036182 -0.497441 -0.121033
v -0.036237 0.385471 -0.080821
v -0.036237 0.385471 -0.080821
v -0.036304 0.174649 -0.223154
v -0.036304 0.174649 -0.223154
v -0.036309 0.381882 -0.085741
v -0.036361 0.136374 0.170701
v -0.036415 0.134300 -0.174806
v -0.036496 -0.144853 -0.102705
v -0.036520 -0.428671 0.072881
v -0.036564 0.202611 -0.116311
v -0.036573 0.121454 0.205659
v -0.036573 0.121454 0.205659
v -0.036910 -0.092782 -0.024041
v -0.037105 0.086443 0.098686
v -0.037105 0.086443 0.098686
v -0.037146 -0.052630 0.021980
v -0.037156 -0.181751 0.090309
v -0.037177 0.422105 0.013000
v -0.037177 0.422105 0.013000
v -0.037342 -0.066089 0.021053
v -0.037430 0.422982 -0.013162
v -0.037430 0.422982 -0.013162
v -0.037470 0.373654 0.012613
v -0.037478 -0.020680 0.009020
v -0.037533 -0.470874 0.064014
v -0.037533 -0.470874 0.064014
v -0.037589 -0.153499 0.041946
v -0.037739 -0.051778 0.021988
v -0.037808 -0.166018 -0.043915
v -0.037846 -0.074772 -0.025659
v -0.037854 0.376135 0.067433
v -0.037998 0.114871 0.235768
v -0.037998 0.114871 0.235768
v -0.038135 -0.183597 -0.088272
v -0.038140 -0.299275 0.115514
v -0.038187 0.468151 -0.010183
v -0.038244 -0.174038 0.049344
v -0.038339 -0.347876 -0.127285
v -0.038370 0.147102 -0.243162
v -0.038370 0.147102 -0.243162
v -0.038407 0.172716 -0.231835
v -0.038417 -0.290635 -0.044320
v -0.038485 -0.223585 -0.039688
v -0.038489 0.368268 0.059232
v -0.038489 0.368268 0.059232
v -0.038489 0.368268 0.059232
v -0.038526 -0.414408 0.109076
v -0.038574 -0.050926 0.022112
v -0.038845 0.160303 0.088571
v -0.038927 0.204199 0.113036
v -0.038927 0.204199 0.113036
v -0.039019 -0.180444 -0.040558
v -0.039019 -0.180444 -0.040558
v -0.039023 0.371463 -0.006379
v -0.039023 0.371463 -0.006379
v -0.039467 -0.211480 -0.105211
v -0.039482 -0.009647 0.083536
v -0.039482 -0.009647 0.083536
v -0.039545 -0.036319 0.014852
v -0.039567 -0.424055 0.125360
v -0.039567 -0.424055 0.125360
v -0.039567 -0.424055 0.125360
v -0.039816 -0.244306 -0.042664
v -0.039816 -0.244306 -0.042664
v -0.039840 0.232669 0.183981
v -0.039938 0.366149 -0.061873
v -0.039938 0.366149 -0.061873
v -0.039976 -0.322738 -0.116197
v -0.040072 0.296634 0.146417
v -0.040072 0.296634 0.146417
v -0.040152 -0.360715 0.052264
v -0.040184 -0.292023 0.042075
v -0.040319 0.207008 -0.202157
v -0.040533 0.125884 0.093949
v -0.040707 0.393485 -0.027278
v -0.040707 0.393485 -0.027278
v -0.040744 -0.392691 -0.068082
v -0.040744 -0.392691 -0.068082
v -0.040842 0.396049 -0.036357
v -0.041040 -0.056182 -0.032615
v -0.041096 -0.151975 0.082057
v -0.041113 -0.219300 0.106437
v -0.041137 -0.128038 -0.092941
v -0.041137 -0.128038 -0.092941
v -0.041282 0.171072 0.222618
v -0.041282 0.171072 0.222618
v -0.041303 -0.072532 0.087797
v -0.041322 0.391837 -0.044044
v -0.041345 -0.129316 -0.093049
v -0.041394 -0.039702 -0.078717
v -0.041445 -0.429738 -0.073545
v -0.041445 -0.429738 -0.073545
v -0.041474 0.385088 0.077100
v -0.041474 0.385088 0.077100
v -0.041568 0.167391 0.231220
v -0.041568 0.167391 0.231220
v -0.041568 0.167391 0.231220
v -0.041618 -0.200418 -0.055273
v -0.041618 -0.200418 -0.055273
v -0.041638 -0.498902 -0.077228
v -0.041795 0.311138 -0.138210
v -0.041873 0.361153 0.074392
v -0.041873 0.361153 0.074392
v -0.041968 -0.146339 0.033766
v -0.042013 -0.187990 -0.058370
v -0.042013 -0.187990 -0.058370
v -0.042014 -0.165044 0.091918
v -0.042062 0.177689 0.144706
v -0.042104 -0.186022 0.041140
v -0.042199 -0.354937 0.125393
v -0.042249 0.127884 -0.213127
v -0.042249 0.127884 -0.213127
v -0.042349 0.120442 0.225131
v -0.042517 0.280197 0.163846
v -0.042670 -0.418472 -0.109735
v -0.042839 0.071773 0.083335
v -0.042873 -0.179588 0.049246
v -0.042993 -0.161646 -0.091249
v -0.043066 0.153644 0.229359
v -0.043066 0.153644 0.229359
v -0.043110 0.194875 0.091338
v -0.043110 0.194875 0.091338
v -0.043220 0.049911 -0.075806
v -0.043220 0.049911 -0.075806
v -0.043220 0.049911 -0.075806
v -0.043246 -0.394532 0.067404
v -0.043246 -0.394532 0.067404
v -0.043472 -0.054732 0.083739
v -0.043489 -0.228493 0.103353
v -0.043652 -0.131743 0.091900
v -0.043652 -0.131743 0.091900
v -0.043652 -0.131743 0.091900
v -0.043673 0.353074 -0.075838
v -0.043673 0.353074 -0.075838
v -0.043686 -0.179588 0.050098
v -0.043813 0.387775 0.044974
v -0.043836 -0.494344 0.058277
v -0.043904 -0.145565 -0.040946
v -0.043906 0.359936 -0.078335
v -0.043958 0.393576 0.016540
v -0.043998 -0.198092 0.082667
v -0.043998 -0.198092 0.082667
v -0.044010 0.198387 -0.097176
v -0.044317 -0.396906 0.072121
v -0.044355 0.161540 -0.086702
v -0.044473 -0.199296 0.057129
v -0.044473 -0.199296 0.057129
v -0.044512 -0.150142 0.070443
v -0.044512 -0.150142 0.070443
v -0.044512 -0.150142 0.070443
v -0.044535 -0.495616 -0.058090
v -0.044535 -0.495616 -0.058090
v -0.044538 -0.179703 0.050950
v -0.044662 -0.118422 -0.041984
v -0.044662 -0.118422 -0.041984
v -0.044668 -0.174222 -0.078547
v -0.044672 -0.108871 0.086799
v -0.044745 -0.074652 -0.082675
v -0.044833 -0.116547 0.038597
v -0.044860 0.137150 -0.229079
v -0.044860 0.137150 -0.229079
v -0.044860 0.137150 -0.229079
v -0.044862 0.158879 -0.223528
v -0.045045 0.449934 0.003186
v -0.045223 -0.364367 0.115044
v -0.045256 -0.026247 0.074785
v -0.045312 0.270257 0.171672
v -0.045327 -0.233465 0.045375
v -0.045327 -0.233465 0.045375
v -0.045387 -0.000654 0.078216
v -0.045387 -0.000654 0.078216
v -0.045390 -0.001506 0.078216
v -0.045390 -0.002358 0.078215
v -0.045460 -0.271837 -0.118596
v -0.045530 -0.035900 -0.021662
v -0.045544 -0.089256 0.080707
v -0.045571 0.140430 0.228260
v -0.045571 0.140430 0.228260
v -0.045571 -0.269200 -0.040491
v -0.045596 -0.124307 -0.086685
v -0.045630 -0.158578 -0.078105
v -0.045630 -0.158578 -0.078105
v -0.045652 -0.061967 0.033212
v -0.045663 -0.339295 0.058957
v -0.045668 0.397671 0.027508
v -0.045820 0.096962 0.093987
v -0.045820 0.096962 0.093987
v -0.045857 0.246239 0.185195
v -0.045983 -0.179277 0.087616
v -0.046007 0.094389 -0.092549
v -0.046007 0.094389 -0.092549
v -0.046043 0.080167 -0.080898
v -0.046043 0.080167 -0.080898
v -0.046108 -0.213696 0.047487
v -0.046108 -0.213696 0.047487
v -0.046268 -0.386903 0.113612
v -0.046268 -0.386903 0.113612
v -0.046285 -0.157190 -0.049220
v -0.046301 -0.163766 0.050620
v -0.046301 -0.163766 0.050620
v -0.046369 0.154950 -0.148066
v -0.046391 -0.052173 0.073241
v -0.046501 -0.429812 0.111257
v -0.046530 0.126155 -0.196143
v -0.046642 0.155381 0.147409
v -0.046672 0.043783 0.074486
v -0.046723 0.336545 0.114677
v -0.046723 0.336545 0.114677
v -0.046755 0.152660 0.158520
v -0.046810 -0.391715 -0.110262
v -0.046906 -0.199596 -0.102360
v -0.046994 -0.147181 -0.082447
v -0.046994 -0.147181 -0.082447
v -0.047162 0.314171 0.134293
v -0.047190 -0.105678 -0.080355
v -0.047190 -0.105678 -0.080355
v -0.047197 0.193056 -0.212907
v -0.047305 -0.081207 0.037025
v -0.047306 0.120643 -0.088996
v -0.047394 -0.426689 -0.124753
v -0.047394 -0.426689 -0.124753
v -0.047409 -0.092130 0.077566
v -0.047451 0.230715 -0.096637
v -0.047451 0.230715 -0.096637
v -0.047451 0.230715 -0.096637
v -0.047459 -0.211747 0.099934
v -0.047473 -0.195965 -0.074753
v -0.047478 -0.499323 0.069746
v -0.047494 -0.023836 0.026689
v -0.047511 0.396530 -0.002447
v -0.047511 0.396530 -0.002447
v -0.047630 -0.168688 0.076539
v -0.047630 -0.168688 0.076539
v -0.047635 0.184252 -0.126103
v -0.047635 0.184252 -0.126103
v -0.047639 0.152070 -0.160341
v -0.047713 0.117068 0.089650
v -0.047764 0.294016 0.155440
v -0.047764 0.294016 0.155440
v -0.047788 -0.097256 0.041375
v -0.047806 -0.236887 -0.107059
v -0.047806 -0.236887 -0.107059
v -0.047845 0.085630 -0.087543
v -0.048027 0.379317 -0.066849
v -0.048027 0.379317 -0.066849
v -0.048027 0.379317 -0.066849
v -0.048062 0.380323 -0.047794
v -0.048083 -0.425940 0.066599
v -0.048096 0.135791 0.090393
v -0.048202 -0.051273 0.031273
v -0.048248 -0.430184 0.123572
v -0.048292 -0.252486 0.110271
v -0.048292 -0.252486 0.110271
v -0.048312 -0.127817 0.049770
v -0.048312 -0.127817 0.049770
v -0.048319 0.135630 0.213721
v -0.048319 0.135630 0.213721
v -0.048392 0.221173 0.193368
v -0.048571 0.392128 0.067633
v -0.048615 -0.430543 -0.112376
v -0.048619 -0.034919 -0.061480
v -0.048633 -0.027287 -0.073880
v -0.048633 -0.027287 -0.073880
v -0.048790 0.339855 -0.112142
v -0.048842 -0.451403 -0.122986
v -0.048900 0.350398 -0.076860
v -0.048970 -0.230025 -0.052508
v -0.048970 -0.230025 -0.052508
v -0.048970 -0.230025 -0.052508
v -0.049115 0.138300 0.180279
v -0.049321 0.392714 0.034897
v -0.049328 0.207766 0.197885
v -0.049328 0.207766 0.197885
v -0.049393 -0.415381 0.073742
v -0.049650 -0.015198 -0.013592
v -0.049650 -0.015198 -0.013592
v -0.049708 0.326696 -0.125269
v -0.049900 0.020681 -0.075592
v -0.049900 0.020681 -0.075592
v -0.049900 0.020681 -0.075592
v -0.049998 -0.424335 -0.066439
v -0.050016 -0.055400 0.067124
v -0.050080 0.350358 -0.075582
v -0.050094 0.000362 0.073612
v -0.050094 0.000362 0.073612
v -0.050137 0.294670 0.143661
v -0.050152 0.215936 -0.197427
v -0.050177 0.245071 -0.184694
v -0.050180 -0.068218 -0.050959
v -0.050241 -0.188193 0.067390
v -0.050241 -0.188193 0.067390
v -0.050289 -0.369222 -0.065932
v -0.050312 -0.024627 -0.027219
v -0.050320 -0.168378 -0.066038
v -0.050320 -0.168378 -0.066038
v -0.050320 -0.168378 -0.066038
v -0.050464 -0.089445 -0.047333
v -0.050497 -0.498719 -0.070076
v -0.050518 -0.220055 -0.103265
v -0.050548 0.129794 0.200541
v -0.050716 -0.416622 0.108237
v -0.050800 0.179849 -0.084555
v -0.050853 -0.025051 0.053554
v -0.050853 -0.025051 0.053554
v -0.050878 0.192481 0.210870
v -0.050878 0.192481 0.210870
v -0.050909 -0.319332 0.115030
v -0.050970 0.371872 0.069457
v -0.051029 -0.341387 -0.058823
v -0.051034 -0.058518 0.049306
v -0.051034 -0.058518 0.049306
v -0.051168 0.216563 0.094557
v -0.051168 0.216563 0.094557
v -0.051168 0.216563 0.094557
v -0.051352 -0.205004 0.088148
v -0.051357 -0.382381 -0.068332
v -0.051377 0.066663 0.076534
v -0.051429 0.142913 -0.086901
v -0.051503 -0.146477 0.083332
v -0.051503 -0.146477 0.083332
v -0.051687 -0.075600 0.069836
v -0.051707 -0.114220 0.056279
v -0.051707 -0.114220 0.056279
v -0.051707 -0.114220 0.056279
v -0.051716 -0.395443 -0.074137
v -0.051767 -0.469100 -0.060281
v -0.051833 -0.110379 0.069038
v -0.051833 -0.110379 0.069038
v -0.051843 -0.146453 -0.057564
v -0.051950 -0.078560 -0.064349
v -0.051959 -0.437745 -0.061517
v -0.052024 0.292533 -0.156636
v -0.052097 0.080804 0.074429
v -0.052097 0.080804 0.074429
v -0.052143 0.223241 -0.101752
v -0.052160 0.179569 0.128928
v -0.052168 -0.076763 0.053190
v -0.052168 -0.076763 0.053190
v -0.052206 -0.310327 -0.050416
v -0.052341 0.177646 -0.150024
v -0.052361 -0.126900 -0.069418
v -0.052361 -0.126900 -0.069418
v -0.052361 -0.126900 -0.069418
v -0.052409 0.139704 -0.183774
v -0.052578 0.051437 -0.079030
v -0.052578 0.051437 -0.079030
v -0.052612 -0.130687 0.071895
v -0.052612 -0.130687 0.071895
v -0.052733 0.344636 -0.088473
v -0.052850 -0.043755 -0.041663
v -0.052896 -0.144893 -0.080557
v -0.052896 -0.144893 -0.080557
v -0.052906 -0.095008 0.055792
v -0.052906 -0.095008 0.055792
v -0.053227 -0.287864 0.112995
v -0.053330 0.153324 0.213158
v -0.053514 -0.361386 -0.117815
v -0.053605 -0.013336 0.008680
v -0.053643 0.294267 -0.143567
v -0.053866 0.233516 0.095379
v -0.053866 0.233516 0.095379
v -0.053866 0.233516 0.095379
v -0.053872 -0.215839 -0.052809
v -0.053872 -0.215839 -0.052809
v -0.054007 0.392042 -0.069880
v -0.054007 0.392042 -0.069880
v -0.054041 0.149328 -0.212727
v -0.054041 0.149328 -0.212727
v -0.054048 -0.208710 0.067526
v -0.054230 0.041097 -0.067487
v -0.054523 -0.422397 -0.106243
v -0.054593 -0.471238 -0.118532
v -0.054593 -0.471238 -0.118532
v -0.054610 0.296344 -0.147889
v -0.054620 0.399799 -0.005559
v -0.054620 0.399799 -0.005559
v -0.054665 0.390093 -0.032273
v -0.054729 -0.427905 0.109441
v -0.054729 -0.427905 0.109441
v -0.054763 0.041949 -0.066635
v -0.054763 0.041949 -0.066635
v -0.054781 -0.146003 0.063658
v -0.054843 0.041560 -0.066635
v -0.054903 -0.284353 0.046647
v -0.054903 -0.284353 0.046647
v -0.055039 0.350576 -0.066371
v -0.055039 0.350576 -0.066371
v -0.055095 -0.358028 -0.053217
v -0.055099 0.029679 -0.068972
v -0.055143 0.324694 0.123266
v -0.055214 0.374781 0.047264
v -0.055214 0.374781 0.047264
v -0.055587 -0.218240 0.068917
v -0.055615 0.041246 -0.065783
v -0.055684 -0.238332 -0.099910
v -0.055684 -0.238332 -0.099910
v -0.055704 0.389204 -0.073101
v -0.055704 0.389204 -0.073101
v -0.055735 -0.369059 0.066818
v -0.055924 0.345962 0.073121
v -0.055980 -0.365498 -0.112033
v -0.056168 0.050676 0.062806
v -0.056229 0.051491 0.073426
v -0.056414 0.143385 0.190519
v -0.056535 0.075004 -0.017534
v -0.056535 0.075004 -0.017534
v -0.056644 0.337648 0.109810
v -0.056644 0.337648 0.109810
v -0.056735 0.144374 -0.204810
v -0.057149 -0.387983 -0.109936
v -0.057149 -0.387983 -0.109936
v -0.057474 0.374283 -0.046172
v -0.057474 0.374283 -0.046172
v -0.057474 0.374283 -0.046172
v -0.057525 -0.406300 -0.075417
v -0.057525 -0.406300 -0.075417
v -0.057525 -0.406300 -0.075417
v -0.057574 0.217236 0.190641
v -0.057574 0.217236 0.190641
v -0.057667 -0.468253 0.058626
v -0.057780 -0.209173 -0.083249
v -0.058006 0.331112 -0.114543
v -0.058515 -0.497841 -0.119399
v -0.058633 0.366796 -0.068043
v -0.058695 0.073282 0.019718
v -0.058832 -0.335809 -0.059933
v -0.058964 -0.394363 -0.074487
v -0.058964 -0.394363 -0.074487
v -0.058964 -0.394363 -0.074487
v -0.059047 -0.226278 0.089149
v -0.059047 -0.226278 0.089149
v -0.059125 0.151558 0.206125
v -0.059144 -0.270401 -0.047778
v -0.059203 0.258218 0.175211
v -0.059211 0.393362 0.064864
v -0.059211 0.393362 0.064864
v -0.059507 0.350483 0.055956
v -0.059507 0.350483 0.055956
v -0.059622 0.200627 -0.120524
v -0.059622 0.200627 -0.120524
v -0.059748 -0.442589 0.059888
v -0.059859 0.206612 -0.090094
v -0.059990 0.382480 -0.051954
v -0.059990 0.382480 -0.051954
v -0.059990 0.382480 -0.051954
v -0.060013 0.149109 -0.080321
v -0.060118 0.310292 -0.127975
v -0.060167 -0.392092 0.103582
v -0.060167 -0.392092 0.103582
v -0.060197 0.230192 -0.175498
v -0.060198 0.267129 -0.173778
v -0.060198 0.267129 -0.173778
v -0.060357 0.391444 0.016228
v -0.060424 0.287312 0.158634
v -0.060424 0.287312 0.158634
v -0.060546 -0.011354 0.034683
v -0.060546 -0.011354 0.034683
v -0.060546 -0.011354 0.034683
v -0.060602 0.087605 -0.075015
v -0.060602 0.087605 -0.075015
v -0.060602 0.087605 -0.075015
v -0.060609 0.064154 0.031880
v -0.060609 0.064154 0.031880
v -0.060609 0.064154 0.031880
v -0.060630 -0.492059 -0.053207
v -0.060630 -0.492059 -0.053207
v -0.060659 0.204991 0.080947
v -0.060715 0.059057 -0.067466
v -0.060728 0.288410 -0.159744
v -0.060801 -0.002010 -0.007926
v -0.060801 -0.002010 -0.007926
v -0.060842 0.003563 0.059672
v -0.060842 0.003563 0.059672
v -0.060946 0.011221 -0.062834
v -0.060946 0.011221 -0.062834
v -0.060950 0.203590 0.118629
v -0.060950 0.203590 0.118629
v -0.061127 0.026299 0.062838
v -0.061152 0.050838 -0.056038
v -0.061237 0.393270 -0.008063
v -0.061237 0.393270 -0.008063
v -0.061273 0.180406 -0.206332
v -0.061444 0.333140 -0.111438
v -0.061653 -0.346726 -0.115889
v -0.061663 -0.497317 0.118288
v -0.061663 -0.497317 0.118288
v -0.061665 -0.405708 0.078665
v -0.061665 -0.405708 0.078665
v -0.061783 -0.011484 -0.046023
v -0.061783 -0.011484 -0.046023
v -0.061783 -0.011484 -0.046023
v -0.061842 0.242545 -0.097586
v -0.061870 -0.425626 -0.111967
v -0.061879 -0.393174 0.076619
v -0.061879 -0.393174 0.076619
v -0.061879 -0.393174 0.076619
v -0.062275 -0.359206 0.057594
v -0.062405 0.390430 -0.003582
v -0.062444 0.060813 -0.037135
v -0.062472 -0.332364 -0.119362
v -0.062530 0.152336 0.173408
v -0.062567 -0.310112 0.059157
v -0.062593 -0.366825 -0.074150
v -0.062699 -0.229722 -0.072481
v -0.062699 -0.229722 -0.072481
v -0.062729 0.082125 -0.061981
v -0.062756 0.198540 -0.077539
v -0.062756 0.198540 -0.077539
v -0.062784 0.085767 0.072088
v -0.062987 0.288332 0.138185
v -0.062987 0.288332 0.138185
v -0.063024 0.380790 -0.025869
v -0.063024 0.380790 -0.025869
v -0.063025 0.287392 -0.139177
v -0.063113 -0.499933 0.100017
v -0.063135 0.243798 0.097634
v -0.063142 0.398048 0.053501
v -0.063197 -0.366238 0.104928
v -0.063205 0.070978 0.022582
v -0.063231 0.178743 -0.138680
v -0.063231 0.178743 -0.138680
v -0.063469 -0.343155 0.064478
v -0.063671 0.238081 0.181364
v -0.063707 0.162946 -0.159945
v -0.063713 0.376564 0.030040
v -0.063779 0.163962 0.076985
v -0.063779 0.163962 0.076985
v -0.064145 0.073361 -0.020050
v -0.064206 0.282507 -0.153929
v -0.064217 -0.462172 0.116053
v -0.064260 -0.268505 0.106307
v -0.064260 -0.268505 0.106307
v -0.064313 -0.472098 0.115224
v -0.064383 -0.493189 0.052038
v -0.064444 0.352284 0.053167
v -0.064461 0.277186 0.151578
v -0.064461 0.277186 0.151578
v -0.064502 -0.422809 0.109648
v -0.064609 0.100594 -0.075068
v -0.064609 0.100594 -0.075068
v -0.064762 0.229921 -0.106027
v -0.064762 0.229921 -0.106027
v -0.064824 0.143825 0.073169
v -0.064824 0.143825 0.073169
v -0.064824 0.143825 0.073169
v -0.064865 0.192527 0.073302
v -0.064865 0.192527 0.073302
v -0.064866 0.236872 -0.180679
v -0.064943 -0.258219 0.061331
v -0.064943 -0.258219 0.061331
v -0.064943 -0.258219 0.061331
v -0.064958 -0.460480 -0.115728
v -0.064958 -0.460480 -0.115728
v -0.064958 -0.460480 -0.115728
v -0.064987 -0.335516 -0.063228
v -0.064987 -0.411653 0.090884
v -0.064988 -0.335517 -0.063227
v -0.064988 -0.336369 -0.063472
v -0.065067 0.131258 -0.070624
v -0.065068 -0.335517 -0.063288
v -0.065078 0.238908 -0.092497
v -0.065078 0.238908 -0.092497
v -0.065189 -0.404753 0.068779
v -0.065189 -0.404753 0.068779
v -0.065221 0.293234 0.147373
v -0.065221 0.293234 0.147373
v -0.065311 -0.334665 -0.063227
v -0.065439 -0.411110 -0.089584
v -0.065468 0.345390 -0.051671
v -0.065468 0.345390 -0.051671
v -0.065530 0.153894 0.185911
v -0.065588 0.072566 -0.000363
v -0.065588 0.072566 -0.000363
v -0.065699 0.256368 -0.153362
v -0.065699 0.256368 -0.153362
v -0.065707 -0.355466 0.117301
v -0.065740 0.218115 0.114855
v -0.065846 0.164494 0.199030
v -0.065858 0.003555 0.045687
v -0.065858 0.003555 0.045687
v -0.065883 0.256094 0.152594
v -0.065883 0.256094 0.152594
v -0.065883 0.256094 0.152594
v -0.065964 0.120991 0.067447
v -0.065964 0.120991 0.067447
v -0.066023 0.050689 0.041065
v -0.066023 0.050689 0.041065
v -0.066080 0.230731 -0.168128
v -0.066181 0.095899 0.072499
v -0.066190 0.051060 -0.026661
v -0.066190 0.051060 -0.026661
v -0.066190 0.051060 -0.026661
v -0.066190 0.051060 -0.026661
v -0.066193 0.186629 0.133238
v -0.066212 0.228947 0.167763
v -0.066212 0.228947 0.167763
v -0.066252 0.010002 -0.012298
v -0.066252 0.010002 -0.012298
v -0.066252 0.010002 -0.012298
v -0.066273 0.155450 -0.184981
v -0.066373 0.382811 0.054825
v -0.066381 0.276757 0.160047
v -0.066381 0.276757 0.160047
v -0.066390 -0.451732 -0.060739
v -0.066401 0.051634 0.023424
v -0.066401 0.051634 0.023424
v -0.066428 0.047878 -0.041973
v -0.066523 0.228121 -0.090706
v -0.066523 0.228121 -0.090706
v -0.066697 -0.305187 -0.057777
v -0.066727 -0.404985 -0.069644
v -0.066760 0.337680 -0.070057
v -0.066880 0.082487 0.053852
v -0.066880 0.082487 0.053852
v -0.067051 0.350297 -0.054308
v -0.067085 -0.390570 0.091139
v -0.067085 -0.390570 0.091139
v -0.067134 -0.263988 -0.105293
v -0.067139 0.300756 0.124563
v -0.067163 0.267330 0.170441
v -0.067191 -0.392955 -0.089228
v -0.067191 -0.392955 -0.089228
v -0.067285 -0.338359 0.111351
v -0.067479 -0.367895 -0.083677
v -0.067540 -0.368747 -0.083674
v -0.067544 -0.369599 -0.083642
v -0.067675 0.160055 -0.070949
v -0.067790 0.399721 -0.051050
v -0.067803 0.215491 0.119572
v -0.067803 0.215491 0.119572
v -0.067944 0.273044 -0.162855
v -0.067944 0.273044 -0.162855
v -0.067947 -0.308494 -0.106843
v -0.067980 0.051248 0.011974
v -0.068039 0.289104 -0.153427
v -0.068043 -0.289199 0.062470
v -0.068106 0.019876 -0.042812
v -0.068106 0.019876 -0.042812
v -0.068151 0.052674 0.055650
v -0.068254 -0.364983 0.085284
v -0.068398 0.192258 -0.070036
v -0.068455 -0.321999 0.102987
v -0.068576 0.233740 0.108204
v -0.068576 0.233740 0.108204
v -0.068614 0.376719 -0.018091
v -0.068665 0.297936 -0.123853
v -0.068928 -0.364856 -0.090384
v -0.069055 0.030612 -0.024414
v -0.069055 0.030612 -0.024414
v -0.069182 -0.498706 -0.098763
v -0.069225 0.241888 0.089850
v -0.069251 -0.256437 -0.075172
v -0.069251 -0.256437 -0.075172
v -0.069287 0.177177 -0.160809
v -0.069331 0.023261 0.023512
v -0.069359 -0.361637 -0.095065
v -0.069371 -0.338303 -0.067064
v -0.069465 0.177982 0.196870
v -0.069494 -0.475540 -0.113716
v -0.069678 0.375486 0.007556
v -0.069685 0.318776 0.110946
v -0.069685 0.318776 0.110946
v -0.069802 0.326406 -0.100597
v -0.069922 0.199393 -0.186543
v -0.069980 0.340940 0.037677
v -0.070056 0.243162 0.107129
v -0.070064 0.215359 -0.123028
v -0.070075 0.207270 -0.133071
v -0.070075 0.207270 -0.133071
v -0.070570 0.052854 -0.051150
v -0.070770 0.173635 -0.194011
v -0.070857 0.156381 0.056556
v -0.070857 0.156381 0.056556
v -0.070875 0.082703 -0.042881
v -0.070878 0.227719 0.083167
v -0.070948 0.107558 0.062876
v -0.071114 0.171619 0.163314
v -0.071305 0.259970 0.138441
v -0.071305 0.259970 0.138441
v -0.071391 0.321394 0.107399
v -0.071391 0.321394 0.107399
v -0.071413 -0.402183 -0.104208
v -0.071413 -0.402183 -0.104208
v -0.071429 0.276836 -0.133137
v -0.071429 0.276836 -0.133137
v -0.071733 0.333123 0.062346
v -0.071733 0.333123 0.062346
v -0.071733 0.333123 0.062346
v -0.071735 -0.493376 -0.057517
v -0.071735 -0.493376 -0.057517
v -0.072265 0.166106 0.178761
v -0.072356 0.085233 -0.051085
v -0.072356 0.085233 -0.051085
v -0.072428 0.258030 -0.138412
v -0.072428 0.258030 -0.138412
v -0.072428 0.258030 -0.138412
v -0.072487 0.399016 -0.053760
v -0.072487 0.399016 -0.053760
v -0.072487 0.399016 -0.053760
v -0.072579 0.309182 -0.115490
v -0.072752 0.194920 -0.144986
v -0.072822 0.126322 -0.058198
v -0.072843 -0.348304 -0.064707
v -0.072892 0.222982 -0.080467
v -0.072892 0.222982 -0.080467
v -0.072924 0.226480 0.122744
v -0.072985 -0.270079 -0.093965
v -0.073010 0.285558 0.119613
v -0.073032 0.388476 -0.024342
v -0.073032 0.388476 -0.024342
v -0.073041 0.168197 -0.178597
v -0.073051 0.206644 -0.171867
v -0.073067 -0.358270 0.070600
v -0.073115 0.272602 0.130778
v -0.073115 0.272602 0.130778
v -0.073137 -0.358896 -0.072554
v -0.073159 -0.429694 -0.069239
v -0.073179 -0.273971 0.088758
v -0.073179 -0.273971 0.088758
v -0.073280 0.248462 0.147167
v -0.073395 -0.307016 0.078438
v -0.073455 -0.400854 0.101359
v -0.073455 -0.400854 0.101359
v -0.073455 -0.400854 0.101359
v -0.073463 0.053009 0.037542
v -0.073501 -0.466527 0.060122
v -0.073637 0.204943 0.171707
v -0.073794 0.334555 -0.023697
v -0.073794 0.334555 -0.023697
v -0.073794 0.334555 -0.023697
v -0.073828 0.221234 0.157453
v -0.073915 0.334994 0.012746
v -0.074009 0.160022 -0.052211
v -0.074067 -0.327505 -0.076742
v -0.074068 0.179905 0.157981
v -0.074093 0.201452 0.149547
v -0.074128 -0.470849 -0.059634
v -0.074153 -0.333301 0.087865
v -0.074167 0.174542 0.050091
v -0.074214 0.082761 0.025035
v -0.074214 0.082761 0.025035
v -0.074214 0.082761 0.025035
v -0.074299 0.052492 -0.029697
v -0.074299 0.052492 -0.029697
v -0.074395 0.082424 -0.025912
v -0.074395 0.082424 -0.025912
v -0.074395 0.082424 -0.025912
v -0.074395 0.082424 -0.025912
v -0.074435 0.247584 -0.146773
v -0.074572 0.134551 0.045148
v -0.074572 0.134551 0.045148
v -0.074591 0.251666 -0.088473
v -0.074632 0.180742 -0.061639
v -0.074772 0.192842 0.183036
v -0.074808 0.278839 -0.116684
v -0.074808 0.278839 -0.116684
v -0.074872 0.181005 0.029927
v -0.074897 0.190382 -0.184869
v -0.075135 0.234624 -0.127134
v -0.075135 0.234624 -0.127134
v -0.075135 0.234624 -0.127134
v -0.075397 0.215774 -0.157824
v -0.075430 -0.320316 -0.095510
v -0.075451 0.222318 0.066738
v -0.075451 0.222318 0.066738
v -0.075485 0.242432 0.131867
v -0.075494 0.189611 0.034407
v -0.075496 0.094219 0.058218
v -0.075536 0.386272 0.002142
v -0.075590 -0.311734 -0.072500
v -0.075661 0.052601 0.015059
v -0.075661 0.052601 0.015059
v -0.075661 0.052601 0.015059
v -0.075683 0.252810 -0.114946
v -0.075782 0.262793 -0.101235
v -0.075782 0.262793 -0.101235
v -0.075909 0.399810 0.045185
v -0.075909 0.399810 0.045185
v -0.075909 0.399810 0.045185
v -0.075983 0.257058 0.113852
v -0.075983 0.257058 0.113852
v -0.075998 -0.400633 -0.089006
v -0.075998 -0.400633 -0.089006
v -0.076008 -0.402184 0.086170
v -0.076008 -0.402184 0.086170
v -0.076054 -0.343194 0.076965
v -0.076066 0.224655 -0.135600
v -0.076066 0.224655 -0.135600
v -0.076119 0.351130 0.037419
v -0.076261 0.095027 -0.053640
v -0.076498 0.188284 0.059804
v -0.076498 0.188284 0.059804
v -0.076498 0.188284 0.059804
v -0.076512 -0.350188 -0.074291
v -0.076615 -0.343579 0.099940
v -0.076762 0.232250 -0.075174
v -0.076930 0.355015 -0.040991
v -0.076930 0.355015 -0.040991
v -0.076937 0.246626 0.117577
v -0.076937 0.246626 0.117577
v -0.076937 0.246626 0.117577
v -0.077064 -0.475220 0.109003
v -0.077083 0.382222 0.038203
v -0.077247 0.113648 0.051871
v -0.077282 0.309441 -0.106203
v -0.077348 0.321650 -0.072555
v -0.077464 0.185759 0.165222
v -0.077562 0.402675 0.030853
v -0.077562 0.402675 0.030853
v -0.077628 -0.357386 0.092612
v -0.077670 0.184908 -0.164587
v -0.077877 0.248034 -0.119496
v -0.077877 0.248034 -0.119496
v -0.078025 0.324893 -0.017451
v -0.078025 0.324893 -0.017451
v -0.078040 0.337638 -0.026425
v -0.078040 0.337638 -0.026425
v -0.078190 -0.338550 -0.080749
v -0.078211 0.296150 0.107266
v -0.078214 0.294146 -0.107917
v -0.078240 0.270797 0.101662
v -0.078240 0.270797 0.101662
v -0.078360 0.200174 -0.057538
v -0.078360 0.200174 -0.057538
v -0.078413 -0.427009 0.078499
v -0.078484 0.193354 -0.035804
v -0.078484 0.193354 -0.035804
v -0.078506 -0.432330 -0.098919
v -0.078506 -0.432330 -0.098919
v -0.079219 -0.435783 0.098388
v -0.079219 -0.435783 0.098388
v -0.079396 0.085951 0.030547
v -0.079467 -0.495997 0.075841
v -0.079539 0.200423 -0.047035
v -0.079656 0.085192 0.014511
v -0.079656 0.085192 0.014511
v -0.079826 0.105963 -0.047157
v -0.079837 -0.447509 0.068393
v -0.079968 0.405583 -0.027263
v -0.080440 0.384585 -0.038038
v -0.080440 0.384585 -0.038038
v -0.080494 0.220571 -0.058306
v -0.080511 0.305314 0.096204
v -0.080511 0.305314 0.096204
v -0.080511 0.305314 0.096204
v -0.080513 -0.426715 -0.086327
v -0.080659 0.296569 -0.099484
v -0.080771 0.270637 -0.099024
v -0.080771 0.270637 -0.099024
v -0.080943 0.336472 0.007260
v -0.081113 0.274663 -0.090883
v -0.081113 0.274663 -0.090883
v -0.081281 0.404076 0.005033
v -0.081281 0.404076 0.005033
v -0.081309 0.217402 0.007219
v -0.081465 0.251218 0.074272
v -0.081548 0.221741 0.053587
v -0.081669 0.314329 0.050744
v -0.081669 0.314329 0.050744
v -0.081669 0.314329 0.050744
v -0.081702 -0.495958 -0.085370
v -0.081732 0.315025 -0.045271
v -0.081879 0.177564 0.006196
v -0.081879 0.177564 0.006196
v -0.081879 0.177564 0.006196
v -0.081999 0.131790 -0.030726
v -0.082026 0.243941 -0.008139
v -0.082026 0.243941 -0.008139
v -0.082123 0.247363 -0.057084
v -0.082135 0.290880 0.098359
v -0.082135 0.290880 0.098359
v -0.082163 0.228552 -0.023383
v -0.082313 0.132484 0.028978
v -0.082313 0.132484 0.028978
v -0.082313 0.132484 0.028978
v -0.082631 0.211388 0.034684
v -0.082707 0.303783 -0.080314
v -0.082893 0.184716 -0.009813
v -0.082893 0.184716 -0.009813
v -0.082893 0.184716 -0.009813
v -0.082893 0.184716 -0.009813
v -0.082926 0.224526 -0.046833
v -0.082959 0.258011 -0.039737
v -0.083145 -0.464061 -0.068925
v -0.083193 0.300053 -0.028673
v -0.083193 0.300053 -0.028673
v -0.083193 0.300053 -0.028673
v -0.083338 -0.465160 -0.099284
v -0.083338 -0.465160 -0.099284
v -0.083552 0.097536 0.035080
v -0.083552 0.097536 0.035080
v -0.083597 0.300554 0.067630
v -0.083848 0.254167 0.046214
v -0.083848 0.254167 0.046214
v -0.083848 0.254167 0.046214
v -0.084090 0.276235 -0.037073
v -0.084575 -0.492866 -0.105862
v -0.084616 0.097696 -0.032504
v -0.084616 0.097696 -0.032504
v -0.084674 0.138650 -0.003244
v -0.084674 0.138650 -0.003244
v -0.084703 0.272141 -0.006031
v -0.084703 0.272141 -0.006031
v -0.084703 0.272141 -0.006031
v -0.084966 0.395425 -0.024451
v -0.084966 0.395425 -0.024451
v -0.085148 0.274496 0.037704
v -0.085176 0.234211 0.027831
v -0.085176 0.234211 0.027831
v -0.085205 0.090713 -0.000590
v -0.085205 0.090713 -0.000590
v -0.085205 0.090713 -0.000590
v -0.085672 0.403551 0.017897
v -0.085672 0.403551 0.017897
v -0.085717 0.405697 -0.010694
v -0.085717 0.405697 -0.010694
v -0.085717 0.405697 -0.010694
v -0.085815 0.278641 0.071692
v -0.085815 0.278641 0.071692
v -0.085815 0.278641 0.071692
v -0.085903 0.275210 -0.073992
v -0.085903 0.275210 -0.073992
v -0.085918 0.382758 0.015180
v -0.086175 0.350736 0.014310
v -0.086733 -0.493172 0.101263
v -0.086733 -0.493172 0.101263
v -0.087135 0.348603 -0.013929
v -0.087135 0.348603 -0.013929
v -0.087231 -0.467899 -0.097587
v -0.087656 -0.464228 0.091221
v -0.087656 -0.464228 0.091221
v -0.087677 0.107984 0.007432
v -0.087967 0.370935 -0.009867
v -0.088172 -0.482122 -0.065050
v -0.088172 -0.482122 -0.065050
v -0.088402 -0.481312 0.064401
v -0.088824 -0.463722 -0.083768
v -0.088824 -0.463722 -0.083768
v -0.089118 -0.461948 0.081087
v -0.094845 -0.481584 -0.085706
v -0.094845 -0.481584 -0.085706
v -0.094911 -0.481375 0.084246
v -0.094911 -0.481375 0.084246
vn 0.4465 0.4905 0.7484
vn 0.0332 0.5997 0.7995
vn -0.0217 0.2682 0.9631
vn -0.0431 -0.3937 0.9182
vn 0.4953 -0.0522 0.8671
vn -0.5015 -0.1860 0.8449
vn -0.1121 -0.3166 0.9419
vn -0.0404 -0.2144 0.9759
vn 0.4954 -0.0522 0.8671
vn -0.4896 -0.8714 -0.0320
vn 0.9568 -0.0617 -0.2842
vn -0.3290 -0.0817 0.9408
vn 0.0578 0.1414 0.9883
vn -0.4896 -0.8713 -0.0321
vn -0.5016 -0.1860 0.8449
vn 0.1017 -0.2512 0.9626
vn 0.5237 -0.3410 0.7807
vn -0.2531 -0.4565 0.8530
vn 0.2706 0.0124 0.9626
vn -0.9667 -0.2162 0.1372
vn 0.9166 -0.1873 -0.3532
vn -0.0217 0.2680 0.9632
vn -0.6009 0.3659 0.7107
vn 0.7889 -0.4972 -0.3612
vn -0.6008 0.3659 0.7108
vn -0.0810 -0.3010 -0.9502
vn -0.4213 -0.3451 -0.8387
vn -0.0887 -0.3697 -0.9249
vn 0.9028 -0.4035 0.1487
vn -0.8288 -0.3784 0.4121
vn 0.9817 -0.0854 -0.1703
vn -0.1121 -0.3167 0.9419
vn -0.6458 -0.1532 -0.7480
vn -0.4896 -0.8714 -0.0319
vn 0.2930 0.7575 0.5834
vn -0.4214 -0.3450 -0.8387
vn 0.1981 -0.2953 -0.9346
vn -0.0543 -0.2420 -0.9688
vn -0.0784 0.0451 -0.9959
vn -0.0812 -0.3009 -0.9502
vn 0.7888 -0.4972 -0.3613
vn -0.1649 -0.4815 -0.8608
vn -0.0784 0.0452 -0.9959
vn 0.0300 -0.6637 -0.7474
vn -0.4673 -0.6355 -0.6147
vn -0.9285 -0.3084 0.2067
vn -0.0096 -0.8746 -0.4847
vn 0.9817 -0.0855 -0.1702
vn 0.7822 0.6011 0.1637
vn 0.1552 0.0401 0.9871
vn 0.5620 0.4315 0.7057
vn -0.0817 0.2903 0.9534
vn -0.4908 0.1908 0.8501
vn -0.7860 -0.2468 0.5668
vn 0.2225 0.3198 0.9210
vn 0.1552 0.0402 0.9871
vn -0.9285 -0.3083 0.2069
vn -0.9286 -0.3082 0.2069
vn -0.0096 -0.8746 -0.4848
vn -0.6070 -0.0690 0.7917
vn 0.7503 0.5721 0.3313
vn -0.6830 -0.6669 -0.2979
vn 0.9284 0.3258 0.1787
vn 0.4173 -0.8962 0.1506
vn 0.9817 -0.0856 -0.1703
vn 0.5242 0.2412 0.8167
vn 0.0272 0.3200 0.9470
vn -0.5702 -0.2467 0.7836
vn -0.5704 0.1310 0.8108
vn 0.8954 0.3741 0.2414
vn -0.3409 -0.7548 -0.5604
vn -0.4517 -0.7268 -0.5175
vn -0.1763 0.4908 0.8533
vn 0.8677 0.4883 0.0935
vn -0.3775 -0.8787 -0.2921
vn -0.4759 0.4435 0.7595
vn 0.8325 -0.1483 0.5339
vn 0.9346 0.1779 0.3081
vn 0.2397 0.5886 0.7721
vn -0.7707 -0.6064 0.1954
vn 0.5636 0.6036 0.5639
vn -0.9285 -0.3084 0.2069
vn -0.8397 -0.1547 0.5205
vn 0.7047 0.6473 -0.2905
vn 0.8565 -0.3045 0.4168
vn -0.6358 -0.6854 0.3550
vn 0.9094 -0.2743 0.3126
vn 0.9750 0.0165 -0.2216
vn 0.8237 -0.4600 0.3314
vn -0.1066 0.4953 0.8621
vn 0.7718 0.6097 -0.1805
vn 0.2254 0.5936 0.7725
vn -0.3773 -0.8788 -0.2921
vn -0.3006 -0.5092 0.8065
vn 0.8324 -0.1483 0.5339
vn -0.2695 -0.2574 -0.9280
vn -0.0773 -0.7091 -0.7009
vn 0.7354 0.1751 -0.6546
vn -0.3336 -0.4518 -0.8274
vn 0.7109 -0.4533 -0.5378
vn -0.7979 -0.0637 0.5994
vn -0.7707 -0.6065 0.1954
vn -0.3425 -0.7444 -0.5732
vn 0.5520 0.1705 -0.8162
vn 0.7047 0.6472 -0.2907
vn 0.2807 0.0015 -0.9598
vn 0.9750 0.0165 -0.2217
vn -0.8757 0.0584 0.4793
vn 0.9212 0.3752 0.1030
vn 0.5314 0.6897 0.4919
vn -0.1066 0.4953 0.8622
vn -0.1098 0.7587 0.6421
vn 0.2808 0.0015 -0.9598
vn 0.5313 0.6897 0.4920
vn 0.5522 0.1705 -0.8161
vn 0.7109 -0.4532 -0.5378
vn -0.3006 -0.5093 0.8064
vn 0.8863 0.4630 0.0138
vn 0.2806 0.0015 -0.9598
vn -0.9051 -0.4216 0.0550
vn -0.6357 -0.6855 0.3550
vn 0.5521 0.1705 -0.8161
vn 0.8435 -0.4453 -0.3002
vn 0.8747 -0.1363 -0.4651
vn -0.8662 -0.1148 0.4864
vn -0.8662 -0.1147 0.4864
vn 0.2849 -0.5933 -0.7529
vn -0.2012 -0.8634 -0.4626
vn -0.6815 -0.6656 -0.3042
vn 0.8892 0.3809 -0.2534
vn -0.1647 0.6810 0.7135
vn -0.6737 0.1861 0.7152
vn -0.8973 -0.4100 0.1637
vn 0.4515 0.7855 0.4232
vn -0.8379 -0.0292 0.5450
vn 0.3991 -0.6471 -0.6496
vn -0.3674 -0.7233 -0.5847
vn 0.8774 0.4613 -0.1317
vn 0.8862 0.4630 0.0138
vn -0.6159 -0.7496 -0.2423
vn 0.0956 0.5911 0.8009
vn -0.4912 0.4178 0.7643
vn -0.8295 -0.1221 0.5451
vn -0.0623 -0.6695 -0.7402
vn 0.4612 -0.4388 -0.7712
vn 0.6556 -0.2143 -0.7240
vn 0.7745 0.4895 0.4007
vn -0.8616 -0.4038 0.3075
vn 0.7697 0.1600 -0.6180
vn -0.7584 -0.6516 0.0173
vn 0.5051 0.5321 0.6795
vn -0.4231 0.4883 0.7632
vn -0.8001 0.0492 0.5978
vn -0.4913 0.4178 0.7643
vn 0.9690 0.2454 -0.0278
vn 0.6701 -0.1866 -0.7184
vn -0.1163 -0.8307 -0.5445
vn -0.0785 0.4429 0.8931
vn 0.9679 0.2513 -0.0037
vn -0.6158 -0.7497 -0.2422
vn -0.8455 0.2382 0.4779
vn 0.9028 -0.0232 -0.4293
vn 0.4028 0.6385 0.6558
vn -0.1717 0.5480 0.8187
vn 0.7066 -0.1471 -0.6921
vn -0.8364 -0.5464 -0.0436
vn -0.2726 -0.8342 -0.4794
vn -0.1163 -0.8307 -0.5444
vn 0.1251 0.8140 0.5672
vn -0.8360 -0.5437 0.0740
vn 0.7394 0.5662 -0.3644
vn -0.6553 0.4690 0.5921
vn 0.9299 -0.2158 0.2979
vn 0.3190 -0.5825 -0.7476
vn -0.6220 -0.7032 -0.3445
vn -0.9533 -0.2876 0.0923
vn -0.1477 0.2075 0.9670
vn -0.6554 0.4689 0.5921
vn 0.4875 0.3413 0.8037
vn 0.9588 0.1710 -0.2269
vn 0.8424 0.2014 0.4998
vn 0.7172 -0.3724 -0.5890
vn 0.1236 0.0923 0.9880
vn -0.0786 0.3472 0.9345
vn -0.4549 -0.1251 0.8817
vn 0.6169 -0.6089 0.4987
vn -0.8791 0.1861 0.4387
vn 0.7785 -0.0023 0.6277
vn -0.8791 0.1863 0.4387
vn -0.9285 0.2667 0.2583
vn -0.9933 -0.0717 -0.0904
vn 0.2465 -0.6055 -0.7567
vn -0.6361 -0.6671 -0.3877
vn -0.2217 -0.7033 -0.6755
vn 0.2840 0.4806 0.8297
vn 0.0248 0.4919 0.8703
vn 0.8459 -0.2411 0.4758
vn 0.7029 0.3540 -0.6170
vn 0.6957 0.1932 -0.6919
vn 0.2780 -0.7236 0.6318
vn 0.9592 0.0796 0.2712
vn -0.1446 0.4230 0.8945
vn 0.0008 0.5614 0.8275
vn 0.5806 -0.6492 -0.4914
vn -0.9199 0.1977 0.3386
vn -0.6971 -0.3887 -0.6024
vn 0.3065 -0.4373 -0.8455
vn 0.9385 0.1698 0.3008
vn 0.9976 -0.0251 0.0641
vn 0.5453 -0.5074 -0.6672
vn -0.1662 -0.7498 -0.6405
vn -0.9767 0.0966 0.1917
vn 0.9883 -0.0657 0.1374
vn 0.9978 -0.0164 0.0648
vn -0.6054 0.4841 0.6318
vn 0.7790 -0.5861 0.2228
vn 0.9973 0.0088 0.0734
vn 0.1616 0.5418 0.8248
vn 0.0015 0.5052 0.8630
vn -0.9628 0.1662 0.2132
vn -0.9142 0.2216 0.3393
vn -0.9627 0.1662 0.2133
vn 0.9908 0.0318 0.1314
vn 0.3766 -0.4147 -0.8284
vn 0.2745 -0.7355 -0.6195
vn -0.4482 -0.8218 -0.3519
vn -0.4002 -0.4998 -0.7681
vn -0.2843 0.5214 0.8045
vn -0.9769 -0.1040 -0.1865
vn 0.9938 0.0519 0.0985
vn 0.1198 0.7038 0.7002
vn -0.0591 0.7676 0.6382
vn 0.9656 0.2087 -0.1552
vn 0.4011 0.5585 0.7261
vn -0.9930 0.0182 -0.1167
vn -0.5703 0.8121 0.1237
vn 0.6082 -0.7795 0.1499
vn 0.0485 -0.9885 0.1429
vn 0.3455 -0.6064 0.7162
vn -0.1628 0.1373 0.9771
vn 0.0463 0.7831 0.6202
vn -0.5703 0.8120 0.1237
vn -0.2011 -0.6035 -0.7716
vn -0.8220 -0.3287 -0.4651
vn 0.0962 0.3203 0.9424
vn -0.3968 0.0801 0.9144
vn 0.0485 -0.9886 0.1428
vn -0.2152 0.3129 0.9251
vn 0.3767 0.9143 0.1488
vn 0.3768 0.9143 0.1488
vn -0.8505 0.3501 0.3925
vn -0.9930 0.0181 -0.1167
vn -0.6055 0.4841 0.6317
vn 0.7924 0.0638 0.6067
vn 0.7792 -0.3959 -0.4859
vn 0.5167 -0.5319 -0.6709
vn 0.8882 -0.0941 -0.4497
vn -0.1064 -0.7963 -0.5955
vn 0.0475 0.8797 0.4731
vn -0.3408 0.1420 0.9293
vn 0.9961 -0.0410 0.0783
vn 0.2956 0.9104 0.2895
vn 0.3145 -0.9413 0.1228
vn 0.1650 -0.4852 -0.8587
vn -0.4505 0.7194 0.5288
vn -0.9580 0.1633 0.2358
vn -0.9995 0.0064 0.0314
vn 0.3547 0.8662 0.3519
vn 0.0464 0.7831 0.6202
vn -0.1581 0.4621 0.8726
vn 0.3081 0.4243 0.8515
vn -0.3501 0.5244 0.7761
vn -0.2281 -0.8750 0.4270
vn -0.3968 0.0800 0.9144
vn -0.3409 0.1420 0.9293
vn 0.7210 0.3052 0.6221
vn 0.2473 -0.8266 -0.5055
vn -0.9277 0.1825 0.3256
vn -0.9627 0.1662 0.2134
vn -0.2189 -0.9748 -0.0434
vn 0.7767 -0.6068 0.1689
vn 0.3589 -0.5048 -0.7851
vn -0.5447 -0.4412 -0.7132
vn 0.9772 0.0944 0.1904
vn 0.1522 0.9390 0.3085
vn 0.0859 0.5260 0.8462
vn -0.7549 0.3257 0.5692
vn -0.3157 -0.0943 0.9442
vn -0.2283 -0.8750 0.4270
vn -0.9642 -0.1909 -0.1841
vn 0.5733 0.6670 -0.4758
vn 0.9497 -0.2510 -0.1870
vn 0.9506 0.0184 0.3099
vn -0.0711 0.2863 0.9555
vn 0.4417 0.3936 0.8062
vn 0.0163 -0.5992 -0.8004
vn 0.3258 0.7781 0.5370
vn -0.2661 -0.0623 0.9619
vn 0.4843 -0.6417 -0.5947
vn 0.0859 0.5259 0.8462
vn 0.3242 0.8376 0.4397
vn 0.9506 0.0182 0.3098
vn -0.4208 0.5545 0.7180
vn 0.3120 0.9012 0.3009
vn 0.9533 0.0033 0.3020
vn -0.9923 -0.0810 -0.0938
vn 0.7408 -0.4023 -0.5379
vn 0.9819 -0.1737 -0.0759
vn 0.1285 0.0134 0.9916
vn 0.0857 0.0777 0.9933
vn -0.0007 0.0325 0.9995
vn 0.7541 0.1259 0.6446
vn 0.0806 -0.2578 0.9628
vn -0.5036 -0.0242 0.8636
vn -0.1195 0.4157 0.9016
vn -0.1196 0.4157 0.9016
vn -0.4532 0.0982 0.8860
vn -0.8514 -0.3492 -0.3913
vn 0.1411 0.0522 0.9886
vn 0.4628 0.5624 0.6852
vn -0.2463 -0.6407 0.7272
vn 0.0022 0.5762 0.8173
vn -0.9564 0.0810 0.2805
vn 0.1873 0.9790 -0.0807
vn 0.2874 0.9573 0.0320
vn 0.4617 0.8536 0.2413
vn 0.2561 -0.1269 0.9583
vn 0.0768 -0.3710 0.9254
vn 0.1234 0.1164 0.9855
vn -0.5022 0.0606 0.8626
vn -0.0595 0.4006 0.9143
vn 0.6371 -0.4303 0.6395
vn 0.2314 0.3767 0.8970
vn -0.0936 -0.2870 0.9534
vn 0.6261 -0.4953 -0.6022
vn 0.2189 -0.0028 0.9757
vn 0.2165 0.0094 0.9762
vn 0.0792 0.0059 0.9968
vn 0.0679 0.2695 0.9606
vn -0.2198 0.3698 0.9027
vn -0.4409 -0.0590 0.8956
vn -0.4454 0.3218 0.8355
vn 0.2589 0.0592 0.9641
vn 0.5041 0.8442 0.1823
vn 0.0239 0.0280 0.9993
vn -0.9714 0.0436 0.2334
vn 0.1574 -0.8619 0.4820
vn 0.1425 0.1089 0.9838
vn 0.4629 0.5624 0.6851
vn 0.5979 0.2564 0.7594
vn -0.3600 0.6259 0.6918
vn 0.3269 -0.6237 -0.7100
vn -0.9627 0.1819 0.2004
vn -0.4328 0.0881 0.8972
vn -0.3776 -0.4277 0.8213
vn -0.9997 -0.0134 0.0213
vn 0.6225 -0.4228 0.6586
vn 0.8334 -0.1524 0.5313
vn -0.2613 -0.9502 -0.1697
vn 0.8378 -0.0471 0.5439
vn 0.4245 0.8939 0.1443
vn 0.3912 0.8840 0.2560
vn -0.6477 -0.2663 0.7138
vn 0.4096 0.0840 0.9084
vn 0.0769 -0.3712 0.9254
vn 0.0551 -0.9592 0.2773
vn 0.7264 0.0892 0.6815
vn 0.2166 0.8163 0.5354
vn 0.0125 -0.5248 0.8511
vn 0.0768 -0.3711 0.9254
vn -0.2464 -0.6407 0.7272
vn -0.4999 -0.2482 0.8298
vn 0.1597 -0.6590 0.7350
vn 0.1104 0.2758 0.9548
vn -0.5344 0.5479 0.6436
vn -0.1196 0.4158 0.9016
vn 0.2386 0.8409 0.4858
vn 0.0709 0.8716 0.4850
vn 0.6337 0.7339 0.2446
vn 0.0405 0.9620 0.2699
vn 0.6351 0.1526 0.7572
vn -0.5147 0.4282 0.7428
vn -0.8983 0.1123 0.4248
vn 0.5734 0.6670 -0.4757
vn 0.8604 -0.3492 -0.3712
vn 0.2166 0.8164 0.5353
vn -0.1169 0.8428 0.5254
vn 0.0022 0.5763 0.8172
vn -0.0823 -0.3464 0.9345
vn -0.6182 0.1461 0.7723
vn -0.6996 0.4059 0.5880
vn 0.4562 0.1014 0.8841
vn -0.5551 0.6092 -0.5663
vn 0.6789 0.2006 0.7063
vn -0.9913 -0.0969 0.0893
vn 0.2591 -0.0646 0.9637
vn 0.2580 -0.0788 0.9629
vn -0.0958 -0.0282 0.9950
vn -0.1638 0.0845 0.9829
vn 0.3412 -0.9128 -0.2245
vn 0.2561 -0.1267 0.9583
vn 0.9947 -0.0940 -0.0420
vn 0.6130 0.7801 0.1253
vn 0.3912 0.8840 0.2559
vn 0.6291 0.6450 0.4338
vn 0.3827 0.1353 0.9139
vn -0.0930 0.2683 0.9588
vn 0.5722 -0.3404 0.7461
vn -0.3458 0.0482 0.9371
vn -0.2048 0.0464 0.9777
vn -0.6913 -0.3736 0.6185
vn -0.7365 -0.3798 -0.5597
vn -0.9427 -0.2454 0.2261
vn 0.7672 0.6414 -0.0000
vn 0.1506 0.9805 0.1264
vn 0.5181 0.5291 0.6720
vn 0.7670 -0.0592 0.6389
vn 0.2334 0.8852 -0.4025
vn -0.7227 -0.3423 -0.6004
vn 0.9931 -0.0675 -0.0955
vn 0.4096 0.0838 0.9084
vn 0.4582 0.8114 -0.3628
vn 0.4762 0.8754 0.0831
vn 0.8384 0.0908 0.5374
vn 0.9124 0.1498 0.3810
vn 0.4303 0.0641 0.9004
vn -0.9412 0.2720 -0.2003
vn -0.3311 0.1878 0.9247
vn -0.5353 0.7973 0.2790
vn -0.6996 0.4059 0.5881
vn 0.9019 -0.0548 0.4284
vn -0.1456 0.9893 0.0089
vn -0.0557 -0.2357 0.9702
vn -0.5828 0.7662 0.2707
vn -0.5353 0.7973 0.2789
vn -0.8474 0.4800 0.2272
vn -0.4632 0.2464 0.8513
vn -0.8236 0.1312 0.5518
vn 0.9894 -0.1437 0.0197
vn 0.6070 -0.4168 0.6766
vn 0.8603 -0.3493 -0.3712
vn 0.4868 0.8352 0.2557
vn 0.1228 0.1607 0.9793
vn -0.1295 0.9603 0.2469
vn 0.5041 -0.2229 0.8344
vn -0.7167 0.1863 0.6721
vn -0.7957 0.0540 0.6033
vn -0.8489 -0.2678 -0.4557
vn 0.6492 -0.2195 0.7282
vn 0.5806 -0.1504 0.8002
vn -0.4886 -0.6719 -0.5566
vn 0.5553 0.8008 -0.2244
vn 0.6943 0.7001 0.1667
vn 0.2896 -0.3294 0.8987
vn -0.1956 0.0555 0.9791
vn 0.5095 -0.0496 0.8591
vn 0.5965 -0.7910 0.1360
vn -0.2440 0.6386 -0.7298
vn -0.6472 0.5133 0.5636
vn 0.2212 -0.0605 0.9733
vn 0.4265 -0.3023 0.8525
vn -0.1873 0.9539 0.2344
vn 0.9782 0.1997 0.0564
vn 0.3700 -0.9163 -0.1535
vn -0.2612 -0.9502 -0.1697
vn -0.4410 -0.5215 0.7304
vn -0.9977 0.0610 0.0284
vn -0.1953 0.9096 -0.3668
vn -0.6359 -0.1673 0.7534
vn -0.3578 0.1181 0.9263
vn -0.9448 0.1420 0.2952
vn -0.7365 -0.5167 0.4366
vn 0.1163 -0.9931 0.0166
vn 0.7672 0.6414 0.0001
vn -0.4554 0.2599 0.8515
vn 0.9901 -0.0400 0.1342
vn -0.1737 0.9118 -0.3720
vn 0.2554 0.9456 0.2017
vn 0.1468 -0.2264 0.9629
vn 0.1394 0.3764 0.9159
vn 0.1387 -0.1894 0.9721
vn -0.0708 0.1778 0.9815
vn -0.1620 -0.3973 0.9033
vn -0.0939 0.4414 0.8924
vn -0.2071 0.0831 0.9748
vn 0.6535 0.0690 0.7537
vn 0.0716 0.1505 0.9860
vn -0.0063 -0.6372 0.7706
vn 0.7985 0.0555 0.5994
vn 0.5965 -0.7910 0.1359
vn 0.6316 -0.0804 0.7711
vn 0.5923 -0.2648 0.7610
vn 0.6257 -0.1165 0.7713
vn 0.9912 -0.1266 -0.0390
vn 0.1376 0.9357 0.3249
vn -0.3534 0.1072 0.9293
vn -0.9073 -0.3993 0.1316
vn 0.5835 0.1018 0.8057
vn 0.4489 0.0863 0.8894
vn 0.2174 -0.1712 0.9609
vn 0.2039 -0.1552 0.9666
vn 0.3995 -0.0718 0.9139
vn 0.7620 -0.1292 0.6346
vn 0.9782 0.1997 0.0562
vn 0.9832 -0.0101 0.1821
vn -0.0824 -0.9961 0.0322
vn -0.6792 0.5108 0.5270
vn -0.8489 -0.5053 -0.1549
vn -0.1389 0.9634 0.2294
vn 0.4040 0.2005 0.8925
vn 0.0058 -0.0013 1.0000
vn 0.2724 -0.0243 0.9619
vn 0.4636 -0.0299 0.8855
vn -0.0801 -0.5735 0.8153
vn 0.2237 -0.6931 0.6852
vn 0.2897 -0.3294 0.8986
vn 0.0614 -0.4051 0.9122
vn -0.4892 -0.5574 0.6708
vn -0.7166 0.1863 0.6722
vn 0.2715 0.1849 0.9445
vn -0.0752 0.2563 0.9637
vn 0.2038 -0.1552 0.9666
vn -0.2700 -0.9187 -0.2881
vn -0.0928 0.1553 0.9835
vn -0.0614 0.1310 0.9895
vn 0.5806 -0.1502 0.8002
vn 0.9556 -0.2944 -0.0107
vn -0.2729 0.4245 0.8633
vn 0.0945 -0.0037 0.9955
vn -0.0433 -0.0861 0.9953
vn -0.2928 -0.3976 0.8696
vn -0.3617 0.3056 0.8808
vn -0.8750 0.0954 0.4746
vn -0.7366 -0.5165 0.4366
vn -0.9702 -0.0302 0.2405
vn 0.3459 0.1149 -0.9312
vn 0.9180 -0.0010 -0.3965
vn 0.6092 -0.2874 0.7391
vn 0.6059 0.7607 0.2327
vn 0.3888 0.0934 0.9166
vn 0.7621 -0.1292 0.6344
vn 0.9768 -0.1336 0.1673
vn -0.1376 0.1344 0.9813
vn 0.3410 0.2249 -0.9127
vn 0.9891 -0.0512 -0.1377
vn 0.8314 -0.0366 0.5544
vn 0.5540 0.0296 0.8320
vn 0.1870 0.2630 0.9465
vn -0.0125 0.1231 0.9923
vn 0.4355 -0.6650 0.6068
vn 0.3878 0.2670 0.8822
vn 0.5774 0.7818 -0.2354
vn 0.2533 -0.1344 0.9580
vn 0.9970 -0.0080 0.0770
vn 0.6372 -0.4303 0.6394
vn 0.5041 -0.2228 0.8344
vn 0.2211 -0.0605 0.9734
vn 0.3271 -0.6237 -0.7100
vn -0.2501 -0.7712 0.5854
vn -0.9854 0.1027 0.1356
vn -0.7708 0.1781 0.6117
vn -0.6835 0.4437 0.5797
vn -0.9466 0.2987 0.1211
vn 0.3660 -0.1497 0.9185
vn 0.0377 0.1729 0.9842
vn -0.1908 0.1047 0.9760
vn 0.2174 -0.1712 0.9610
vn -0.0063 -0.6373 0.7706
vn -0.0799 -0.1129 0.9904
vn -0.4779 0.1440 0.8665
vn -0.2260 -0.1832 0.9567
vn -0.1937 -0.0152 0.9809
vn 0.1972 0.7911 0.5790
vn -0.4070 0.3877 0.8271
vn -0.7494 -0.0646 0.6590
vn -0.5959 0.6143 0.5173
vn -0.6792 0.5107 0.5272
vn -0.9747 0.0996 0.2002
vn -0.0090 -0.0527 0.9986
vn 0.0434 0.0449 0.9980
vn -0.3670 -0.6888 0.6252
vn -0.8761 0.1259 0.4654
vn 0.0335 -0.9953 -0.0906
vn 0.8484 -0.2955 0.4392
vn 0.2185 -0.0592 0.9740
vn 0.1033 -0.3027 0.9475
vn -0.1868 -0.2537 0.9491
vn -0.2744 -0.0000 0.9616
vn 0.5433 -0.7695 -0.3357
vn -0.7550 -0.4972 0.4275
vn -0.2991 0.1758 0.9379
vn -0.7641 0.2348 0.6009
vn -0.8683 0.3330 0.3676
vn -0.9707 -0.1950 0.1402
vn -0.7994 0.1837 0.5720
vn -0.0335 -0.9573 -0.2871
vn 0.9419 0.0377 0.3339
vn 0.8673 -0.2875 0.4064
vn 0.3551 0.1871 0.9159
vn 0.1394 0.3763 0.9160
vn 0.8592 0.4724 0.1964
vn -0.3768 -0.1943 0.9057
vn -0.9840 0.1527 0.0923
vn 0.3037 0.6550 -0.6919
vn 0.6795 0.1536 0.7174
vn 0.1676 0.0821 0.9824
vn -0.3759 0.1203 0.9188
vn 0.9086 -0.1801 -0.3768
vn 0.4867 0.8353 0.2557
vn -0.3768 -0.1942 0.9057
vn -0.1624 -0.0351 0.9861
vn -0.4955 -0.2735 0.8244
vn -0.4302 0.0446 0.9016
vn -0.6431 -0.0922 0.7602
vn -0.6428 0.5110 0.5707
vn 0.4942 -0.2183 0.8415
vn 0.3660 -0.1498 0.9185
vn 0.4416 -0.1855 0.8778
vn 0.9664 0.1259 0.2241
vn 0.3681 -0.1054 0.9238
vn -0.5057 -0.1614 0.8475
vn 0.1578 -0.9874 0.0076
vn -0.8218 0.2451 0.5144
vn -0.3349 -0.1662 0.9275
vn -0.3350 -0.1662 0.9274
vn -0.7774 -0.0625 0.6259
vn 0.7380 0.2591 0.6230
vn -0.7968 -0.5963 0.0975
vn -0.7828 -0.4217 0.4575
vn 0.7063 -0.0134 0.7078
vn 0.6667 0.6435 0.3759
vn -0.4251 0.6360 0.6440
vn -0.2510 -0.5938 -0.7645
vn 0.7288 -0.6821 0.0598
vn 0.8901 -0.4200 -0.1769
vn -0.6698 0.1295 0.7311
vn -0.7126 -0.0148 0.7014
vn -0.4346 0.8734 0.2197
vn -0.7085 -0.3447 0.6158
vn 0.4661 0.1507 0.8718
vn 0.6556 0.0208 0.7548
vn 0.5658 0.7863 0.2481
vn -0.4251 0.6361 0.6440
vn 0.6669 0.6434 0.3759
vn 0.7570 0.4523 -0.4716
vn -0.8132 0.4505 0.3685
vn -0.1113 -0.4758 0.8725
vn -0.7831 -0.2670 0.5616
vn -0.7122 0.0018 0.7020
vn -0.9162 -0.3513 -0.1927
vn -0.9753 -0.2206 -0.0107
vn 0.3410 -0.9129 -0.2245
vn 0.5133 -0.0801 0.8545
vn -0.8603 -0.4348 -0.2662
vn 0.7535 0.1933 0.6284
vn 0.6198 0.1233 0.7750
vn 0.2396 0.7220 0.6491
vn 0.7570 0.4522 -0.4716
vn 0.9123 0.1499 0.3810
vn 0.9776 0.1886 -0.0931
vn -0.4778 0.1440 0.8666
vn -0.5815 0.0633 0.8111
vn -0.7683 0.3379 0.5436
vn -0.5479 0.0620 0.8343
vn 0.8124 0.2163 0.5415
vn -0.7564 -0.6109 0.2339
vn 0.4039 0.0327 0.9142
vn 0.1927 -0.9380 0.2883
vn 0.8079 -0.5893 0.0044
vn -0.6779 -0.0165 0.7350
vn 0.4204 0.1558 0.8939
vn 0.8339 -0.1200 0.5387
vn 0.7320 0.0672 0.6780
vn 0.7058 0.2414 0.6660
vn 0.6331 0.1074 0.7666
vn 0.6238 -0.2032 0.7547
vn 0.4953 -0.1311 0.8588
vn 0.6821 0.6901 0.2419
vn 0.4839 0.3463 -0.8037
vn 0.8217 -0.5267 -0.2177
vn -0.8474 0.4800 0.2271
vn -0.8368 0.5319 0.1297
vn 0.4205 0.1558 0.8938
vn 0.1071 0.2269 0.9680
vn 0.1070 0.2269 0.9680
vn 0.9161 0.1885 -0.3538
vn 0.8592 0.4725 0.1964
vn -0.8674 0.3059 0.3925
vn -0.8616 0.4860 0.1463
vn -0.9055 0.2316 -0.3555
vn -0.6792 0.5109 0.5270
vn -0.8762 -0.3401 -0.3414
vn 0.7697 -0.1483 0.6209
vn 0.6238 0.0421 -0.7805
vn 0.7863 -0.0787 -0.6128
vn 0.9081 -0.0018 0.4188
vn 0.9390 0.3337 0.0827
vn -0.7787 0.0307 0.6267
vn -0.3867 -0.9055 -0.1749
vn -0.9977 -0.0178 0.0650
vn 0.3458 0.1149 -0.9313
vn 0.9730 0.1041 0.2062
vn 0.8865 0.4460 0.1231
vn -0.2508 -0.5938 -0.7645
vn -0.0006 -0.1889 -0.9820
vn 0.0149 0.9166 0.3995
vn 0.2460 -0.3874 -0.8885
vn -0.3740 0.2265 0.8993
vn -0.9184 0.2597 0.2986
vn -0.9339 0.0581 0.3528
vn -0.8388 -0.1599 -0.5204
vn -0.6178 0.7625 -0.1920
vn -0.7940 -0.5946 0.1264
vn 0.5987 -0.0251 0.8006
vn -0.5299 -0.3282 -0.7820
vn 0.1033 -0.3026 0.9475
vn 0.5509 0.0307 0.8340
vn -0.1240 0.1089 0.9863
vn -0.3866 -0.4621 0.7981
vn -0.7126 -0.0150 0.7014
vn -0.6840 -0.5439 0.4861
vn -0.4892 -0.5575 0.6708
vn -0.7731 -0.3097 0.5535
vn -0.9450 0.0264 -0.3260
vn -0.9488 -0.2186 0.2281
vn -0.9287 0.2796 -0.2436
vn 0.6942 0.0511 0.7180
vn 0.8696 -0.2511 0.4251
vn 0.7644 0.4635 0.4481
vn -0.1908 0.1182 0.9745
vn 0.6979 0.3744 -0.6105
vn 0.2278 0.3596 -0.9049
vn -0.5562 0.0484 0.8296
vn -0.7709 0.1781 0.6116
vn -0.9315 0.0729 0.3563
vn 0.6533 -0.4237 0.6274
vn 0.8799 0.0935 0.4659
vn 0.8807 0.4054 0.2451
vn 0.7940 0.5925 0.1357
vn 0.2278 0.3595 -0.9049
vn 0.6190 -0.1492 -0.7711
vn -0.6993 -0.3065 0.6458
vn 0.5801 -0.0811 0.8105
vn 0.8376 0.3171 0.4448
vn 0.9228 0.1993 0.3298
vn 0.5565 -0.5362 0.6346
vn 0.2952 -0.0657 -0.9532
vn 0.3409 0.2249 -0.9128
vn 0.7459 0.1865 0.6394
vn -0.3284 0.7990 0.5037
vn -0.8042 -0.5910 0.0628
vn -0.7478 0.1255 0.6519
vn -0.7308 0.0727 0.6787
vn -0.9383 0.0797 -0.3366
vn 0.0945 -0.1244 -0.9877
vn -0.2700 -0.3269 -0.9057
vn 0.8962 0.1380 -0.4216
vn -0.1909 0.1181 0.9745
vn -0.6417 -0.0675 0.7640
vn -0.6149 0.0623 0.7861
vn 0.8635 0.2108 0.4582
vn 0.8887 -0.2962 0.3501
vn 0.9153 -0.2625 -0.3054
vn 0.9322 -0.3226 0.1640
vn 0.9578 -0.2014 -0.2050
vn -0.1301 0.6634 -0.7369
vn 0.6170 -0.0267 0.7865
vn 0.7215 0.0602 0.6898
vn 0.5437 0.1025 0.8330
vn -0.5604 0.0981 0.8224
vn -0.3760 0.1203 0.9188
vn -0.6069 0.1155 0.7863
vn -0.8204 0.0614 0.5685
vn -0.9923 0.1233 0.0137
vn -0.9753 -0.2206 -0.0108
vn 0.6905 -0.0583 0.7210
vn 0.8315 -0.0366 0.5543
vn 0.8569 -0.3588 0.3701
vn 0.3245 0.2815 0.9030
vn -0.1110 0.0361 0.9932
vn 0.0384 -0.2883 0.9568
vn 0.3312 0.5917 -0.7350
vn 0.3312 0.5916 -0.7351
vn -0.7457 -0.2180 0.6296
vn 0.7630 -0.0011 0.6464
vn 0.8124 0.2162 0.5415
vn 0.1625 0.7305 -0.6633
vn 0.9307 -0.1717 -0.3230
vn 0.0944 -0.1244 -0.9877
vn -0.1629 -0.3257 0.9313
vn 0.3825 0.8007 -0.4611
vn -0.8745 -0.1383 0.4649
vn -0.7457 -0.2179 0.6296
vn -0.9819 0.1882 0.0223
vn -0.9550 0.2723 -0.1177
vn -0.7681 0.0129 0.6402
vn 0.7419 -0.0905 0.6644
vn 0.5193 -0.0300 0.8540
vn -0.8043 -0.5909 0.0628
vn -0.9138 -0.0224 0.4055
vn -0.6565 0.0663 0.7514
vn 0.6395 0.1223 0.7590
vn 0.7892 0.0834 0.6085
vn 0.2498 -0.8312 -0.4966
vn 0.4493 0.0423 0.8924
vn 0.4657 0.0199 -0.8847
vn 0.4531 -0.1647 -0.8761
vn 0.3369 -0.5818 -0.7403
vn -0.3990 0.0929 0.9122
vn -0.7709 0.1781 0.6115
vn -0.9883 0.0921 0.1212
vn -0.9840 0.1527 0.0922
vn -0.8194 -0.3866 -0.4233
vn 0.7623 0.0011 0.6472
vn 0.3067 0.8734 -0.3783
vn -0.8694 -0.0830 0.4871
vn 0.8636 0.2108 0.4581
vn -0.9932 -0.1084 0.0434
vn -0.7030 -0.4049 0.5846
vn -0.4482 -0.2411 0.8608
vn -0.7098 -0.0562 0.7022
vn -0.7707 -0.0931 0.6304
vn -0.6829 0.0003 0.7305
vn -0.6565 0.0393 0.7533
vn -0.6681 0.2438 -0.7030
vn 0.9261 0.0709 0.3704
vn 0.1431 -0.4418 0.8856
vn 0.3311 0.5916 -0.7351
vn 0.1084 0.3726 -0.9216
vn -0.8532 0.0461 0.5195
vn -0.3213 0.4042 -0.8564
vn -0.4077 -0.4649 -0.7859
vn -0.7219 -0.2578 -0.6422
vn 0.3028 0.5793 -0.7568
vn -0.9386 0.1633 -0.3040
vn -0.9008 -0.1755 0.3972
vn 0.6078 -0.1369 0.7822
vn 0.9222 0.3225 -0.2135
vn -0.0176 0.5938 -0.8044
vn 0.3700 -0.9163 -0.1536
vn -0.6595 -0.1092 0.7437
vn -0.4482 -0.2410 0.8608
vn -0.9709 0.0635 0.2310
vn -0.9175 -0.3559 -0.1774
vn 0.8619 0.0616 0.5034
vn 0.7993 -0.2525 0.5453
vn -0.6531 -0.0841 -0.7526
vn 0.8453 -0.2942 -0.4460
vn 0.0170 -0.1224 -0.9923
vn 0.1788 0.3541 -0.9180
vn -0.8944 0.3998 -0.2008
vn -0.8590 -0.1912 -0.4749
vn 0.9404 0.0368 0.3381
vn 0.1128 0.2378 -0.9648
vn -0.7632 -0.1057 -0.6374
vn -0.6966 -0.7161 0.0436
vn 0.9927 0.0808 -0.0892
vn 0.9734 0.0891 0.2111
vn 0.7441 -0.6465 -0.1684
vn 0.2394 0.7220 0.6491
vn 0.6614 -0.0024 0.7500
vn 0.0542 0.5814 -0.8118
vn 0.6076 0.6091 -0.5097
vn -0.8003 -0.2385 0.5501
vn 0.9856 0.1675 -0.0221
vn 0.8614 0.0704 0.5031
vn 0.2612 -0.3312 0.9067
vn 0.8084 -0.0940 0.5811
vn 0.4383 -0.1679 -0.8830
vn -0.8956 0.1554 -0.4169
vn 0.8971 0.3677 0.2449
vn -0.8756 -0.3263 -0.3563
vn 0.9332 -0.3558 -0.0498
vn 0.2499 -0.8312 -0.4966
vn 0.8378 -0.2084 0.5047
vn -0.4097 -0.3895 -0.8249
vn -0.8674 0.3058 0.3926
vn -0.0342 -0.2744 -0.9610
vn 0.8971 0.3677 0.2451
vn 0.8940 0.4212 0.1530
vn -0.8756 -0.3261 -0.3563
vn 0.9848 -0.1668 0.0485
vn 0.5234 0.2422 -0.8170
vn 0.2324 0.4951 -0.8372
vn -0.9610 0.0391 -0.2738
vn -0.6329 0.1669 0.7561
vn -0.6329 0.1669 0.7560
vn -0.9279 -0.1130 0.3553
vn 0.8361 0.0911 0.5409
vn 0.8596 0.1038 0.5003
vn 0.9860 0.0016 0.1668
vn 0.1821 -0.4747 0.8611
vn 0.5573 -0.4177 -0.7175
vn 0.6615 -0.0024 0.7500
vn 0.8493 -0.2217 -0.4791
vn 0.3249 -0.1581 -0.9324
vn 0.4178 -0.5799 -0.6994
vn 0.3360 -0.0560 -0.9402
vn 0.4444 -0.3252 -0.8347
vn -0.9989 0.0155 -0.0446
vn -0.8678 -0.1548 0.4722
vn -0.8957 0.1554 -0.4166
vn -0.6150 0.0623 0.7861
vn -0.1600 0.1561 -0.9747
vn -0.8587 -0.0178 -0.5122
vn 0.9432 0.0404 0.3298
vn 0.9664 0.1259 0.2240
vn 0.1127 0.2378 -0.9648
vn 0.5823 0.4777 -0.6578
vn 0.9504 -0.0118 0.3108
vn 0.2498 -0.8313 -0.4966
vn -0.0342 -0.2745 -0.9610
vn -0.8648 -0.1391 0.4825
vn -0.6023 -0.0383 -0.7973
vn -0.4453 0.2124 -0.8698
vn 0.8848 0.0172 0.4657
vn 0.0098 0.6529 -0.7574
vn 0.4275 -0.3359 -0.8393
vn 0.3360 -0.0559 -0.9402
vn -0.4491 -0.0935 -0.8886
vn -0.8333 0.1100 0.5417
vn 0.9848 -0.1669 0.0485
vn 0.7118 0.1433 -0.6876
vn 0.0546 -0.2266 -0.9725
vn 0.7373 -0.1888 0.6487
vn 0.7714 -0.0329 0.6355
vn 0.5047 0.8582 -0.0935
vn 0.0876 -0.9957 -0.0294
vn 0.4516 -0.1685 -0.8762
vn -0.9996 0.0075 -0.0261
vn -0.9170 -0.1386 0.3740
vn -0.7076 -0.1383 -0.6930
vn -0.8857 -0.2437 0.3951
vn 0.9018 0.3288 0.2803
vn -0.8955 -0.2621 -0.3598
vn -0.4306 -0.6230 -0.6530
vn 0.8254 0.5540 0.1088
vn 0.9884 0.0410 0.1460
vn 0.5044 0.6393 0.5804
vn -0.2179 -0.4534 -0.8643
vn -0.7347 0.4438 0.5131
vn -0.9088 0.1367 0.3941
vn 0.9810 -0.1922 -0.0271
vn 0.6381 0.7698 0.0175
vn 0.8879 -0.1383 0.4388
vn 0.4136 -0.3679 -0.8328
vn 0.0443 0.7767 0.6283
vn -0.9765 -0.2040 0.0689
vn -0.7275 -0.0280 -0.6856
vn 0.9506 0.0341 -0.3086
vn 0.6399 0.7100 0.2939
vn 0.2613 -0.3312 0.9067
vn 0.1821 -0.4748 0.8610
vn 0.0929 -0.5770 0.8114
vn 0.8273 0.5389 0.1587
vn 0.4026 0.7890 0.4641
vn 0.1610 0.1437 -0.9764
vn -0.9819 0.1882 0.0222
vn -0.8997 0.3287 -0.2872
vn -0.9884 0.0921 0.1212
vn -0.9538 -0.1153 -0.2774
vn -0.9704 -0.1947 0.1432
vn 0.6790 0.6482 -0.3446
vn -0.7167 -0.1828 0.6730
vn -0.9898 -0.0938 0.1069
vn 0.8993 -0.1484 -0.4113
vn -0.7642 0.2096 -0.6100
vn -0.9319 0.0936 0.3503
vn 0.9421 -0.2300 0.2440
vn 0.4370 -0.1630 0.8846
vn 0.9457 -0.2868 -0.1528
vn 0.9946 -0.0966 -0.0373
vn -0.4307 -0.6230 -0.6530
vn 0.4965 -0.2664 -0.8262
vn 0.6614 -0.0023 0.7500
vn -0.0750 0.5576 -0.8267
vn 0.2095 0.3788 0.9015
vn -0.7947 -0.0708 -0.6029
vn -0.9080 0.0854 -0.4102
vn -0.9538 -0.1153 -0.2775
vn -0.7837 -0.0891 0.6147
vn -0.9806 -0.0685 0.1837
vn -0.9280 -0.1130 0.3550
vn -0.9008 -0.1753 0.3972
vn -0.9738 -0.0607 0.2193
vn -0.9730 0.2301 0.0169
vn 0.9038 0.0766 0.4210
vn 0.3194 0.0016 0.9476
vn -0.1429 0.4839 0.8634
vn -0.1837 0.1342 0.9738
vn 0.6399 0.7101 0.2938
vn -0.0341 -0.0876 -0.9956
vn 0.6661 0.6550 -0.3568
vn 0.4369 -0.1629 0.8846
vn 0.4062 0.7729 -0.4875
vn -0.1855 -0.3272 0.9266
vn 0.5661 0.2592 0.7825
vn -0.8684 -0.2177 -0.4454
vn -0.0871 -0.2121 -0.9734
vn -0.9989 0.0464 -0.0035
vn -0.3305 -0.2651 -0.9058
vn 0.9926 -0.0536 0.1092
vn 0.3315 -0.6126 0.7175
vn -0.9610 0.0391 -0.2739
vn 0.9814 0.1358 0.1360
vn 0.7713 -0.0331 0.6356
vn 0.9687 0.1963 -0.1519
vn 0.6976 0.0442 -0.7151
vn -0.9923 -0.0013 -0.1241
vn -0.5097 0.0089 -0.8603
vn -0.8677 0.1308 0.4796
vn 0.7649 0.5341 -0.3602
vn -0.1838 0.1342 0.9738
vn -0.8351 0.3321 0.4386
vn 0.5429 0.5767 0.6105
vn 0.9199 0.0655 0.3867
vn -0.5640 -0.4752 -0.6754
vn 0.9158 0.0730 0.3949
vn 0.3601 -0.1453 -0.9215
vn -0.8676 0.1310 0.4797
vn -0.9786 -0.2037 -0.0296
vn 0.8975 0.0148 -0.4408
vn 0.9848 -0.0166 0.1730
vn 0.3818 -0.3754 0.8446
vn 0.3827 -0.6051 -0.6981
vn 0.8438 0.3799 0.3790
vn 0.8438 0.3800 0.3790
vn 0.7287 0.6373 0.2506
vn 0.7134 0.0870 0.6953
vn -0.1428 0.4839 0.8634
vn 0.1107 0.7642 0.6354
vn -0.4206 0.6290 0.6538
vn 0.6661 0.6550 -0.3567
vn -0.8306 -0.4368 -0.3455
vn -0.9673 -0.1380 0.2129
vn 0.9808 0.0173 0.1945
vn 0.8701 -0.3483 0.3488
vn 0.8382 0.3541 0.4148
vn -0.4726 0.0373 -0.8805
vn -0.8957 0.1554 -0.4167
vn -0.9283 -0.1423 0.3435
vn -0.8547 -0.1367 0.5008
vn -0.7756 -0.6000 0.1962
vn -0.9820 -0.1886 -0.0077
vn 0.0313 0.5877 -0.8085
vn 0.8862 -0.1201 -0.4475
vn 0.2693 -0.1727 -0.9474
vn 0.6917 -0.2276 -0.6854
vn 0.7621 -0.2416 -0.6007
vn 0.3214 -0.8527 -0.4119
vn -0.8861 -0.4124 0.2115
vn 0.8862 -0.1200 -0.4475
vn 0.9322 -0.3225 0.1640
vn 0.3219 -0.3399 -0.8837
vn 0.8382 0.3540 0.4148
vn -0.1444 -0.9529 0.2668
vn 0.6178 -0.2428 -0.7479
vn -0.6854 -0.1611 -0.7101
vn -0.6052 0.5731 -0.5525
vn 0.9814 0.1358 0.1358
vn 0.4259 0.8815 -0.2040
vn 0.2938 -0.4557 -0.8403
vn 0.3438 0.4063 0.8466
vn -0.5165 0.3410 0.7855
vn 0.7725 0.5508 -0.3160
vn 0.3933 -0.8342 0.3864
vn -0.7274 -0.0280 -0.6856
vn -0.4954 0.2942 0.8173
vn -0.5863 0.4323 -0.6851
vn -0.6038 0.5735 -0.5536
vn -0.8603 -0.5066 -0.0572
vn -0.5813 -0.1007 -0.8074
vn 0.9749 -0.0795 0.2078
vn 0.9640 -0.1790 0.1966
vn 0.7172 -0.6254 0.3074
vn -0.5166 0.3408 0.7855
vn -0.8344 -0.1580 -0.5280
vn -0.9923 -0.0013 -0.1242
vn -0.9766 -0.2040 0.0688
vn -0.9152 -0.3043 -0.2642
vn -0.9690 0.0465 0.2427
vn 0.8815 0.3467 -0.3205
vn 0.7491 0.3414 0.5677
vn -0.4665 -0.2986 -0.8326
vn -0.9757 -0.0784 0.2048
vn 0.0313 0.5876 -0.8085
vn 0.2843 0.4804 -0.8297
vn 0.8330 -0.4858 -0.2646
vn 0.8686 0.1701 -0.4654
vn 0.4275 -0.1868 -0.8845
vn 0.6384 0.7371 -0.2216
vn -0.8250 -0.0561 -0.5623
vn -0.8240 -0.2301 -0.5178
vn 0.4164 -0.7973 0.4369
vn 0.6145 0.0447 -0.7876
vn 0.4515 -0.1685 -0.8762
vn 0.3882 0.8021 -0.4538
vn -0.9989 0.0155 -0.0448
vn -0.9014 -0.0494 0.4301
vn 0.8113 0.5309 -0.2449
vn 0.4297 -0.2467 -0.8686
vn 0.6279 0.4103 -0.6613
vn 0.2842 0.4806 -0.8296
vn -0.5814 -0.1007 -0.8074
vn -0.0120 -0.0509 -0.9986
vn -0.4606 -0.0424 -0.8866
vn -0.9079 0.0854 -0.4103
vn -0.6209 -0.0530 -0.7821
vn -0.8826 -0.1109 -0.4568
vn 0.0514 -0.1343 -0.9896
vn 0.6459 -0.5375 -0.5421
vn 0.9415 -0.1220 -0.3142
vn 0.6438 -0.4016 -0.6514
vn 0.3439 0.4063 0.8465
vn -0.3565 0.6682 0.6530
vn -0.5165 0.3410 0.7854
vn -0.0618 -0.2623 -0.9630
vn -0.0121 -0.0509 -0.9986
vn -0.9198 -0.1089 -0.3769
vn 0.9095 -0.2204 0.3524
vn 0.9126 -0.1129 0.3930
vn 0.2933 -0.4591 -0.8385
vn 0.5530 0.4412 0.7068
vn 0.2658 0.7106 0.6515
vn -0.4664 -0.2986 -0.8326
vn -0.9652 0.2572 0.0464
vn 0.6662 -0.4121 -0.6216
vn 0.1675 -0.0413 -0.9850
vn 0.6441 0.5778 -0.5013
vn -0.9754 -0.0732 0.2078
vn 0.6460 -0.5375 -0.5421
vn 0.5566 0.2987 0.7752
vn -0.8208 -0.1539 0.5501
vn -0.7996 -0.1068 -0.5910
vn -0.9885 -0.1179 0.0943
vn -0.9984 -0.0542 -0.0127
vn 0.9541 0.0030 -0.2994
vn 0.9965 0.0736 -0.0394
vn -0.5339 -0.0906 -0.8407
vn -0.5813 -0.1007 -0.8075
vn 0.0076 0.3710 -0.9286
vn 0.2443 -0.2926 -0.9245
vn 0.2791 0.5178 -0.8087
vn -0.0392 0.9815 0.1872
vn 0.9812 0.1697 -0.0921
vn 0.6279 0.4104 -0.6613
vn 0.8905 -0.3678 -0.2677
vn 0.6308 -0.1099 0.7681
vn -0.3752 0.3355 0.8641
vn 0.5005 0.8279 -0.2532
vn -0.6169 -0.3139 -0.7217
vn -0.9693 0.1090 0.2205
vn 0.5094 -0.2319 -0.8287
vn 0.3225 0.7666 0.5553
vn -0.1443 -0.9529 0.2668
vn -0.5928 -0.5106 0.6228
vn -0.6503 0.6104 0.4522
vn -0.0108 0.9913 0.1311
vn -0.9690 -0.2358 -0.0743
vn 0.9541 0.0030 -0.2993
vn 0.1606 -0.0605 -0.9852
vn 0.8643 0.1027 -0.4924
vn 0.8757 -0.1175 -0.4684
vn -0.5812 -0.1007 -0.8075
vn 0.7710 0.0301 -0.6361
vn 0.3051 -0.3106 -0.9002
vn 0.5216 -0.3857 0.7610
vn 0.1978 0.1049 0.9746
vn -0.2994 0.1554 0.9414
vn -0.3814 -0.4331 -0.8167
vn -0.9992 -0.0267 0.0311
vn 0.0970 -0.6258 0.7739
vn 0.6440 0.5779 -0.5012
vn -0.0749 -0.0639 -0.9951
vn 0.6459 -0.5375 -0.5422
vn 0.8314 0.3400 0.4395
vn -0.3751 0.3355 0.8641
vn 0.2843 0.4805 -0.8296
vn 0.9463 0.2847 0.1534
vn 0.8408 0.2975 -0.4522
vn 0.6384 0.7371 -0.2215
vn 0.1604 -0.0605 -0.9852
vn 0.6279 0.4103 -0.6614
vn 0.9756 -0.0628 0.2103
vn 0.6252 0.0156 0.7803
vn 0.3957 0.9070 -0.1443
vn -0.6287 -0.1780 0.7570
vn -0.2054 -0.1483 -0.9674
vn -0.6964 -0.0257 -0.7171
vn 0.8642 0.1027 -0.4925
vn 0.9733 -0.0334 0.2271
vn 0.8343 0.4506 -0.3177
vn 0.8315 -0.3000 0.4675
vn 0.4722 0.6608 -0.5834
vn -0.2053 -0.1483 -0.9674
vn -0.6209 -0.0528 -0.7821
vn -0.9702 0.2006 0.1359
vn -0.8676 0.1311 0.4796
vn 0.9583 0.2012 -0.2027
vn 0.9584 0.2010 -0.2026
vn 0.5254 -0.2066 -0.8254
vn 0.3767 0.1605 0.9123
vn -0.2995 0.1554 0.9414
vn -0.4732 0.6534 0.5909
vn -0.8444 0.1613 0.5108
vn -0.9839 -0.1786 0.0090
vn -0.9949 0.0968 -0.0284
vn -0.9985 -0.0542 -0.0127
vn 0.3688 -0.1418 -0.9186
vn -0.4746 0.8089 0.3471
vn -0.3751 0.3355 0.8642
vn 0.1064 -0.1092 -0.9883
vn 0.2607 0.5651 0.7828
vn -0.1946 0.5930 0.7814
vn -0.6317 -0.7614 -0.1459
vn 0.8265 -0.5624 -0.0252
vn -0.9992 0.0215 0.0326
vn 0.7919 0.3462 -0.5030
vn 0.5014 -0.0944 -0.8600
vn 0.5254 -0.2064 -0.8254
vn 0.5399 -0.1664 0.8251
vn 0.2014 -0.2950 0.9340
vn 0.0538 -0.2517 -0.9663
vn 0.8547 0.4362 -0.2816
vn -0.6868 -0.1600 -0.7090
vn -0.9705 -0.0165 0.2407
vn 0.9828 -0.0452 0.1791
vn -0.3935 -0.0249 -0.9190
vn -0.4188 -0.1875 -0.8885
vn 0.9878 0.1458 0.0544
vn 0.9812 0.1697 -0.0922
vn 0.7807 0.0576 -0.6223
vn 0.7471 0.0908 0.6584
vn 0.3963 -0.3284 0.8574
vn -0.0003 -0.0233 0.9997
vn -0.5927 -0.5108 0.6228
vn -0.1948 0.5928 0.7814
vn 0.7941 0.3952 -0.4618
vn -0.5080 -0.1071 -0.8547
vn 0.8322 -0.5231 -0.1838
vn -0.9341 0.3539 -0.0469
vn 0.9760 -0.2025 0.0799
vn 0.9101 -0.1180 0.3973
vn 0.9760 -0.2026 0.0799
vn 0.7335 0.3908 0.5561
vn 0.5476 0.4510 0.7048
vn -0.3522 0.1094 0.9295
vn -0.6483 0.1242 -0.7512
vn 0.9350 -0.2567 0.2449
vn 0.8269 -0.1952 0.5273
vn 0.2886 0.8101 0.5103
vn -0.5632 -0.2644 0.7829
vn -0.9949 0.0970 -0.0284
vn 0.6890 -0.2024 -0.6959
vn -0.5273 0.8025 0.2791
vn -0.7486 0.6281 0.2124
vn 0.9584 0.2012 -0.2026
vn 0.8858 0.3821 0.2633
vn 0.9144 0.3883 0.1147
vn -0.4731 0.6534 0.5909
vn -0.3523 0.1094 0.9295
vn -0.5632 -0.2642 0.7829
vn -0.9590 -0.1440 0.2441
vn 0.6353 -0.4162 -0.6505
vn -0.1289 -0.8692 0.4774
vn 0.3021 -0.5136 0.8031
vn -0.8031 -0.5647 -0.1902
vn -0.9695 -0.2449 -0.0087
vn -0.5845 -0.8114 -0.0011
vn 0.9125 -0.1129 0.3931
vn 0.3486 -0.4053 -0.8451
vn 0.5399 -0.1665 0.8251
vn 0.2016 -0.2950 0.9340
vn 0.7762 0.6108 -0.1563
vn 0.9143 0.3883 0.1147
vn 0.9144 0.3882 0.1147
vn 0.0613 -0.3666 -0.9284
vn -0.7279 -0.2120 -0.6521
vn 0.3783 0.9236 -0.0616
vn -0.7490 -0.6540 0.1063
vn -0.9963 -0.0744 0.0432
vn 0.9749 -0.0795 0.2080
vn 0.9463 0.2845 0.1534
vn 0.8089 0.3484 0.4737
vn 0.2388 -0.1302 -0.9623
vn -0.1865 0.9596 0.2106
vn -0.5324 -0.4052 -0.7432
vn 0.8077 0.0665 0.5858
vn 0.7733 -0.1723 0.6102
vn 0.4826 0.8664 0.1284
vn 0.6242 0.7550 -0.2007
vn -0.3936 -0.0249 -0.9189
vn -0.4681 -0.0361 -0.8829
vn -0.9328 -0.2850 0.2207
vn -0.6456 -0.2808 -0.7101
vn -0.5743 -0.3355 -0.7468
vn -0.8394 -0.5408 0.0546
vn 0.2116 0.9423 0.2595
vn -0.8344 -0.0005 0.5511
vn -0.5709 -0.2577 -0.7795
vn 0.9335 -0.3404 0.1128
vn 0.8408 0.4200 0.3415
vn -0.1914 -0.0015 -0.9815
vn -0.1663 -0.2269 -0.9596
vn 0.5833 -0.1901 -0.7897
vn 0.5217 -0.3858 0.7609
vn 0.8440 0.2335 -0.4828
vn 0.6342 0.6882 -0.3524
vn 0.5162 -0.5126 -0.6861
vn 0.4603 -0.1908 -0.8670
vn 0.2363 -0.1308 -0.9628
vn 0.5295 -0.6160 0.5832
vn 0.8417 0.5390 0.0320
vn 0.9076 -0.0268 0.4189
vn 0.1528 -0.2392 -0.9589
vn -0.5274 0.8025 0.2791
vn -0.1914 -0.0013 -0.9815
vn -0.4632 -0.2062 -0.8620
vn -0.9981 0.0527 0.0306
vn -0.5059 -0.7667 -0.3952
vn 0.9990 0.0066 -0.0432
vn 0.6352 -0.6740 0.3771
vn 0.3808 0.0532 0.9231
vn 0.8408 0.4201 0.3415
vn 0.8198 0.0945 0.5648
vn 0.0211 0.1653 -0.9860
vn 0.7761 0.6109 -0.1564
vn 0.8439 0.2336 -0.4830
vn 0.8439 0.2335 -0.4830
vn 0.8089 0.3483 0.4737
vn -0.7222 0.6611 0.2034
vn -0.1224 -0.1230 -0.9848
vn -0.2596 0.9648 -0.0426
vn -0.9607 0.2775 0.0007
vn -0.9986 -0.0457 -0.0266
vn 0.9955 0.0320 -0.0897
vn 0.3247 0.9197 0.2207
vn -0.4747 0.8088 0.3471
vn -0.6904 0.6755 0.2590
vn -0.9993 0.0343 -0.0123
vn -0.9841 0.0597 0.1671
vn -0.9947 0.1029 0.0038
vn 0.8667 0.0408 0.4972
vn 0.9622 -0.0277 0.2710
vn 0.7786 -0.5104 0.3650
vn 0.8609 0.2722 0.4298
vn -0.9670 -0.2490 0.0544
vn 0.8471 0.4188 -0.3273
vn 0.8272 0.5295 -0.1881
vn 0.2544 -0.1228 -0.9593
vn 0.9478 -0.3188 -0.0049
vn 0.9270 0.3745 -0.0202
vn -0.9994 -0.0135 -0.0329
vn 0.9849 -0.1414 -0.0996
vn 0.8383 0.5444 -0.0303
vn 0.9032 -0.2120 0.3732
vn -0.0892 -0.1485 -0.9849
vn -0.9978 0.0645 -0.0169
vn -0.9615 0.2702 -0.0499
vn 0.8604 0.1808 0.4765
vn 0.9638 -0.0984 0.2476
vn 0.4627 -0.7250 0.5101
vn -0.3297 -0.9431 0.0434
vn 0.1622 -0.2081 -0.9646
vn 0.2376 0.9666 -0.0958
vn 0.9547 0.2865 -0.0801
vn -0.3193 -0.2038 -0.9255
vn -0.9937 0.1094 0.0246
vn 0.8779 0.4788 0.0062
vn 0.9704 0.1281 0.2048
vn 0.1589 -0.9868 0.0322
vn -0.9134 -0.4070 -0.0089
vn 0.9778 0.1373 0.1585
vn 0.9778 0.1372 0.1585
vn 0.0090 0.1083 -0.9941
vn -0.3474 0.9377 0.0008
vn 0.8515 0.4470 -0.2741
vn 0.9530 0.2689 -0.1394
vn 0.9547 0.2866 -0.0800
vn 0.9758 0.0848 -0.2018
vn 0.9955 -0.0883 -0.0337
vn -0.3475 0.9377 0.0008
vn -0.1198 -0.3560 -0.9268
vn -0.7848 0.6014 -0.1498
vn 0.9017 -0.4296 0.0489
vn 0.8618 0.4589 0.2160
vn -0.9985 0.0119 -0.0526
vn 0.9976 -0.0232 0.0653
vn 0.9489 -0.3045 -0.0831
vn -0.0684 0.9957 -0.0627
vn 0.9595 -0.2295 -0.1635
vn 0.0086 0.9993 0.0377
vn -0.9518 -0.2912 -0.0966
vn 0.9771 0.2037 0.0616
vn 0.3185 -0.5980 0.7355
vn 0.3338 0.9296 -0.1561
vn -0.0261 -0.1911 -0.9812
vn -0.6745 0.7264 -0.1319
vn -0.9685 -0.2407 -0.0633
vn 0.8684 -0.4870 -0.0931
vn 0.8665 0.4908 -0.0908
vn 0.9621 -0.2710 -0.0291
vn 0.8718 -0.1731 -0.4582
vn -0.8892 0.4125 -0.1978
vn -0.5564 -0.8156 0.1588
vn -0.8842 0.4658 -0.0349
vn 0.9805 0.1302 -0.1470
vn 0.9590 0.0979 -0.2661
vn 0.5451 -0.7118 -0.4430
vn 0.0084 0.9993 0.0377
vn -0.9269 0.3203 -0.1956
vn 0.9866 -0.0483 -0.1560
vn 0.9499 -0.2475 -0.1908
vn 0.9376 -0.1811 -0.2970
vn -0.3492 0.9224 -0.1653
vn -0.1651 -0.2761 0.9468
vn -0.4038 -0.7585 0.5115
vn 0.9467 0.2372 -0.2180
vn 0.7927 0.4504 0.4108
vn -0.6308 0.6641 -0.4012
vn -0.7223 0.6610 0.2035
vn -0.6308 0.6641 -0.4014
vn -0.9228 -0.2591 -0.2852
vn -0.9629 -0.1848 -0.1965
vn 0.9788 -0.0903 -0.1839
vn 0.9478 -0.3189 -0.0049
vn 0.8751 -0.4343 0.2136
vn -0.9982 0.0181 -0.0565
vn 0.9650 -0.2436 0.0971
vn -0.9168 -0.2796 -0.2852
vn -0.9168 -0.2796 -0.2851
vn 0.9803 0.1072 -0.1657
vn 0.9534 -0.0247 -0.3006
vn 0.9590 0.0979 -0.2659
vn -0.9982 0.0181 -0.0564
vn 0.7667 0.5896 0.2542
vn 0.4515 -0.2917 0.8432
vn 0.0232 -0.1892 0.9817
vn 0.5751 0.6983 0.4262
vn -0.9685 -0.2409 -0.0631
vn -0.9886 -0.1179 0.0941
vn 0.9619 0.0660 -0.2653
vn 0.9061 -0.2864 -0.3114
vn 0.6640 -0.4633 -0.5869
vn -0.6308 0.6641 -0.4013
vn 0.2657 0.9554 0.1292
vn 0.9611 0.1612 -0.2243
vn 0.9383 0.1939 -0.2865
vn 0.2441 0.9197 -0.3074
vn 0.8805 0.4037 -0.2486
vn 0.8130 0.4671 0.3476
vn 0.4176 -0.3311 0.8462
vn -0.9603 0.2644 -0.0892
vn 0.5108 0.8597 0.0052
vn -0.9615 0.2703 -0.0501
vn 0.7169 0.3931 -0.5758
vn 0.7092 -0.4123 0.5719
vn -0.1656 -0.8385 -0.5191
vn -0.3297 -0.9431 0.0432
vn 0.8084 -0.1033 -0.5795
vn 0.7932 -0.0164 -0.6087
vn 0.8954 0.0313 -0.4441
vn 0.5113 0.7845 -0.3510
vn -0.2094 -0.1322 0.9689
vn 0.8960 0.3989 0.1951
vn -0.9615 0.2702 -0.0500
vn 0.5044 0.2795 0.8170
vn 0.7876 0.1046 -0.6072
vn 0.7933 -0.0166 -0.6086
vn -0.4005 -0.3332 0.8536
vn -0.9951 0.0196 0.0971
vn -0.7858 -0.5253 -0.3264
vn 0.3263 -0.1956 0.9248
vn 0.4177 -0.3311 0.8461
vn -0.9805 -0.0934 -0.1726
vn 0.9643 -0.0438 -0.2610
vn 0.8164 0.1617 -0.5543
vn 0.0822 0.1881 0.9787
vn 0.6799 0.2354 -0.6945
vn 0.7047 -0.3768 0.6012
vn 0.8326 -0.3481 -0.4308
vn 0.8341 -0.2492 -0.4921
vn 0.8221 0.4817 0.3037
vn -0.7944 -0.0715 -0.6032
vn -0.7802 0.5181 -0.3505
vn 0.8923 0.3904 -0.2266
vn 0.9382 0.1939 -0.2866
vn 0.8861 0.2914 -0.3605
vn 0.8598 0.4816 -0.1697
vn 0.7076 0.1306 -0.6944
vn 0.2184 0.7644 0.6066
vn -0.5973 0.0050 0.8020
vn -0.9553 0.1168 -0.2716
vn 0.9313 -0.2505 -0.2644
vn 0.6173 -0.3146 0.7211
vn 0.8674 -0.1118 -0.4849
vn 0.8718 -0.1731 -0.4583
vn 0.4247 -0.3773 -0.8230
vn -0.8822 -0.3926 0.2599
vn 0.9715 0.0628 -0.2284
vn 0.6077 -0.1907 -0.7709
vn 0.6214 -0.3135 0.7180
vn -0.0534 -0.1756 0.9830
vn -0.7325 0.3546 -0.5811
vn -0.4638 0.6929 -0.5521
vn 0.9901 0.1380 0.0255
vn -0.0937 0.1171 0.9887
vn 0.6525 -0.2485 0.7159
vn -0.4362 -0.0841 0.8959
vn -0.6359 -0.3835 0.6698
vn 0.5792 0.6849 0.4421
vn -0.9341 0.3539 -0.0468
vn 0.8172 0.4339 -0.3793
vn 0.6267 -0.0540 -0.7774
vn 0.6938 -0.4113 -0.5912
vn -0.0536 -0.1756 0.9830
vn -0.9752 0.0463 -0.2166
vn 0.4469 -0.7030 -0.5532
vn -0.0294 0.7814 0.6233
vn -0.7725 -0.6311 0.0703
vn 0.0822 0.1882 0.9787
vn -0.0880 0.9961 -0.0015
vn 0.7726 -0.2143 0.5977
vn 0.0670 -0.6826 -0.7277
vn 0.6458 0.7142 0.2701
vn -0.9991 -0.0338 -0.0262
vn 0.9154 -0.1372 -0.3784
vn -0.0880 0.9961 -0.0014
vn -0.9995 -0.0304 0.0101
vn 0.9823 -0.1808 -0.0488
vn 0.1847 -0.0402 -0.9820
vn 0.8172 0.4340 -0.3792
vn 0.7501 0.6365 0.1795
vn 0.9588 0.1463 -0.2435
vn 0.9588 0.1462 -0.2435
vn -0.0880 0.9961 -0.0016
vn 0.8673 -0.1118 -0.4850
vn 0.4512 0.6782 -0.5800
vn -0.7321 -0.1138 0.6716
vn 0.8780 0.4787 0.0062
vn 0.8220 0.4818 0.3037
vn -0.9358 0.3306 0.1223
vn -0.9893 -0.0330 -0.1419
vn 0.8693 -0.3689 -0.3289
vn 0.5438 -0.1361 -0.8281
vn 0.9955 0.0319 -0.0897
vn 0.5937 0.0716 -0.8015
vn 0.8563 0.4192 -0.3016
vn 0.8276 0.4018 -0.3920
vn 0.6458 0.7141 0.2701
vn 0.6458 0.7142 0.2699
vn 0.0834 -0.3531 0.9318
vn 0.4037 -0.1195 0.9070
vn -0.0644 -0.0311 0.9974
vn 0.9644 -0.0438 -0.2610
vn 0.1619 -0.0805 0.9835
vn -0.4762 -0.0936 0.8743
vn -0.4557 -0.1900 0.8696
vn -0.1224 0.9558 -0.2673
vn -0.9383 -0.3403 -0.0607
vn -0.9685 -0.2409 -0.0633
vn -0.9351 -0.0253 -0.3535
vn 0.9342 0.1972 -0.2973
vn 0.9154 -0.1372 -0.3785
vn 0.6938 -0.4112 -0.5912
vn 0.1476 -0.0094 -0.9890
vn 0.6544 0.1533 -0.7404
vn 0.2258 -0.0775 0.9711
vn -0.7944 -0.0716 -0.6032
vn -0.6481 -0.2898 -0.7043
vn 0.9924 -0.1045 -0.0656
vn -0.4762 -0.0938 0.8743
vn -0.5714 -0.0416 -0.8196
vn -0.6896 0.3913 -0.6094
vn -0.9836 -0.0688 -0.1666
vn 0.7283 -0.4425 0.5232
vn -0.0190 -0.2849 -0.9584
vn 0.3244 -0.0452 0.9448
vn 0.3230 -0.1797 0.9292
vn -0.9553 0.1169 -0.2716
vn 1.0000 0.0039 -0.0005
vn 0.4482 -0.2529 -0.8574
vn 0.5806 -0.0328 0.8135
vn 0.4575 -0.0385 0.8884
vn 0.3944 -0.1960 0.8978
vn 0.6458 0.7142 0.2700
vn 0.3524 0.8492 0.3933
vn -0.9969 -0.0168 0.0764
vn -0.6406 0.6565 -0.3984
vn -0.9989 -0.0448 0.0170
vn 0.8860 0.4515 0.1057
vn 0.8309 0.1741 -0.5284
vn -0.7754 -0.1425 0.6152
vn -0.8506 0.0270 0.5251
vn -0.9868 -0.0459 -0.1553
vn 0.9719 -0.1991 0.1259
vn 0.8562 -0.3223 -0.4038
vn 0.2603 0.0574 -0.9638
vn 0.2624 -0.2549 -0.9307
vn -0.2822 0.7269 -0.6261
vn 0.1767 -0.5992 0.7808
vn 0.0834 -0.3533 0.9318
vn 0.9568 0.0962 -0.2744
vn 0.2258 0.4147 -0.8815
vn -0.6061 -0.4441 0.6599
vn -0.9384 -0.3403 -0.0607
vn 0.8327 0.5469 0.0869
vn 0.8805 0.4036 -0.2486
vn 0.7011 -0.0445 -0.7117
vn -0.0876 0.4412 -0.8931
vn -0.9397 -0.0264 0.3410
vn 0.8712 0.1646 -0.4625
vn -0.7800 -0.6045 0.1616
vn 0.4469 -0.7030 -0.5533
vn 0.6352 -0.6740 0.3772
vn -0.8549 -0.0391 0.5173
vn -0.9651 -0.0275 -0.2605
vn -0.8603 -0.1244 -0.4944
vn 0.6003 0.2712 0.7524
vn 0.3030 0.1779 0.9363
vn 0.0881 -0.0646 0.9940
vn 0.6653 0.0099 -0.7465
vn 0.4422 -0.7734 0.4542
vn 0.3301 0.6983 -0.6351
vn -0.4165 0.3875 -0.8224
vn 0.0035 -0.0389 -0.9992
vn -0.2735 -0.1160 0.9549
vn -0.6531 -0.4161 -0.6327
vn 0.7068 0.4499 -0.5460
vn 0.1668 -0.1756 0.9702
vn 0.7160 -0.6897 -0.1083
vn 0.9667 -0.2009 0.1586
vn -0.0874 0.4412 -0.8932
vn 0.0879 -0.0646 0.9940
vn 0.6213 -0.2312 0.7487
vn 0.3771 -0.5100 -0.7731
vn -0.1151 -0.5309 -0.8396
vn 0.0688 0.9788 -0.1929
vn 0.8614 -0.0216 -0.5075
vn 0.1629 0.2396 0.9571
vn 0.6184 -0.1248 0.7759
vn 0.5729 0.0072 0.8196
vn 0.7943 -0.0872 0.6012
vn 0.7555 -0.1033 0.6470
vn 0.2296 0.6076 0.7604
vn 0.2258 0.4146 -0.8815
vn 0.4843 -0.2225 0.8461
vn -0.7238 0.0757 -0.6858
vn -0.8570 -0.0646 0.5112
vn 0.8034 0.4528 0.3866
vn -0.8208 0.1010 -0.5623
vn -0.3846 -0.0989 0.9178
vn 0.6445 0.4754 0.5989
vn 0.8328 0.5468 0.0869
vn -0.0874 0.4411 -0.8932
vn -0.3261 0.2076 -0.9222
vn -0.9165 -0.1974 -0.3479
vn 0.5584 -0.0378 0.8287
vn 0.7554 0.3195 0.5721
vn -0.4803 -0.1144 0.8696
vn 0.8622 0.3616 -0.3547
vn 0.9257 -0.1046 0.3636
vn 0.6260 0.6980 0.3477
vn 0.6089 0.3200 -0.7258
vn 0.7256 0.4135 -0.5500
vn 0.7011 -0.0445 -0.7116
vn -0.2282 -0.2478 0.9416
vn -0.6061 -0.4441 0.6598
vn -0.8182 -0.0576 0.5721
vn -0.2735 -0.1160 0.9548
vn 0.7910 0.5211 0.3206
vn -0.9629 -0.1848 -0.1966
vn -0.7858 -0.5253 -0.3265
vn -0.9756 0.2192 -0.0101
vn -0.3845 -0.0989 0.9178
vn -0.3759 0.1391 0.9162
vn 0.9416 0.0977 -0.3224
vn 0.5559 0.5931 0.5823
vn -0.7800 -0.6046 0.1615
vn 0.4700 -0.7221 0.5076
vn 0.5585 -0.0378 0.8286
vn -0.1184 -0.1127 0.9866
vn 0.3857 -0.1647 0.9078
vn 0.2790 -0.3272 0.9028
vn -0.1738 -0.9683 -0.1797
vn -0.7480 -0.1524 0.6460
vn 0.5338 0.7870 0.3093
vn 0.8606 -0.1407 -0.4895
vn 0.4901 -0.0741 0.8685
vn 0.8070 0.0908 -0.5835
vn 0.8622 0.3617 -0.3546
vn 0.9450 0.1230 -0.3030
vn -0.4699 0.6501 -0.5971
vn -0.7721 -0.5776 -0.2651
vn 0.7502 0.6364 0.1795
vn 0.6624 0.3599 -0.6570
vn 0.8309 0.1741 -0.5285
vn 0.4756 0.8474 0.2361
vn -0.8997 -0.1683 0.4028
vn -0.5656 0.5259 -0.6353
vn 0.4381 -0.0817 -0.8952
vn 0.8008 -0.5328 -0.2735
vn 0.3771 -0.5101 -0.7731
vn -0.1009 0.3512 -0.9308
vn -0.9073 -0.3501 -0.2328
vn 0.0445 -0.1608 0.9860
vn -0.5595 -0.0071 0.8288
vn -0.9213 0.1473 -0.3597
vn -0.9603 0.2643 -0.0892
vn 0.9003 0.0877 -0.4264
vn 0.4990 0.7328 0.4627
vn 0.5560 0.5932 0.5823
vn 0.9758 -0.0741 0.2059
vn 0.7256 0.4136 -0.5500
vn -0.3260 0.2076 -0.9223
vn -0.8810 -0.4227 0.2126
vn -0.9806 -0.0934 -0.1726
vn -0.9566 -0.0349 -0.2892
vn 0.7865 0.1151 -0.6068
vn 0.6323 -0.0142 -0.7746
vn -0.9529 0.1119 0.2819
vn -0.9759 -0.0775 -0.2039
vn -0.9836 -0.0688 -0.1667
vn -0.9151 0.0648 -0.3979
vn 0.8090 0.5409 0.2301
vn 0.9216 -0.1815 0.3431
vn 0.3626 -0.3999 0.8418
vn 0.0141 -0.3237 0.9461
vn 0.8705 -0.2571 -0.4197
vn 0.8734 0.3601 -0.3279
vn 0.6091 0.3198 -0.7258
vn 0.3150 -0.2214 0.9229
vn 0.2066 -0.0965 0.9737
vn -0.3228 -0.0206 0.9462
vn 0.0574 -0.0992 0.9934
vn -0.9973 -0.0682 -0.0277
vn -0.4591 -0.0943 0.8834
vn -0.2640 -0.4593 -0.8481
vn 0.0142 -0.3237 0.9460
vn 0.7604 -0.0262 0.6489
vn 0.7606 -0.0275 0.6486
vn 0.7589 -0.0172 0.6510
vn 0.7391 0.6734 0.0173
vn 0.6625 0.3599 -0.6569
vn -0.3078 0.2544 0.9168
vn -0.1396 -0.0567 0.9886
vn -0.9054 0.0379 -0.4229
vn -0.1598 -0.0990 0.9822
vn 0.9409 -0.2015 0.2723
vn 0.2759 0.7940 0.5417
vn 0.4299 0.3969 -0.8109
vn 0.4787 -0.2379 0.8451
vn 0.4178 -0.1280 0.8995
vn 0.4613 -0.3507 0.8150
vn 0.5394 -0.0771 0.8385
vn -0.9683 -0.1689 0.1838
vn -0.9603 0.2642 -0.0892
vn 0.8885 0.0773 -0.4524
vn -0.8103 0.3435 -0.4747
vn 0.1771 -0.3791 0.9082
vn -0.6760 0.0932 0.7310
vn -0.3078 0.2545 0.9168
vn -0.8868 0.4513 -0.0994
vn -0.8688 -0.2423 -0.4318
vn -0.9980 -0.0252 -0.0571
vn 0.7851 -0.1371 0.6040
vn 0.3775 0.8623 0.3376
vn 0.1860 -0.1838 0.9652
vn -0.0278 -0.3810 0.9242
vn -0.1321 -0.2704 0.9536
vn -0.0701 0.5544 -0.8293
vn 0.8733 -0.1401 -0.4666
vn 0.2664 0.1695 0.9488
vn -0.6860 0.3015 -0.6622
vn -0.6512 0.0807 0.7546
vn -0.8669 0.2851 0.4089
vn -0.7677 -0.2772 -0.5778
vn -0.9855 -0.1602 -0.0559
vn 0.7328 0.1071 -0.6719
vn 0.6902 0.6929 0.2087
vn 0.5329 -0.2048 0.8210
vn -0.9897 -0.0998 -0.1030
vn 0.9375 0.1670 -0.3053
vn -0.3757 0.1391 0.9162
vn -0.1116 0.0694 0.9913
vn 0.6526 0.2493 0.7155
vn 0.1381 -0.8093 -0.5709
vn -0.6513 0.0808 0.7545
vn 0.8642 0.0841 -0.4960
vn 0.7408 -0.0020 0.6717
vn 0.3625 -0.3999 0.8418
vn -0.5910 -0.5417 -0.5978
vn -0.6760 0.0934 0.7310
vn -0.5989 -0.1345 0.7895
vn 0.7953 0.0109 -0.6061
vn -0.2852 -0.0983 0.9534
vn 0.8884 0.0773 -0.4525
vn 0.4991 0.7327 0.4627
vn 0.4127 -0.3648 0.8346
vn 0.4298 0.3969 -0.8110
vn 0.3594 0.6105 -0.7058
vn 0.8970 -0.1165 0.4263
vn -0.8108 0.1404 0.5682
vn -0.8797 -0.1552 -0.4496
vn 0.9532 -0.1050 0.2835
vn 0.9632 -0.1106 -0.2448
vn 0.7160 -0.6897 -0.1082
vn 0.9641 -0.2630 0.0358
vn 0.8708 -0.1510 -0.4679
vn 0.7203 -0.4894 0.4915
vn -0.7145 0.4165 0.5622
vn -0.9907 0.0180 0.1350
vn -0.7913 0.5955 -0.1387
vn -0.9213 0.1472 -0.3598
vn -0.5308 -0.3851 0.7550
vn 0.9221 0.3683 -0.1190
vn -0.1866 -0.6943 -0.6951
vn -0.5902 -0.6610 -0.4635
vn 0.9380 0.1994 -0.2835
vn 0.9379 0.1770 -0.2985
vn -0.6153 -0.6527 -0.4420
vn 0.8056 0.1972 -0.5587
vn 0.3623 0.5244 -0.7705
vn -0.3035 0.5147 -0.8018
vn 0.2126 -0.3428 0.9150
vn -0.1293 -0.2345 0.9635
vn -0.9384 -0.3402 -0.0607
vn -0.8923 -0.0652 -0.4467
vn 0.8648 0.1157 -0.4885
vn 0.7642 0.5424 -0.3490
vn 0.9917 -0.0271 -0.1256
vn 0.5013 0.8647 0.0311
vn 0.7391 0.6734 0.0172
vn -0.3035 0.5148 -0.8018
vn 0.0090 0.1619 -0.9868
vn -0.9368 -0.0981 -0.3359
vn -0.9139 -0.1577 -0.3740
vn 0.4114 -0.4881 0.7698
vn -0.8451 -0.1197 -0.5211
vn 0.7740 0.0567 -0.6306
vn 0.9953 -0.0965 0.0052
vn 0.3775 0.8622 0.3377
vn 0.8770 -0.4174 0.2380
vn 0.8162 0.4454 0.3680
vn 0.6463 -0.3156 0.6947
vn 0.8770 -0.4173 0.2380
vn 0.2809 0.7559 0.5914
vn 0.0007 0.0280 0.9996
vn 0.7852 0.0787 -0.6142
vn 0.9234 0.1354 -0.3591
vn -0.6450 -0.7265 -0.2370
vn 0.5806 0.3984 -0.7101
vn 0.6674 -0.7418 -0.0660
vn 0.8421 0.0341 -0.5383
vn 0.1063 0.5965 0.7956
vn 0.8770 -0.4174 0.2381
vn -0.2954 0.4747 0.8291
vn 0.6260 0.6981 0.3476
vn 0.7204 -0.4894 0.4915
vn 0.3721 0.4259 -0.8247
vn -0.9853 0.0401 -0.1662
vn 0.8681 -0.2996 0.3959
vn 0.1062 0.5965 0.7956
vn -0.0191 -0.6525 -0.7576
vn -0.3092 -0.2683 -0.9124
vn 0.1001 -0.2851 0.9532
vn -0.3283 -0.2354 0.9148
vn 0.6676 -0.2026 -0.7164
vn 0.6169 -0.6079 -0.4999
vn -0.6328 -0.2027 0.7473
vn 0.7488 0.5931 -0.2958
vn -0.1581 -0.6063 -0.7793
vn 0.8123 -0.2745 0.5146
vn -0.8892 -0.3872 -0.2437
vn 0.3164 0.9013 -0.2958
vn -0.4431 -0.2328 0.8657
vn -0.8245 -0.0084 -0.5659
vn -0.1118 0.0694 0.9913
vn 0.5806 0.3983 -0.7101
vn 0.3736 -0.1361 -0.9175
vn 0.3760 0.2758 -0.8846
vn 0.0354 0.5477 0.8359
vn 0.0255 0.0924 0.9954
vn -0.2501 0.3012 0.9202
vn -0.3699 -0.7723 0.5164
vn -0.9375 -0.1436 -0.3171
vn 0.4966 -0.2369 -0.8350
vn 0.7603 -0.0871 -0.6437
vn 0.7441 0.1000 -0.6606
vn -0.5309 -0.3851 0.7549
vn 0.8862 0.1430 -0.4406
vn 0.2808 0.7559 0.5914
vn -0.1718 0.1842 -0.9677
vn 0.2752 0.4131 -0.8681
vn 0.9033 -0.1045 0.4160
vn -0.9997 0.0219 0.0076
vn 0.8034 0.4529 0.3866
vn 0.0689 0.9788 -0.1929
vn 0.6526 0.4953 0.5734
vn -0.7516 -0.1028 -0.6515
vn 0.4603 -0.0674 -0.8852
vn 0.8403 0.1393 -0.5238
vn 0.8718 -0.4476 0.1993
vn -0.0192 -0.6525 -0.7575
vn 0.1286 0.0509 -0.9904
vn 0.4049 0.2448 0.8810
vn -0.2583 -0.5205 0.8139
vn 0.4350 -0.3319 0.8370
vn 0.1943 0.0985 0.9760
vn -0.9225 0.1456 0.3574
vn 0.5043 0.8581 0.0967
vn -0.7865 -0.0079 -0.6176
vn -0.5455 -0.2309 0.8056
vn 0.7967 0.5385 -0.2743
vn -0.1583 -0.6063 -0.7793
vn 0.7854 0.6077 -0.1176
vn 0.6416 -0.1230 0.7571
vn -0.5218 -0.1793 0.8340
vn -0.9861 0.0662 0.1522
vn -0.8241 -0.1833 0.5360
vn 0.6954 -0.0969 -0.7121
vn -0.5455 -0.2309 0.8057
vn 0.6140 0.0515 -0.7876
vn 0.1286 0.0510 -0.9904
vn -0.7966 0.6044 -0.0107
vn -0.7146 0.4165 0.5620
vn -0.9975 0.0075 -0.0709
vn -0.6772 0.0928 0.7299
vn -0.8670 0.2851 0.4088
vn 0.2418 0.8849 0.3981
vn 0.5392 0.2423 -0.8066
vn 0.0826 0.0790 0.9934
vn -0.2705 0.1099 0.9564
vn -0.6936 -0.6259 0.3566
vn -0.6317 0.0287 -0.7747
vn 0.7640 -0.2066 -0.6112
vn 0.9969 -0.0774 -0.0130
vn 0.8972 -0.1084 -0.4281
vn 0.9322 0.3529 0.0802
vn 0.3022 -0.1410 0.9428
vn -0.3699 -0.7724 0.5163
vn -0.6360 0.1232 0.7618
vn -0.7039 0.2400 0.6685
vn -0.7229 -0.4777 -0.4992
vn -0.8692 -0.0680 -0.4897
vn 0.8508 0.0344 -0.5243
vn 0.5408 0.0824 -0.8371
vn 0.9923 -0.0081 -0.1233
vn 0.9530 -0.2837 -0.1063
vn 0.5051 -0.8224 0.2619
vn -0.7483 0.4782 -0.4598
vn 0.7789 0.0650 -0.6237
vn 0.9767 -0.2132 0.0246
vn -0.8147 -0.2367 -0.5293
vn 0.0799 0.6389 0.7651
vn 0.6636 -0.0613 0.7455
vn 0.0453 0.3594 0.9321
vn -0.6553 -0.4283 -0.6222
vn -0.4474 -0.3984 0.8007
vn -0.4707 -0.2121 0.8564
vn 0.9360 0.3209 -0.1449
vn -0.0008 0.7190 0.6950
vn -0.8829 0.4369 -0.1722
vn -0.7993 0.0673 -0.5972
vn -0.5587 -0.2205 0.7995
vn -0.7618 0.0163 0.6477
vn 0.9123 0.3226 -0.2522
vn 0.7027 0.4771 -0.5278
vn 0.7905 0.2858 -0.5417
vn 0.3022 -0.1410 0.9427
vn 0.5058 0.0463 0.8614
vn -0.9384 -0.0641 -0.3397
vn -0.8273 -0.1527 -0.5407
vn -0.7654 0.1032 -0.6352
vn -0.8248 0.5363 -0.1789
vn -0.6359 0.2235 0.7387
vn -0.9328 -0.2209 -0.2849
vn 0.8105 -0.0253 -0.5852
vn 0.9710 0.1617 0.1759
vn -0.4616 -0.2911 0.8379
vn 0.9927 -0.0683 -0.0992
vn -0.8154 0.0902 -0.5719
vn -0.7107 0.2623 -0.6527
vn -0.7947 0.1345 -0.5919
vn -0.6317 0.0286 -0.7747
vn 0.0475 0.4202 0.9062
vn -0.8326 -0.2697 -0.4837
vn 0.6146 -0.2378 -0.7521
vn 0.5730 -0.0641 -0.8170
vn 0.7740 0.0566 -0.6306
vn 0.9537 0.2900 -0.0795
vn 0.3917 -0.5082 0.7670
vn 0.3211 0.6142 0.7209
vn 0.4383 -0.1241 0.8902
vn 0.1493 -0.2977 0.9429
vn -0.8517 0.0272 -0.5233
vn -0.7622 0.1407 -0.6319
vn -0.5532 -0.1020 -0.8268
vn 0.6823 -0.0778 -0.7269
vn -0.5455 -0.2307 0.8057
vn -0.4616 -0.2911 0.8380
vn 0.9415 0.0977 -0.3224
vn 0.2767 0.0693 0.9585
vn -0.6780 0.1554 -0.7185
vn 0.7365 0.0321 -0.6757
vn 0.9927 -0.0682 -0.0992
vn 0.5043 0.8551 -0.1200
vn 0.7376 -0.6751 -0.0139
vn 0.0453 0.3595 0.9321
vn 0.2768 0.0693 0.9584
vn -0.2699 0.7940 0.5448
vn -0.3071 -0.2099 0.9282
vn -0.6949 -0.1562 0.7019
vn -0.7097 0.0024 -0.7045
vn -0.5761 -0.7164 -0.3935
vn 0.2768 0.0694 0.9584
vn -0.4577 -0.8844 0.0919
vn 0.7887 0.3694 0.4915
vn 0.5154 0.7726 0.3708
vn 0.7886 0.3694 0.4916
vn 0.4801 -0.8333 0.2741
vn 0.0808 -0.9967 0.0125
vn 0.0775 0.3580 0.9305
vn -0.8424 -0.3697 -0.3921
vn -0.0927 -0.9872 0.1301
vn 0.2886 0.6421 0.7102
vn -0.3261 0.4393 0.8371
vn -0.9087 0.2869 -0.3033
vn -0.9316 0.0310 0.3621
vn -0.4280 -0.8942 0.1311
vn -0.9787 0.1884 -0.0813
vn 0.5218 0.2526 -0.8148
vn 0.5471 0.1896 -0.8153
vn 0.5564 0.1165 -0.8227
vn 0.6134 0.2025 -0.7634
vn 0.7011 0.6796 -0.2157
vn 0.5043 0.8581 0.0968
vn 0.4626 0.6849 0.5629
vn 0.9595 -0.2616 -0.1041
vn 0.7711 0.5017 -0.3921
vn 0.6666 0.4031 -0.6271
vn -0.0271 0.5809 0.8135
vn 0.9979 -0.0640 0.0075
vn -0.4997 -0.1617 -0.8510
vn -0.3994 0.6944 -0.5986
vn -0.7772 -0.2769 0.5651
vn -0.6457 -0.0594 -0.7613
vn -0.6535 -0.0052 -0.7569
vn 0.7527 0.0705 -0.6545
vn 0.6401 -0.2737 -0.7179
vn 0.8787 0.0562 -0.4740
vn 0.6816 0.5116 -0.5231
vn 0.9078 -0.4065 0.1030
vn 0.8461 -0.4685 0.2541
vn 0.7137 -0.2578 0.6512
vn -0.2699 0.7940 0.5447
vn -0.0279 -0.1412 0.9896
vn -0.6950 -0.1562 0.7019
vn -0.6041 0.0444 -0.7957
vn 0.9973 -0.0664 -0.0312
vn 0.7234 0.2259 -0.6525
vn -0.4612 -0.6650 0.5875
vn 0.9798 0.1042 -0.1708
vn -0.8143 -0.2541 -0.5219
vn 0.3032 -0.0372 0.9522
vn 0.3202 -0.1521 0.9351
vn -0.9626 0.2051 -0.1769
vn 0.5636 0.0866 -0.8215
vn 0.7235 0.2258 -0.6524
vn 0.9670 -0.2194 -0.1294
vn -0.8153 0.1614 -0.5561
vn -0.8684 0.0605 -0.4921
vn -0.9486 -0.2463 -0.1987
vn -0.9619 -0.1729 -0.2117
vn 0.6823 -0.2752 0.6773
vn 0.4626 0.6849 0.5630
vn -0.8272 -0.1527 -0.5408
vn -0.4308 0.8621 -0.2667
vn -0.3992 0.6945 -0.5986
vn -0.9688 0.2173 0.1194
vn -0.9813 -0.1881 -0.0415
vn 0.9124 0.3225 -0.2522
vn 0.9017 0.1745 -0.3956
vn 0.3497 -0.1694 -0.9214
vn 0.8031 0.3500 0.4823
vn 0.7137 -0.2580 0.6512
vn -0.6252 -0.1595 -0.7640
vn -0.8444 -0.2835 -0.4545
vn -0.9656 0.2592 0.0226
vn 0.8227 -0.3019 -0.4817
vn 0.5052 -0.7228 -0.4715
vn 0.5051 -0.8223 0.2619
vn 0.9673 -0.2410 0.0788
vn 0.9326 -0.2019 0.2992
vn 0.2518 0.2639 0.9311
vn -0.3608 0.8891 -0.2818
vn -0.9696 -0.1124 -0.2172
vn 0.9969 -0.0780 0.0130
vn 0.7233 0.2259 -0.6525
vn 0.1055 0.8100 0.5769
vn 0.8031 0.3499 0.4823
vn 0.6823 -0.2751 0.6773
vn -0.8472 -0.0302 -0.5304
vn -0.3817 0.8714 -0.3082
vn 0.4661 -0.8617 0.2004
vn -0.3587 0.1718 -0.9175
vn -0.5682 -0.5056 -0.6493
vn -0.7428 0.6382 0.2023
vn 0.5049 -0.1369 -0.8523
vn 0.3561 -0.3438 -0.8689
vn 0.7710 0.3992 0.4961
vn 0.6396 -0.0092 -0.7686
vn 0.7819 -0.1827 -0.5960
vn 0.6993 0.3739 -0.6093
vn 0.9638 0.1274 0.2343
vn 0.5471 0.4336 0.7160
vn 0.5052 0.2957 0.8107
vn -0.8670 0.1288 -0.4814
vn -0.6609 0.6964 -0.2795
vn -0.9638 -0.1195 -0.2384
vn 0.5259 -0.1598 -0.8354
vn 0.8944 0.3617 -0.2631
vn 0.5743 -0.0708 -0.8156
vn 0.3908 0.2177 -0.8944
vn 0.5112 -0.0772 -0.8560
vn 0.3139 0.4532 -0.8343
vn 0.5218 0.3801 0.7637
vn 0.1369 -0.1533 0.9786
vn 0.5330 0.1678 -0.8293
vn 0.6507 -0.4381 -0.6202
vn 0.5112 -0.0769 -0.8560
vn 0.1427 -0.8051 0.5757
vn -0.5531 -0.1019 -0.8269
vn -0.9383 -0.0641 -0.3398
vn -0.3313 0.1052 -0.9376
vn -0.8966 -0.1652 -0.4108
vn 0.1699 0.4762 0.8627
vn 0.3780 -0.6213 0.6864
vn -0.7865 -0.0081 -0.6176
vn -0.6450 0.0215 -0.7639
vn 0.7342 -0.0134 -0.6788
vn 0.5669 0.4369 -0.6983
vn 0.5112 -0.0771 -0.8560
vn -0.3002 -0.3200 0.8986
vn -0.2948 0.1795 -0.9386
vn -0.0191 0.6899 -0.7236
vn -0.4498 0.0823 -0.8893
vn -0.9832 0.1051 -0.1494
vn -0.8429 -0.2718 -0.4644
vn 0.4033 -0.2626 -0.8766
vn -0.1913 0.9318 -0.3085
vn -0.6680 -0.3049 -0.6788
vn 0.6178 0.1095 -0.7787
vn -0.1828 -0.9657 0.1846
vn 0.9878 0.1536 -0.0248
vn 0.9638 0.1273 0.2343
vn -0.0994 -0.1470 -0.9841
vn 0.2887 0.6420 0.7103
vn -0.6950 -0.1562 0.7018
vn -0.2257 0.9742 -0.0042
vn -0.7427 0.6383 0.2024
vn -0.9313 -0.0941 0.3520
vn -0.9289 0.0432 0.3677
vn -0.8600 0.3435 0.3773
vn -0.9509 -0.1760 -0.2545
vn 0.6213 0.0553 -0.7816
vn -0.3238 -0.4131 0.8512
vn 0.8583 0.4711 -0.2032
vn 0.1343 -0.8837 0.4484
vn 0.2831 0.0723 0.9564
vn -0.2392 -0.5104 0.8260
vn -0.1289 -0.9862 0.1038
vn 0.1369 -0.1533 0.9787
vn -0.1826 -0.9657 0.1846
vn 0.3702 0.8459 -0.3840
vn 0.0258 0.9573 0.2880
vn -0.2948 0.1796 -0.9385
vn -0.3563 0.1709 -0.9186
vn -0.6718 0.0101 -0.7407
vn -0.5343 -0.0437 -0.8441
vn -0.9811 0.0422 -0.1887
vn 0.1211 -0.5447 0.8299
vn 0.6705 0.1228 -0.7317
vn 0.5269 -0.3841 -0.7582
vn 0.9638 0.1272 0.2343
vn -0.6021 -0.1767 -0.7786
vn 0.4977 -0.4895 0.7160
vn 0.6591 0.4031 -0.6348
vn 0.2880 0.2288 -0.9299
vn -0.0709 0.1147 -0.9909
vn 0.6255 0.7650 0.1535
vn 0.6750 -0.4463 -0.5875
vn 0.3139 0.4533 -0.8342
vn 0.3702 0.8459 -0.3839
vn -0.5768 0.1670 -0.7996
vn -0.3245 0.1233 -0.9378
vn -0.4972 -0.0442 -0.8665
vn -0.3730 0.6328 -0.6786
vn -0.5967 0.7191 -0.3562
vn -0.8829 0.4368 -0.1722
vn -0.8962 0.3497 -0.2730
vn 0.3727 0.1673 -0.9127
vn -0.1322 -0.3347 0.9330
vn -0.0710 0.1147 -0.9909
vn 0.5471 0.4335 0.7160
vn 0.9468 0.3042 0.1052
vn 0.1698 0.4763 0.8627
vn -0.0994 -0.1471 -0.9841
vn -0.1127 -0.9931 -0.0311
vn -0.9647 0.0561 -0.2574
vn 0.6335 0.0127 -0.7737
vn 0.3662 0.1555 -0.9175
vn 0.1598 -0.4186 -0.8940
vn 0.3207 0.2776 0.9056
vn 0.3086 0.6389 0.7047
vn 0.1998 -0.6923 -0.6934
vn 0.5233 0.8442 0.1159
vn 0.5234 0.8442 0.1159
vn -0.8569 0.5119 0.0607
vn 0.9985 -0.0543 0.0063
vn 0.8462 -0.4684 0.2541
vn -0.6280 0.3837 -0.6771
vn -0.4234 0.0356 -0.9052
vn 0.3561 -0.3437 -0.8689
vn 0.9005 0.0017 -0.4349
vn 0.9281 -0.1837 -0.3239
vn -0.1666 0.6767 -0.7172
vn 0.3222 0.1765 -0.9301
vn 0.0946 -0.3486 0.9325
vn -0.4679 -0.3412 -0.8153
vn -0.7473 0.0560 -0.6621
vn -0.7859 0.2202 -0.5778
vn 0.4020 0.8098 -0.4274
vn 0.5346 -0.0263 -0.8447
vn 0.1614 0.0986 -0.9819
vn 0.7499 0.6372 -0.1779
vn -0.7295 0.1248 -0.6725
vn -0.6815 -0.2780 -0.6769
vn -0.5080 -0.2538 -0.8231
vn -0.8094 -0.2002 -0.5520
vn 0.0976 -0.1503 -0.9838
vn -0.1542 -0.6193 -0.7699
vn -0.8360 0.4418 0.3254
vn 0.6298 -0.1771 -0.7563
vn 0.5052 0.2958 0.8108
vn -0.5731 -0.3748 -0.7288
vn -0.3646 0.1019 -0.9256
vn -0.9637 -0.1195 -0.2386
vn 0.3217 0.3094 -0.8949
vn 0.2367 -0.1675 -0.9570
vn 0.3221 0.1765 -0.9301
vn 0.0360 -0.1551 0.9872
vn 0.1994 -0.9773 -0.0712
vn -0.2915 -0.2081 -0.9337
vn -0.4808 -0.1904 -0.8559
vn -0.8044 0.1300 -0.5797
vn -0.7315 0.1391 -0.6675
vn 0.7229 -0.5385 -0.4329
vn 0.5463 0.0360 -0.8368
vn 0.0648 -0.9973 -0.0334
vn 0.0638 0.1374 -0.9885
vn 0.6255 0.7650 0.1534
vn 0.5998 0.7350 -0.3162
vn 0.7271 0.6084 -0.3183
vn 0.2267 -0.2838 -0.9317
vn 0.4185 0.1572 -0.8945
vn 0.3335 0.0249 -0.9424
vn 0.7757 -0.0833 -0.6256
vn -0.7941 0.0826 -0.6021
vn -0.4134 -0.4684 -0.7808
vn -0.6474 0.2411 -0.7230
vn -0.9281 -0.2437 -0.2815
vn -0.7086 -0.3810 -0.5939
vn 0.3798 -0.8917 0.2463
vn 0.4835 0.3589 -0.7984
vn 0.6171 -0.0061 -0.7869
vn 0.0853 0.2003 -0.9760
vn 0.1533 -0.1919 -0.9694
vn 0.5071 0.8176 0.2726
vn 0.0724 0.1324 -0.9885
vn 0.1303 0.0239 -0.9912
vn -0.1540 -0.6193 -0.7699
vn 0.9308 -0.1868 -0.3141
vn 0.3139 0.4531 -0.8344
vn 0.3175 0.8876 -0.3337
vn -0.8288 0.1065 -0.5493
vn -0.4540 0.1335 -0.8809
vn -0.2171 -0.0516 -0.9748
vn -0.6661 0.2844 -0.6895
vn 0.3087 0.1420 -0.9405
vn 0.5668 0.4369 -0.6985
vn 0.2556 0.1585 -0.9537
vn 0.3848 0.8871 0.2547
vn 0.6913 0.6522 0.3109
vn -0.2054 0.5570 -0.8047
vn -0.1580 -0.1780 -0.9713
vn -0.7214 0.2483 -0.6465
vn -0.7069 0.0690 -0.7039
vn 0.6142 0.1053 0.7821
vn 0.3860 0.0753 -0.9194
vn -0.0009 -0.1745 -0.9847
vn -0.5371 -0.6222 -0.5695
vn -0.5371 -0.6222 -0.5696
vn -0.8164 -0.4505 0.3613
vn -0.4842 0.5518 -0.6791
vn 0.7860 -0.4161 0.4573
vn 0.3586 -0.0947 -0.9287
vn 0.3686 0.0116 -0.9295
vn 0.3760 -0.2330 -0.8968
vn 0.6738 -0.6378 -0.3731
vn 0.0822 0.1520 -0.9850
vn 0.1193 -0.2225 -0.9676
vn 0.2853 -0.9490 -0.1344
vn 0.4662 -0.8617 0.2004
vn -0.9941 -0.0378 -0.1021
vn -0.9898 -0.1281 -0.0629
vn -0.4843 0.5518 -0.6789
vn 0.3192 0.7862 0.5291
vn 0.3560 -0.3438 -0.8689
vn -0.0751 0.2219 -0.9722
vn 0.2778 -0.4430 -0.8524
vn 0.1215 0.0655 -0.9904
vn 0.8517 0.0929 -0.5158
vn 0.8110 0.1759 -0.5580
vn -0.3025 0.0915 -0.9487
vn -0.2985 0.1696 -0.9392
vn -0.2709 0.8930 -0.3593
vn -0.9472 -0.2794 -0.1575
vn 0.4288 -0.0712 -0.9006
vn 0.4740 0.0240 -0.8802
vn 0.7658 0.1686 -0.6206
vn 0.2705 0.3228 -0.9070
vn 0.0813 0.2475 -0.9655
vn 0.0724 0.1322 -0.9886
vn 0.3217 0.3093 -0.8949
vn -0.2546 -0.9663 0.0378
vn 0.5925 0.6415 -0.4873
vn 0.0533 0.1245 -0.9908
vn 0.7272 0.6082 -0.3183
vn 0.3694 0.8465 -0.3834
vn -0.3864 0.2214 -0.8954
vn -0.9281 -0.2437 -0.2817
vn 0.3511 0.5819 -0.7335
vn 0.3516 -0.4039 -0.8445
vn 0.3760 -0.2330 -0.8969
vn 0.4182 0.1572 -0.8946
vn 0.0679 0.4380 -0.8964
vn 0.0112 -0.1107 -0.9938
vn 0.7123 -0.1547 -0.6846
vn 0.7271 0.6083 -0.3183
vn -0.1350 0.2549 -0.9575
vn -0.2287 -0.1859 -0.9556
vn -0.0933 0.7791 -0.6199
vn -0.1765 -0.9633 -0.2021
vn 0.5421 0.3562 -0.7611
vn 0.2079 0.9559 0.2073
vn 0.2595 -0.0638 -0.9636
vn 0.0855 0.2003 -0.9760
vn 0.0609 0.0492 -0.9969
vn -0.0183 0.0574 -0.9982
vn 0.5129 0.8180 -0.2605
vn 0.7327 -0.1246 -0.6691
vn -0.0228 0.8975 -0.4404
vn -0.4366 0.2559 -0.8625
vn -0.3694 0.3129 -0.8750
vn -0.5950 -0.2533 -0.7628
vn 0.3192 0.7863 0.5291
vn 0.1325 -0.8751 -0.4655
vn 0.3734 -0.1881 -0.9084
vn 0.5244 -0.1097 -0.8444
vn 0.8548 0.1186 -0.5052
vn -0.7591 0.2511 0.6006
vn 0.0994 0.6000 -0.7938
vn -0.9179 0.0091 -0.3967
vn -0.1412 -0.3693 -0.9185
vn -0.2666 -0.0615 -0.9618
vn -0.4541 0.1335 -0.8809
vn -0.5538 -0.4814 -0.6794
vn -0.8616 0.0469 -0.5054
vn -0.1816 -0.4517 -0.8735
vn -0.3909 -0.0284 -0.9200
vn 0.2779 -0.4430 -0.8524
vn 0.2928 -0.4782 -0.8280
vn 0.0925 0.0623 0.9938
vn 0.3220 0.0403 -0.9459
vn -0.7231 -0.3393 0.6017
vn -0.1999 -0.5292 0.8246
vn 0.6882 0.2723 -0.6725
vn -0.0399 -0.3401 -0.9395
vn 0.5910 0.7946 0.1389
vn 0.5129 0.8180 -0.2603
vn -0.3683 -0.2047 -0.9069
vn 0.2553 0.0565 -0.9652
vn 0.0292 -0.0605 -0.9977
vn -0.1023 -0.1094 -0.9887
vn -0.7547 0.5944 -0.2777
vn 0.4152 -0.5358 0.7352
vn -0.3025 0.0915 -0.9488
vn -0.3863 0.2214 -0.8954
vn -0.4605 0.1760 -0.8700
vn -0.9212 -0.0229 -0.3884
vn 0.4262 -0.1121 -0.8977
vn 0.4356 0.1968 -0.8784
vn 0.3459 0.3323 -0.8775
vn 0.1117 -0.6011 0.7913
vn -0.5082 0.2611 -0.8207
vn 0.2656 0.0708 -0.9615
vn -0.0413 0.1374 -0.9897
vn 0.1163 0.2857 -0.9512
vn -0.2219 -0.6982 -0.6807
vn 0.7094 -0.0312 -0.7042
vn 0.7465 -0.0460 -0.6638
vn 0.1643 0.1191 -0.9792
vn 0.3648 -0.3434 -0.8654
vn 0.1640 0.1191 -0.9792
vn 0.4356 0.1966 -0.8784
vn -0.2226 -0.1056 -0.9692
vn -0.6189 -0.4442 0.6478
vn -0.8078 -0.1696 -0.5645
vn -0.9434 -0.1965 0.2671
vn 0.3585 0.5291 -0.7691
vn 0.1113 0.1334 -0.9848
vn 0.5760 0.1658 -0.8004
vn 0.2219 0.0327 -0.9745
vn 0.7660 -0.4265 0.4810
vn -0.2360 0.2728 -0.9327
vn 0.7910 -0.0415 -0.6104
vn 0.6936 -0.1193 -0.7104
vn 0.6981 0.0775 -0.7118
vn 0.8630 -0.2221 -0.4537
vn 0.6052 0.2986 -0.7380
vn 0.0116 -0.3071 -0.9516
vn -0.6635 0.0595 -0.7458
vn -0.6016 0.0363 -0.7980
vn -0.4842 0.1676 -0.8588
vn 0.1459 0.9854 -0.0873
vn 0.1440 0.1170 -0.9826
vn -0.0714 0.2120 -0.9747
vn -0.4513 0.7050 -0.5471
vn -0.9730 0.0704 -0.2199
vn 0.4152 0.8877 -0.1992
vn 0.2654 0.7265 -0.6339
vn 0.0923 0.0622 0.9938
vn 0.4290 -0.0581 -0.9014
vn 0.1543 0.1320 -0.9792
vn 0.0359 -0.7297 -0.6828
vn -0.5501 0.1544 -0.8207
vn -0.5958 0.5698 -0.5660
vn 0.6743 0.3678 -0.6403
vn 0.8791 -0.3385 0.3356
vn -0.8361 -0.3256 -0.4415
vn 0.2367 -0.1366 -0.9619
vn -0.9946 -0.0596 0.0852
vn 0.0544 0.0240 -0.9982
vn 0.1127 0.5488 -0.8283
vn 0.5486 0.7563 0.3566
vn -0.1570 -0.0846 0.9840
vn 0.6915 0.6521 0.3108
vn -0.1569 -0.0849 0.9840
vn 0.5486 0.7562 0.3566
vn 0.1785 -0.6071 0.7743
vn -0.3536 0.0575 -0.9336
vn -0.7908 0.2846 -0.5419
vn 0.7053 -0.0628 -0.7061
vn -0.6016 0.0364 -0.7980
vn -0.3030 -0.0352 -0.9523
vn 0.6657 0.0830 -0.7416
vn 0.3850 0.0562 -0.9212
vn 0.5487 0.7562 0.3566
vn 0.5128 0.8180 -0.2605
vn 0.2321 0.6599 -0.7146
vn 0.1194 0.7526 -0.6476
vn 0.5486 0.7562 0.3567
vn -0.4395 -0.1262 -0.8894
vn -0.5616 0.5301 -0.6353
vn 0.9890 0.1422 -0.0419
vn 0.3728 0.0973 -0.9228
vn 0.1998 0.9699 -0.1389
vn 0.9825 -0.1226 -0.1403
vn -0.5008 -0.7739 -0.3878
vn -0.1751 -0.9026 -0.3932
vn 0.0116 -0.3070 -0.9517
vn -0.4222 -0.4870 -0.7646
vn -0.8002 -0.2583 -0.5412
vn -0.0040 -0.3154 -0.9489
vn 0.3383 -0.9327 -0.1250
vn 0.7101 0.1734 -0.6824
vn 0.2845 0.7281 -0.6236
vn 0.0566 -0.2683 -0.9617
vn 0.3850 0.0564 -0.9212
vn 0.3263 -0.5539 -0.7660
vn 0.3637 -0.6462 0.6709
vn 0.0845 0.3276 -0.9410
vn 0.0547 0.0076 -0.9985
vn 0.8848 0.1050 -0.4540
vn 0.9889 -0.1487 0.0069
vn 0.2654 0.7264 -0.6340
vn 0.5067 0.8169 -0.2755
vn 0.0328 0.1835 -0.9825
vn -0.0516 -0.0192 -0.9985
vn 0.2006 -0.1804 -0.9629
vn -0.0169 0.3357 -0.9418
vn -0.5007 -0.7739 -0.3877
vn 0.3996 0.6074 -0.6866
vn 0.7271 0.6082 -0.3184
vn -0.0448 -0.9921 -0.1169
vn 0.6052 0.2987 -0.7379
vn -0.1205 0.7129 -0.6908
vn -0.3343 0.2381 -0.9119
vn -0.8571 -0.2988 0.4197
vn 0.3132 0.9495 -0.0185
vn 0.6981 0.0777 -0.7118
vn 0.2525 0.4943 -0.8318
vn 0.0134 -0.0156 0.9998
vn 0.1194 0.7525 -0.6476
vn 0.5496 0.1197 -0.8268
vn -0.9832 -0.0959 0.1555
vn 0.4927 0.3140 -0.8116
vn -0.3040 0.2095 -0.9294
vn 0.4171 -0.0231 -0.9086
vn 0.3024 0.0078 -0.9531
vn 0.2911 -0.0687 -0.9542
vn 0.1788 0.2059 -0.9621
vn 0.4278 0.8791 -0.2103
vn 0.2918 0.8864 -0.3593
vn 0.9403 -0.2270 -0.2536
vn -0.1617 0.2849 -0.9448
vn -0.3364 0.0484 -0.9405
vn -0.5069 0.0778 -0.8585
vn 0.4548 0.2500 -0.8548
vn 0.0134 -0.0157 0.9998
vn -0.4672 0.6178 -0.6325
vn -0.0448 -0.9921 -0.1170
vn 0.7272 0.6082 -0.3182
vn 0.0485 0.6499 -0.7585
vn -0.0315 -0.6628 0.7482
vn -0.8512 0.2277 -0.4729
vn 0.4619 -0.1914 -0.8661
vn 0.4339 -0.0807 -0.8973
vn 0.9763 -0.0826 -0.2000
vn 0.2679 0.6377 -0.7222
vn 0.3519 0.6248 -0.6970
vn 0.5261 0.6155 -0.5868
vn -0.4672 0.6179 -0.6324
vn 0.9311 -0.1303 -0.3406
vn 0.9889 -0.1487 0.0068
vn 0.5496 0.1198 -0.8268
vn 0.5342 -0.5791 0.6159
vn -0.2873 0.6069 -0.7410
vn -0.3180 -0.0805 -0.9447
vn 0.0894 0.0625 -0.9940
vn 0.2655 0.7264 -0.6339
vn 0.0215 -0.0724 -0.9971
vn -0.6189 0.4249 -0.6606
vn 0.9876 -0.1552 -0.0218
vn 0.4548 0.2501 -0.8548
vn -0.3619 -0.1195 -0.9245
vn 0.2273 0.7534 -0.6170
vn 0.3744 0.3727 -0.8491
vn 0.0025 0.8373 -0.5467
vn 0.1594 -0.7905 0.5913
vn 0.8757 -0.3588 0.3231
vn 0.1428 0.4737 -0.8690
vn -0.3910 0.3094 -0.8668
vn -0.2667 -0.0256 -0.9634
vn -0.0429 0.2467 -0.9681
vn -0.1437 0.2262 -0.9634
vn -0.9912 -0.0830 0.1035
vn 0.9215 0.0791 -0.3802
vn 0.5456 0.3345 -0.7684
vn -0.2363 0.7353 0.6352
vn -0.8522 -0.3268 0.4086
vn -0.9315 0.1832 -0.3143
vn 0.7505 -0.4952 -0.4376
vn -0.9090 0.2131 -0.3582
vn -0.9090 0.2131 -0.3581
vn -0.0428 0.2467 -0.9681
vn 0.7827 -0.3403 0.5212
vn 0.5357 -0.7664 -0.3545
vn 0.5699 0.4287 -0.7010
vn -0.4103 0.0656 -0.9096
vn -0.0430 0.2467 -0.9681
vn 0.5358 -0.7663 -0.3546
vn 0.4420 -0.5041 0.7420
vn -0.3912 0.3093 -0.8668
vn -0.0113 0.5782 -0.8158
vn 0.2476 0.4740 -0.8450
vn -0.2219 0.4927 -0.8415
vn -0.4320 -0.7909 0.4335
vn -0.9522 -0.1614 0.2593
vn 0.9215 0.0791 -0.3803
vn 0.9936 -0.0582 -0.0972
vn 0.9877 -0.1551 -0.0223
vn -0.8948 0.3176 -0.3136
vn -0.1649 0.3429 -0.9248
vn 0.1594 -0.7906 0.5912
vn 0.0648 0.8888 -0.4538
vn -0.0309 -0.9256 -0.3772
vn -0.1649 0.3430 -0.9247
vn -0.1648 0.3430 -0.9248
vn -0.3781 0.5835 -0.7187
vn 0.6975 0.6690 -0.2567
vn -0.1649 0.3430 -0.9248
vn -0.4663 -0.1015 -0.8788
vn 0.0648 0.8887 -0.4539
vn 0.9081 -0.3023 0.2899
vn -0.9484 0.1881 -0.2554
vn -0.9315 0.1832 -0.3142
vn 0.9716 0.0994 -0.2148
vn 0.2942 -0.6789 -0.6727
vn -0.1948 0.4034 -0.8940
vn 0.9984 -0.0323 0.0465
vn 0.9430 0.3063 0.1299
vn 0.1622 0.7642 -0.6243
vn 0.9716 0.0994 -0.2146
vn -0.3346 -0.5464 0.7678
vn -0.1665 0.9785 -0.1220
vn -0.7698 0.5687 -0.2898
vn 0.3547 -0.3236 0.8772
vn 0.4361 -0.7641 0.4754
vn -0.9708 0.1758 -0.1635
vn 0.9976 0.0078 -0.0685
vn 0.2545 0.9661 -0.0435
vn 0.5281 -0.5748 0.6251
vn -0.1252 -0.1931 0.9732
vn -0.1913 -0.5693 0.7996
vn -0.9720 0.0707 -0.2242
vn 0.9981 0.0275 -0.0543
vn 0.9944 0.0697 -0.0796
vn 0.9984 -0.0323 0.0463
vn 0.0297 0.2372 -0.9710
vn -0.1763 0.1464 -0.9734
vn -0.9677 -0.0687 0.2427
vn 0.9953 -0.0770 -0.0591
vn 0.5988 -0.7384 -0.3101
vn 0.5282 -0.5748 0.6251
vn -0.6732 -0.5522 0.4918
vn 0.9869 -0.1016 0.1254
vn 0.4532 0.5528 -0.6993
vn 0.5496 -0.4609 0.6968
vn -0.0487 0.5778 -0.8147
vn -0.2724 0.8500 -0.4509
vn -0.9711 -0.1703 0.1671
vn 0.9996 0.0277 0.0035
vn 0.0981 0.7498 -0.6543
vn 0.9467 0.1531 -0.2833
vn -0.4992 -0.6901 0.5239
vn 0.9363 -0.3008 0.1814
vn -0.9311 0.2015 -0.3041
vn 0.9879 -0.0147 -0.1545
vn 0.2810 -0.6794 0.6778
vn -0.2339 -0.7600 0.6063
vn 0.9925 0.0343 -0.1171
vn 0.1157 0.5147 -0.8495
vn 0.9796 0.0589 -0.1920
vn -0.9520 0.0667 -0.2987
vn 0.6688 0.2761 0.6902
vn 0.9796 0.0589 -0.1919
vn 0.8300 -0.2616 -0.4925
vn 0.1696 -0.5455 0.8208
vn 0.9504 -0.3017 -0.0760
vn 0.9468 0.1529 -0.2833
vn -0.9549 0.2396 -0.1756
vn 0.7739 -0.2040 -0.5996
vn 0.3354 0.4811 -0.8100
vn 0.7447 -0.2304 0.6264
vn -0.1091 0.4970 -0.8609
vn 0.6141 -0.4154 0.6711
vn 0.7268 0.1058 -0.6787
vn -0.3847 -0.7214 0.5758
vn -0.9388 -0.3442 0.0100
vn 0.7268 0.1058 -0.6786
vn -0.9436 0.0882 -0.3191
vn -0.1090 0.4967 -0.8611
vn 0.0609 0.5058 -0.8605
vn -0.6801 -0.0579 -0.7308
vn -0.6525 0.3931 -0.6478
vn 0.9678 0.2513 0.0115
vn 0.5026 0.5618 -0.6571
vn 0.7207 0.5732 0.3899
vn 0.6412 -0.2482 0.7261
vn -0.8424 -0.5384 0.0208
vn 0.1347 0.2759 -0.9517
vn -0.6779 -0.6654 0.3124
vn -0.0635 0.2736 -0.9598
vn 0.2232 -0.6045 0.7647
vn -0.2192 -0.8463 0.4855
vn 0.9693 0.1489 0.1957
vn -0.6705 0.4119 -0.6171
vn 0.4856 -0.4159 0.7689
vn 0.0747 0.0156 -0.9971
vn 0.8796 -0.1215 0.4599
vn 0.9072 0.2472 -0.3403
vn 0.0009 0.7882 -0.6154
vn 0.9523 0.2142 0.2173
vn -0.7121 -0.6992 0.0636
vn -0.8884 -0.1787 -0.4228
vn -0.3885 0.5298 -0.7539
vn -0.0751 -0.8178 0.5706
vn 0.7337 -0.0147 0.6793
vn 0.9067 0.3413 0.2478
vn 0.7915 0.5887 -0.1641
vn 0.2073 0.6295 -0.7489
vn -0.6945 0.1031 -0.7121
vn 0.8844 0.4253 0.1923
vn -0.2315 0.4838 -0.8440
vn 0.6027 0.4951 -0.6258
vn 0.3526 -0.5087 0.7854
vn -0.3585 -0.7617 0.5397
vn -0.8683 -0.3960 -0.2987
vn 0.2072 0.6295 -0.7489
vn -0.3300 -0.9009 0.2820
vn 0.4611 0.5288 -0.7126
vn -0.2344 -0.7001 0.6745
vn -0.3299 -0.9009 0.2820
vn -0.3782 0.4973 -0.7808
vn 0.4611 0.5287 -0.7126
vn 0.8543 0.5195 -0.0149
vn -0.8497 -0.5273 -0.0004
vn 0.0713 0.9442 -0.3216
vn 0.0714 0.5646 -0.8223
vn 0.6122 -0.3774 0.6949
vn -0.8031 -0.0629 -0.5925
vn 0.1310 -0.8277 0.5456
vn 0.9425 0.3336 -0.0191
vn 0.8536 -0.1831 0.4876
vn -0.3335 -0.8467 0.4145
vn -0.3584 -0.7617 0.5397
vn -0.3580 0.4148 -0.8365
vn -0.6224 -0.7203 0.3061
vn 0.8536 -0.1831 0.4877
vn 0.5428 0.7358 -0.4050
vn 0.8867 -0.2694 0.3758
vn -0.8497 -0.5273 -0.0003
vn 0.2500 -0.5936 0.7649
vn -0.8960 -0.1043 -0.4317
vn -0.2006 -0.8027 0.5616
vn 0.0924 0.6473 -0.7566
vn -0.8990 0.1260 -0.4195
vn 0.8566 0.5062 -0.0998
vn 0.5300 -0.1636 0.8321
vn 0.6856 0.6073 -0.4014
vn -0.5121 0.6271 -0.5869
vn -0.8143 -0.3550 -0.4592
vn 0.8295 -0.5185 -0.2076
vn -0.8745 -0.0353 -0.4837
vn 0.8566 0.5062 -0.1000
vn 0.9118 0.3107 0.2684
vn 0.2757 -0.0181 0.9611
vn -0.6901 -0.7208 -0.0651
vn -0.2085 -0.5851 0.7837
vn -0.8209 -0.1204 -0.5583
vn -0.3495 -0.3707 0.8605
vn 0.1393 -0.0894 0.9862
vn 0.3471 0.4614 0.8165
vn -0.2380 0.4618 -0.8545
vn 0.9778 0.1748 0.1156
vn -0.3351 -0.7654 0.5494
vn 0.7553 0.5465 0.3618
vn 0.9177 0.3668 -0.1525
vn -0.4626 -0.7482 0.4756
vn -0.5057 -0.8626 0.0105
vn 0.9096 0.3459 -0.2301
vn 0.8980 0.3920 0.1999
vn 0.2757 -0.0182 0.9611
vn -0.8208 -0.1204 -0.5584
vn 0.7553 0.5464 0.3618
vn 0.7006 0.6874 -0.1914
vn -0.3672 -0.8030 0.4694
vn -0.1336 -0.5696 -0.8110
vn 0.3940 0.5182 -0.7591
vn -0.8305 -0.5550 0.0474
vn -0.7223 -0.2005 -0.6619
vn -0.0152 0.5261 -0.8503
vn 0.6240 -0.3868 -0.6790
vn -0.3797 -0.6411 0.6669
vn -0.6028 -0.2935 -0.7419
vn 0.9778 0.1749 0.1158
vn 0.8822 0.4119 -0.2280
vn 0.6240 -0.3867 -0.6790
vn 0.6228 0.3466 -0.7014
vn 0.0061 -0.8371 0.5470
vn -0.8909 -0.4272 -0.1543
vn 0.3951 0.4496 -0.8011
vn -0.3605 0.1418 -0.9219
vn -0.2380 0.4617 -0.8545
vn 0.8895 -0.1720 0.4233
vn -0.8209 -0.1205 -0.5582
vn 0.4596 -0.1639 -0.8729
vn 0.3088 0.7556 -0.5777
vn 0.0452 0.3584 -0.9325
vn -0.5450 -0.3098 -0.7791
vn 0.2761 -0.3873 -0.8796
vn 0.1160 0.2892 -0.9502
vn 0.8895 -0.1719 0.4233
vn -0.7223 -0.2004 -0.6619
vn -0.1907 0.0512 -0.9803
vn 0.9746 0.1826 0.1300
vn 0.6341 0.3890 -0.6683
vn -0.1198 0.2917 -0.9490
vn 0.0062 -0.8371 0.5470
vn -0.2511 -0.4433 0.8605
vn 0.0061 -0.8371 0.5471
vn -0.5241 -0.5383 0.6600
vn 0.0200 -0.5670 0.8235
vn -0.5241 -0.5382 0.6600
vn -0.3897 0.1490 -0.9088
vn 0.0198 -0.5670 0.8235
vn -0.3898 0.1490 -0.9088
vn -0.9356 -0.1503 -0.3195
vn 0.0072 0.5931 -0.8051
vn 0.2753 0.1485 0.9498
vn -0.2053 -0.9486 -0.2409
vn 0.7046 -0.2167 0.6757
vn 0.0815 -0.5566 0.8268
vn 0.6560 -0.3869 -0.6480
vn -0.5074 0.3566 -0.7845
vn 0.5951 0.0097 0.8036
vn -0.2113 -0.0512 0.9761
vn 0.7046 -0.2165 0.6757
vn 0.9226 -0.0074 -0.3856
vn 0.4341 0.0408 -0.8999
vn 0.2556 0.4261 -0.8678
vn -0.5255 -0.1441 0.8385
vn -0.6187 -0.6660 -0.4168
vn 0.4155 -0.1725 0.8931
vn -0.8681 -0.3480 -0.3541
vn -0.2052 -0.9486 -0.2408
vn 0.0816 -0.5565 0.8268
vn 0.2753 0.1484 0.9498
vn -0.2890 -0.3391 -0.8952
vn 0.1335 -0.3418 -0.9303
vn 0.1335 -0.3417 -0.9303
vn 0.8662 -0.3606 -0.3460
vn -0.6080 -0.1271 -0.7837
vn -0.3343 -0.4176 -0.8449
vn -0.1644 0.2320 -0.9587
vn -0.6187 -0.6660 -0.4167
vn 0.6560 -0.3867 -0.6482
vn 0.3371 0.0840 -0.9377
vn 0.1922 0.0392 -0.9806
vn -0.0258 -0.1676 -0.9855
vn -0.3690 -0.3499 -0.8611
vn 0.2523 -0.1502 -0.9559
vn -0.3342 -0.4176 -0.8449
vn 0.6592 -0.3614 0.6594
vn 0.5752 -0.2414 -0.7816
vn -0.3322 0.1817 -0.9255
vn 0.6939 0.0281 0.7195
vn -0.7699 0.0825 -0.6328
vt 0.090569 0.480969
vt 0.097006 0.510739
vt 0.067752 0.505079
vt 0.010530 0.974995
vt 0.014551 0.966413
vt 0.040770 0.975342
vt 0.003096 0.974132
vt 0.010855 0.933029
vt 0.023083 0.964049
vt 0.085952 0.472349
vt 0.008752 0.963390
vt 0.093571 0.453225
vt 0.074559 0.458122
vt 0.034756 0.968221
vt 0.044133 0.307368
vt 0.027949 0.325768
vt 0.029107 0.311590
vt 0.079454 0.442847
vt 0.977205 0.303632
vt 0.991601 0.311838
vt 0.973933 0.329835
vt 0.999617 0.320568
vt 0.017538 0.320516
vt 0.022915 0.933428
vt 0.046070 0.333220
vt 0.032851 0.357130
vt 0.070630 0.456272
vt 0.071923 0.472761
vt 1.000000 0.299233
vt 0.087394 0.529394
vt 0.074926 0.427253
vt 0.963897 0.294464
vt 0.026853 0.958617
vt 0.024014 0.301570
vt 0.021814 0.306111
vt 0.102688 0.472585
vt 0.967518 0.328025
vt 0.456940 0.981312
vt 0.456326 0.993810
vt 0.452054 0.986167
vt 0.417924 0.980045
vt 0.109573 0.501562
vt 0.009084 0.097121
vt 0.032658 0.096890
vt 0.037325 0.110231
vt 0.427211 0.970921
vt 0.431932 0.966253
vt 0.017648 0.291383
vt 0.019427 0.131613
vt 0.024249 0.112500
vt 0.406858 0.971236
vt 0.413352 0.973484
vt 0.394821 0.992916
vt 0.106859 0.451606
vt 0.425079 0.963559
vt 0.407150 0.956442
vt 0.016976 0.358596
vt 0.046550 0.101313
vt 0.054972 0.105771
vt 0.113563 0.489769
vt 0.216066 0.973271
vt 0.196736 0.970371
vt 0.214186 0.966193
vt 0.219412 0.958940
vt 0.227464 0.964904
vt 0.200992 0.951501
vt 0.021579 0.368165
vt 0.100391 0.523103
vt 0.392491 0.936718
vt 0.233658 0.971896
vt 0.429085 0.953306
vt 0.222736 0.943973
vt 0.115907 0.505582
vt 0.193660 0.979085
vt 0.242617 0.971386
vt 0.114983 0.486576
vt 0.624740 0.919824
vt 0.619415 0.913306
vt 0.632402 0.918708
vt 0.191380 0.942980
vt 0.204842 0.938324
vt 0.224210 0.936653
vt 0.222299 0.922957
vt 0.180016 0.954860
vt 0.662112 0.912315
vt 0.654969 0.926070
vt 0.683047 0.921927
vt 0.669823 0.927697
vt 0.204137 0.918272
vt 0.185251 0.976602
vt 0.627017 0.936357
vt 0.217327 0.888405
vt 0.613364 0.926345
vt 0.179597 0.946767
vt 0.188107 0.918334
vt 0.601922 0.910581
vt 0.238410 0.949629
vt 0.176456 0.935945
vt 0.138424 0.160250
vt 0.143010 0.168003
vt 0.133820 0.167343
vt 0.233275 0.906422
vt 0.132584 0.487928
vt 0.184825 0.977859
vt 0.241984 0.936684
vt 0.184411 0.977799
vt 0.179455 0.980150
vt 0.184856 0.978474
vt 0.198296 0.908663
vt 0.182249 0.984717
vt 0.190346 0.901425
vt 0.130575 0.504718
vt 0.079835 0.012441
vt 0.090609 0.001450
vt 0.091453 0.019745
vt 0.557566 0.062188
vt 0.564820 0.043511
vt 0.579238 0.043946
vt 0.135814 0.145950
vt 0.175204 0.970685
vt 0.543308 0.066289
vt 0.547946 0.051547
vt 0.102747 0.001292
vt 0.542843 0.052450
vt 0.245958 0.924581
vt 0.114513 0.169486
vt 0.112122 0.158410
vt 0.603457 0.932502
vt 0.591318 0.921553
vt 0.571361 0.921315
vt 0.572458 0.925532
vt 0.566138 0.921127
vt 0.232168 0.893874
vt 0.169272 0.954094
vt 0.158020 0.909972
vt 0.380492 0.298276
vt 0.377292 0.282274
vt 0.390174 0.284646
vt 0.128883 0.128350
vt 0.117103 0.123626
vt 0.126472 0.118991
vt 0.361254 0.281055
vt 0.373581 0.289316
vt 0.374489 0.301826
vt 0.103340 0.018680
vt 0.597319 0.035598
vt 0.595630 0.043010
vt 0.155454 0.928540
vt 0.548423 0.034597
vt 0.085769 0.207118
vt 0.084689 0.189958
vt 0.094592 0.193276
vt 0.104290 0.182654
vt 0.580585 0.027261
vt 0.109243 0.112948
vt 0.106343 0.127779
vt 0.098147 0.120872
vt 0.100688 0.111284
vt 0.074710 0.201801
vt 0.261477 0.291061
vt 0.252752 0.299591
vt 0.252590 0.288546
vt 0.110863 0.143674
vt 0.103531 0.160795
vt 0.099004 0.175822
vt 0.146179 0.936894
vt 0.381356 0.276640
vt 0.388765 0.280533
vt 0.244590 0.278023
vt 0.243666 0.285111
vt 0.068878 0.191485
vt 0.071469 0.107996
vt 0.361834 0.274222
vt 0.260904 0.278638
vt 0.100844 0.137264
vt 0.091298 0.169257
vt 0.270896 0.287799
vt 0.353390 0.281584
vt 0.353411 0.292658
vt 0.074018 0.176862
vt 0.342766 0.290905
vt 0.377295 0.261479
vt 0.391998 0.264594
vt 0.262548 0.264136
vt 0.088902 0.146006
vt 0.081599 0.139440
vt 0.084952 0.124391
vt 0.356624 0.262756
vt 0.265576 0.274403
vt 0.071732 0.118072
vt 0.278969 0.282958
vt 0.362417 0.255942
vt 0.389552 0.250934
vt 0.257027 0.255912
vt 0.239562 0.258594
vt 0.345648 0.273114
vt 0.070538 0.130409
vt 0.073464 0.159947
vt 0.377639 0.251975
vt 0.349739 0.268494
vt 0.285859 0.291312
vt 0.256967 0.241223
vt 0.331590 0.271563
vt 0.370156 0.244567
vt 0.388554 0.241090
vt 0.325085 0.281459
vt 0.335714 0.293409
vt 0.327383 0.290308
vt 0.277333 0.271700
vt 0.295827 0.282471
vt 0.301390 0.292223
vt 0.378727 0.234972
vt 0.235290 0.244384
vt 0.273679 0.263161
vt 0.351024 0.251748
vt 0.394544 0.242358
vt 0.354866 0.242470
vt 0.315427 0.285830
vt 0.064393 0.144674
vt 0.286660 0.271042
vt 0.271342 0.252554
vt 0.386551 0.230562
vt 0.238220 0.233928
vt 0.366359 0.224493
vt 0.341537 0.261376
vt 0.355648 0.232746
vt 0.322902 0.275059
vt 0.378306 0.218511
vt 0.395081 0.218320
vt 0.400799 0.224688
vt 0.346301 0.232943
vt 0.405518 0.230041
vt 0.368841 0.215895
vt 0.243404 0.219879
vt 0.255906 0.230268
vt 0.269002 0.236351
vt 0.308936 0.277440
vt 0.281472 0.258791
vt 0.297587 0.270317
vt 0.378911 0.201648
vt 0.392885 0.208435
vt 0.364923 0.216161
vt 0.332892 0.244190
vt 0.329918 0.256414
vt 0.338523 0.241529
vt 0.356755 0.219115
vt 0.408639 0.213037
vt 0.404087 0.204095
vt 0.316673 0.273560
vt 0.416397 0.210511
vt 0.277248 0.242755
vt 0.314313 0.270383
vt 0.376014 0.190488
vt 0.343778 0.219260
vt 0.325528 0.262573
vt 0.296194 0.255425
vt 0.252544 0.217290
vt 0.347483 0.229490
vt 0.361491 0.211950
vt 0.419569 0.202574
vt 0.331189 0.229981
vt 0.368532 0.201214
vt 0.386604 0.191616
vt 0.406543 0.196283
vt 0.424053 0.218208
vt 0.244435 0.201307
vt 0.237194 0.200309
vt 0.358834 0.203314
vt 0.313278 0.245293
vt 0.306296 0.257351
vt 0.276439 0.235679
vt 0.297899 0.248800
vt 0.418548 0.193335
vt 0.266191 0.221506
vt 0.365574 0.190392
vt 0.396283 0.180773
vt 0.414003 0.189062
vt 0.374592 0.180953
vt 0.383494 0.185735
vt 0.426894 0.201638
vt 0.426727 0.189738
vt 0.319464 0.239294
vt 0.974064 0.934327
vt 0.961773 0.911426
vt 0.979156 0.923902
vt 0.264962 0.897645
vt 0.260454 0.904126
vt 0.247831 0.892916
vt 0.271336 0.915913
vt 0.262493 0.913923
vt 0.299484 0.234571
vt 0.281319 0.221525
vt 0.968599 0.900454
vt 0.771091 0.853270
vt 0.762920 0.838010
vt 0.773505 0.842720
vt 0.988869 0.913676
vt 0.386155 0.179838
vt 0.233152 0.887282
vt 0.236468 0.886495
vt 0.277744 0.915795
vt 0.273129 0.922011
vt 0.268820 0.923369
vt 0.952215 0.899494
vt 0.329934 0.216791
vt 0.311916 0.803245
vt 0.314443 0.805370
vt 0.316712 0.815188
vt 0.325168 0.225513
vt 0.304031 0.809400
vt 0.309612 0.802910
vt 0.292664 0.222853
vt 0.436473 0.200468
vt 0.983467 0.898016
vt 0.753600 0.848917
vt 0.346728 0.200511
vt 0.954353 0.887274
vt 0.948514 0.918449
vt 0.765594 0.867486
vt 0.316655 0.231612
vt 0.270471 0.904662
vt 0.242179 0.191961
vt 0.254318 0.198445
vt 0.317786 0.802435
vt 0.333698 0.817535
vt 0.773205 0.881562
vt 0.753282 0.872796
vt 0.327514 0.803485
vt 0.281537 0.893808
vt 0.978474 0.979522
vt 0.980346 0.948081
vt 0.988331 0.960132
vt 0.310905 0.796039
vt 0.312594 0.225548
vt 0.235986 0.188501
vt 0.274912 0.940751
vt 0.284375 0.929927
vt 0.976753 0.962080
vt 0.937406 0.903755
vt 0.309090 0.215474
vt 0.285194 0.204779
vt 0.357191 0.186444
vt 0.299391 0.800792
vt 0.750581 0.882076
vt 0.341086 0.792701
vt 0.292632 0.909596
vt 0.968735 0.624153
vt 0.955635 0.640721
vt 0.950339 0.629985
vt 0.267747 0.201102
vt 0.928086 0.893847
vt 0.337013 0.197504
vt 0.298228 0.793753
vt 0.721709 0.865827
vt 0.328121 0.779354
vt 0.301037 0.203828
vt 0.736629 0.878586
vt 0.970898 0.640913
vt 0.320855 0.207278
vt 0.280729 0.874062
vt 0.722420 0.877719
vt 0.358160 0.179463
vt 0.725046 0.846477
vt 0.294793 0.890076
vt 0.742227 0.884566
vt 0.297421 0.788432
vt 0.258663 0.191686
vt 0.293620 0.949169
vt 0.283727 0.940357
vt 0.926477 0.913409
vt 0.339489 0.186451
vt 0.426080 0.060455
vt 0.416069 0.078804
vt 0.391698 0.068682
vt 0.315165 0.781900
vt 0.401210 0.059380
vt 0.383114 0.070380
vt 0.707092 0.847841
vt 0.987690 0.667032
vt 0.981024 0.671426
vt 0.276331 0.203627
vt 0.435312 0.077757
vt 0.716596 0.870777
vt 0.375265 0.057010
vt 0.285013 0.871583
vt 0.295911 0.921863
vt 0.758787 0.902019
vt 0.749963 0.896971
vt 0.740064 0.890760
vt 0.283823 0.799461
vt 0.446552 0.055659
vt 0.395667 0.044744
vt 0.404860 0.092799
vt 0.396398 0.099510
vt 0.706268 0.859890
vt 0.645684 0.731390
vt 0.642862 0.711992
vt 0.660585 0.708010
vt 0.797860 0.898122
vt 0.328678 0.193569
vt 0.408590 0.098323
vt 0.408760 0.099098
vt 0.408812 0.100433
vt 0.344417 0.790352
vt 0.417425 0.128894
vt 0.397897 0.125828
vt 0.952883 0.668752
vt 0.663763 0.679392
vt 0.442576 0.074055
vt 0.726266 0.890499
vt 0.411866 0.096167
vt 0.372796 0.070730
vt 0.936738 0.638686
vt 0.432814 0.129097
vt 0.184203 0.209912
vt 0.197117 0.221865
vt 0.191283 0.221211
vt 0.299979 0.878409
vt 0.308041 0.194560
vt 0.389077 0.132440
vt 0.945600 0.666028
vt 0.929883 0.657859
vt 0.296192 0.942113
vt 0.440306 0.041548
vt 0.294599 0.779739
vt 0.944450 0.981235
vt 0.452946 0.071314
vt 0.729716 0.893503
vt 0.715839 0.879022
vt 0.673127 0.692942
vt 0.450223 0.131859
vt 0.220116 0.707080
vt 0.196829 0.726014
vt 0.213227 0.706305
vt 0.310930 0.772537
vt 0.342516 0.780334
vt 0.106734 0.380417
vt 0.093271 0.381629
vt 0.082379 0.373232
vt 0.086536 0.358578
vt 0.658253 0.724029
vt 0.640560 0.693107
vt 0.174429 0.191039
vt 0.186626 0.197441
vt 0.985202 0.681717
vt 0.441743 0.142923
vt 0.714132 0.894707
vt 0.405880 0.140811
vt 0.173546 0.221811
vt 0.169920 0.209173
vt 0.176694 0.181705
vt 0.307859 0.914826
vt 0.796633 0.919337
vt 0.278943 0.793325
vt 0.189015 0.046056
vt 0.176182 0.050683
vt 0.176075 0.041511
vt 0.672396 0.712888
vt 0.164356 0.047550
vt 0.937712 0.674673
vt 0.307131 0.896397
vt 0.096188 0.394525
vt 0.325837 0.773863
vt 0.166108 0.222861
vt 0.620888 0.717066
vt 0.359010 0.061684
vt 0.623051 0.686792
vt 0.609109 0.661753
vt 0.624582 0.665641
vt 0.597939 0.643140
vt 0.922766 0.930429
vt 0.238792 0.713755
vt 0.255102 0.703374
vt 0.733683 0.895497
vt 0.203561 0.227709
vt 0.203829 0.236940
vt 0.197714 0.231484
vt 0.584487 0.645973
vt 0.396109 0.404952
vt 0.390045 0.394363
vt 0.402319 0.398429
vt 0.657627 0.731885
vt 0.631552 0.650823
vt 0.643757 0.671948
vt 0.687228 0.699906
vt 0.277076 0.200749
vt 0.309255 0.932739
vt 0.255591 0.709687
vt 0.450381 0.145152
vt 0.428761 0.144296
vt 0.331513 0.770823
vt 0.574239 0.665662
vt 0.391855 0.137284
vt 0.079845 0.360731
vt 0.269763 0.194893
vt 0.295677 0.707133
vt 0.298237 0.713472
vt 0.749013 0.909942
vt 0.741762 0.898987
vt 0.314759 0.766018
vt 0.196443 0.233211
vt 0.386641 0.412290
vt 0.378960 0.142234
vt 0.611467 0.626713
vt 0.160106 0.052974
vt 0.149243 0.041768
vt 0.638207 0.982974
vt 0.641607 0.970653
vt 0.649352 0.976773
vt 0.323039 0.764123
vt 0.397716 0.144231
vt 0.684637 0.723470
vt 0.161696 0.195154
vt 0.392505 0.382863
vt 0.317526 0.890286
vt 0.311181 0.897743
vt 0.978583 0.687284
vt 0.960333 0.693152
vt 0.224201 0.692863
vt 0.216241 0.692438
vt 0.299063 0.059090
vt 0.308910 0.058677
vt 0.310381 0.067099
vt 0.340359 0.772090
vt 0.372641 0.408786
vt 0.186138 0.062228
vt 0.110841 0.191984
vt 0.143300 0.173356
vt 0.127621 0.198127
vt 0.635229 0.633146
vt 0.660918 0.662853
vt 0.642014 0.963657
vt 0.649381 0.970735
vt 0.292401 0.774664
vt 0.584737 0.675537
vt 0.661519 0.977811
vt 0.641341 0.991953
vt 0.736285 0.906784
vt 0.330142 0.761937
vt 0.121787 0.367204
vt 0.103600 0.357413
vt 0.614123 0.689846
vt 0.315428 0.185509
vt 0.826498 0.957592
vt 0.806313 0.956354
vt 0.809736 0.940534
vt 0.133631 0.195796
vt 0.286414 0.185361
vt 0.281615 0.786168
vt 0.397193 0.148029
vt 0.179997 0.240194
vt 0.928426 0.605798
vt 0.940276 0.601321
vt 0.097047 0.345546
vt 0.360898 0.107882
vt 0.150295 0.207868
vt 0.151944 0.171192
vt 0.165198 0.185282
vt 0.697891 0.717647
vt 0.676972 0.674654
vt 0.921695 0.679676
vt 0.928661 0.937307
vt 0.307015 0.706340
vt 0.372764 0.385708
vt 0.279764 0.690709
vt 0.438726 0.146354
vt 0.431124 0.149938
vt 0.197990 0.715532
vt 0.313136 0.054259
vt 0.317663 0.060224
vt 0.406013 0.149550
vt 0.156215 0.748473
vt 0.140361 0.732514
vt 0.149917 0.727921
vt 0.145719 0.213597
vt 0.355642 0.407462
vt 0.364820 0.390388
vt 0.294530 0.767606
vt 0.146144 0.753497
vt 0.159226 0.737176
vt 0.406616 0.426346
vt 0.294542 0.044044
vt 0.608990 0.691537
vt 0.610497 0.692443
vt 0.610027 0.691982
vt 0.612978 0.713627
vt 0.385180 0.144198
vt 0.137068 0.720099
vt 0.689710 0.681474
vt 0.147970 0.764569
vt 0.154699 0.763459
vt 0.168166 0.746759
vt 0.262716 0.776162
vt 0.270559 0.771684
vt 0.419690 0.418885
vt 0.608481 0.698451
vt 0.830234 0.950858
vt 0.826132 0.962975
vt 0.789597 0.860521
vt 0.795689 0.834666
vt 0.808165 0.839085
vt 0.984851 0.703914
vt 0.657312 0.969849
vt 0.440830 0.152484
vt 0.131808 0.390335
vt 0.336766 0.466621
vt 0.361404 0.428825
vt 0.371322 0.437243
vt 0.280998 0.778360
vt 0.388376 0.428288
vt 0.318652 0.468309
vt 0.305385 0.460549
vt 0.309849 0.449546
vt 0.143759 0.714304
vt 0.397472 0.365930
vt 0.119324 0.770860
vt 0.137176 0.752186
vt 0.330739 0.047783
vt 0.938005 0.972898
vt 0.344812 0.436940
vt 0.351077 0.424780
vt 0.789941 0.568031
vt 0.791938 0.580117
vt 0.778058 0.578388
vt 0.311470 0.435497
vt 0.322593 0.441047
vt 0.332320 0.445097
vt 0.323936 0.415555
vt 0.314135 0.420206
vt 0.350050 0.065635
vt 0.822054 0.818490
vt 0.647520 0.952514
vt 0.315060 0.919487
vt 0.803888 0.938859
vt 0.773017 0.942930
vt 0.300933 0.697468
vt 0.316135 0.472964
vt 0.348950 0.757190
vt 0.327013 0.457538
vt 0.785793 0.616446
vt 0.779520 0.595912
vt 0.129768 0.735077
vt 0.766380 0.935472
vt 0.288055 0.695506
vt 0.311125 0.491901
vt 0.268450 0.765957
vt 0.330112 0.459680
vt 0.131021 0.757864
vt 0.386752 0.442527
vt 0.428806 0.155089
vt 0.725946 0.908014
vt 0.388806 0.421481
vt 0.780275 0.642985
vt 0.781131 0.631135
vt 0.793056 0.655745
vt 0.819561 0.972834
vt 0.815237 0.974385
vt 0.284834 0.042409
vt 0.288352 0.036901
vt 0.303798 0.189489
vt 0.351334 0.088459
vt 0.081589 0.340859
vt 0.355697 0.386785
vt 0.320147 0.908624
vt 0.166065 0.762283
vt 0.406848 0.173824
vt 0.397391 0.155195
vt 0.035456 0.497128
vt 0.049307 0.490253
vt 0.052889 0.492708
vt 0.160171 0.733311
vt 0.377747 0.150612
vt 0.327990 0.415593
vt 0.339760 0.419395
vt 0.209080 0.070810
vt 0.342064 0.400286
vt 0.354814 0.103860
vt 0.354143 0.057512
vt 0.270360 0.041245
vt 0.270572 0.028649
vt 0.167652 0.164368
vt 0.177782 0.152628
vt 0.677865 0.659974
vt 0.304953 0.024951
vt 0.106376 0.754913
vt 0.123190 0.351871
vt 0.102391 0.335542
vt 0.361540 0.120066
vt 0.825282 0.858874
vt 0.224541 0.685725
vt 0.090460 0.771181
vt 0.066173 0.785919
vt 0.081869 0.757867
vt 0.042656 0.513897
vt 0.060229 0.509515
vt 0.110127 0.740840
vt 0.819852 0.992573
vt 0.922329 0.606115
vt 0.086263 0.324867
vt 0.118466 0.722013
vt 0.313995 0.408687
vt 0.364107 0.372256
vt 0.707806 0.708178
vt 0.938775 0.691770
vt 0.929894 0.953751
vt 0.242330 0.687487
vt 0.376781 0.452863
vt 0.433711 0.179905
vt 0.397294 0.879153
vt 0.389641 0.869823
vt 0.398685 0.847995
vt 0.205688 0.243404
vt 0.066518 0.482755
vt 0.076856 0.355573
vt 0.647997 0.620977
vt 0.749651 0.923458
vt 0.149726 0.390329
vt 0.302298 0.745213
vt 0.115197 0.768355
vt 0.061493 0.537243
vt 0.073689 0.529351
vt 0.073867 0.553306
vt 0.775608 0.624873
vt 0.761318 0.630277
vt 0.202706 0.045064
vt 0.151963 0.715243
vt 0.086226 0.747421
vt 0.417010 0.869674
vt 0.417600 0.845274
vt 0.430985 0.856521
vt 0.098045 0.731066
vt 0.329107 0.402668
vt 0.306249 0.414942
vt 0.617189 0.612815
vt 0.247375 0.763439
vt 0.046261 0.575702
vt 0.043813 0.564496
vt 0.059006 0.574830
vt 0.327270 0.741970
vt 0.024265 0.511831
vt 0.300158 0.426843
vt 0.077082 0.738907
vt 0.824618 0.878031
vt 0.816071 0.869644
vt 0.360280 0.129121
vt 0.277452 0.023429
vt 0.062454 0.742068
vt 0.344502 0.113752
vt 0.312425 0.736212
vt 0.307355 0.742224
vt 0.304308 0.734329
vt 0.350495 0.473479
vt 0.313251 0.739856
vt 0.314755 0.744613
vt 0.043616 0.523571
vt 0.771870 0.661504
vt 0.787121 0.671144
vt 0.780940 0.691363
vt 0.769356 0.674796
vt 0.345727 0.089892
vt 0.135358 0.710430
vt 0.171320 0.075835
vt 0.663048 0.965908
vt 0.130506 0.791057
vt 0.260012 0.760961
vt 0.562582 0.982911
vt 0.537211 0.992560
vt 0.538370 0.984371
vt 0.718772 0.915974
vt 0.203945 0.242775
vt 0.422033 0.868982
vt 0.322644 0.399838
vt 0.120966 0.714654
vt 0.700800 0.686821
vt 0.925110 0.696241
vt 0.789815 0.950515
vt 0.051658 0.580867
vt 0.299752 0.737165
vt 0.442054 0.156773
vt 0.410264 0.884556
vt 0.412019 0.865171
vt 0.312232 0.749684
vt 0.064922 0.516931
vt 0.201480 0.239637
vt 0.207604 0.250491
vt 0.329563 0.001264
vt 0.337796 0.000081
vt 0.326767 0.008234
vt 0.199099 0.246042
vt 0.089256 0.553455
vt 0.302364 0.421857
vt 0.347923 0.127671
vt 0.110476 0.719752
vt 0.301216 0.725043
vt 0.289101 0.725174
vt 0.098977 0.784936
vt 0.408311 0.439053
vt 0.400619 0.460220
vt 0.213683 0.056442
vt 0.359257 0.143459
vt 0.672336 0.984070
vt 0.142741 0.787918
vt 0.255828 0.684979
vt 0.274534 0.752024
vt 0.288621 0.752586
vt 0.114148 0.786888
vt 0.325127 0.481710
vt 0.238842 0.785091
vt 0.238167 0.771449
vt 0.334284 0.749122
vt 0.728518 0.922317
vt 0.417315 0.451654
vt 0.322269 0.006901
vt 0.147257 0.048716
vt 0.155850 0.077063
vt 0.343720 0.891675
vt 0.041483 0.612260
vt 0.308103 0.693641
vt 0.331912 0.699059
vt 0.309905 0.704492
vt 0.089120 0.787716
vt 0.371154 0.886899
vt 0.049152 0.523700
vt 0.762635 0.655554
vt 0.318760 0.006762
vt 0.336976 0.389742
vt 0.345200 0.381594
vt 0.883585 0.827075
vt 0.877275 0.809713
vt 0.900923 0.811252
vt 0.287561 0.731217
vt 0.268873 0.677852
vt 0.286180 0.691542
vt 0.287030 0.691971
vt 0.244940 0.676448
vt 0.352929 0.484110
vt 0.337417 0.074336
vt 0.828430 0.834470
vt 0.332766 0.924459
vt 0.916535 0.945290
vt 0.285602 0.689031
vt 0.064743 0.559074
vt 0.330410 0.743748
vt 0.371776 0.882998
vt 0.364001 0.885442
vt 0.364194 0.889364
vt 0.762446 0.552519
vt 0.354511 0.887313
vt 0.353651 0.882312
vt 0.066246 0.515374
vt 0.298711 0.413998
vt 0.333107 0.091111
vt 0.157762 0.147446
vt 0.150518 0.159086
vt 0.901271 0.822508
vt 0.290876 0.741833
vt 0.102843 0.788430
vt 0.041900 0.825199
vt 0.019957 0.830186
vt 0.025982 0.824142
vt 0.364434 0.883475
vt 0.363452 0.883424
vt 0.437317 0.861799
vt 0.435742 0.883255
vt 0.429776 0.873424
vt 0.081979 0.938179
vt 0.063200 0.930185
vt 0.088108 0.930569
vt 0.673652 0.967873
vt 0.674923 0.635604
vt 0.667632 0.951283
vt 0.642937 0.937557
vt 0.857223 0.822242
vt 0.854485 0.814657
vt 0.055464 0.602108
vt 0.224810 0.665061
vt 0.282116 0.677920
vt 0.366410 0.893568
vt 0.352964 0.894257
vt 0.351579 0.891489
vt 0.851738 0.939976
vt 0.847166 0.949110
vt 0.846796 0.958387
vt 0.363751 0.159145
vt 0.334478 0.055428
vt 0.323992 0.075729
vt 0.172909 0.148733
vt 0.071370 0.587037
vt 0.285949 0.678986
vt 0.334304 0.488603
vt 0.547748 0.968845
vt 0.319458 0.016927
vt 0.906604 0.878946
vt 0.920080 0.875698
vt 0.924131 0.884702
vt 0.685609 0.979094
vt 0.684459 0.991881
vt 0.057208 0.586903
vt 0.320166 0.727789
vt 0.242369 0.667426
vt 0.053636 0.829547
vt 0.033978 0.835553
vt 0.923354 0.984841
vt 0.902346 0.947207
vt 0.403830 0.899272
vt 0.367713 0.895862
vt 0.351151 0.885888
vt 0.937072 0.885296
vt 0.189928 0.081478
vt 0.291841 0.409495
vt 0.344003 0.135345
vt 0.336053 0.093675
vt 0.691144 0.663008
vt 0.931827 0.979088
vt 0.020378 0.806997
vt 0.034321 0.810205
vt 0.858778 0.940900
vt 0.855129 0.939969
vt 0.760062 0.639346
vt 0.424024 0.872876
vt 0.071366 0.721702
vt 0.088392 0.716180
vt 0.317344 0.719051
vt 0.262318 0.664507
vt 0.362354 0.489704
vt 0.326674 0.498727
vt 0.902586 0.963313
vt 0.757224 0.576492
vt 0.421981 0.873582
vt 0.165579 0.154698
vt 0.075171 0.568051
vt 0.253006 0.749985
vt 0.038089 0.804926
vt 0.714820 0.935242
vt 0.450512 0.856902
vt 0.374466 0.175772
vt 0.432296 0.840310
vt 0.111507 0.699325
vt 0.696616 0.980253
vt 0.855577 0.991784
vt 0.832746 0.990852
vt 0.846661 0.980258
vt 0.840064 0.820490
vt 0.240870 0.748058
vt 0.209998 0.674230
vt 0.221342 0.668733
vt 0.238692 0.077848
vt 0.212616 0.097722
vt 0.224438 0.078638
vt 0.301664 0.001447
vt 0.850774 0.950067
vt 0.439714 0.828111
vt 0.040414 0.699559
vt 0.046998 0.685360
vt 0.048834 0.698259
vt 0.534724 0.961641
vt 0.220585 0.098864
vt 0.744484 0.610089
vt 0.936495 0.592131
vt 0.196623 0.084278
vt 0.206190 0.109467
vt 0.346563 0.153854
vt 0.089496 0.921469
vt 0.069990 0.925179
vt 0.311122 0.397662
vt 0.348231 0.367241
vt 0.062312 0.937182
vt 0.092678 0.566106
vt 0.072543 0.580348
vt 0.232946 0.747678
vt 0.380866 0.909626
vt 0.094638 0.315378
vt 0.333822 0.110569
vt 0.440996 0.839033
vt 0.136651 0.818286
vt 0.323725 0.682877
vt 0.043429 0.807428
vt 0.223620 0.060808
vt 0.227021 0.044055
vt 0.696474 0.923928
vt 0.924501 0.597081
vt 0.748153 0.674429
vt 0.762990 0.688638
vt 0.196733 0.112786
vt 0.634026 0.162494
vt 0.617294 0.157665
vt 0.623630 0.148494
vt 0.365443 0.335682
vt 0.720676 0.702302
vt 0.702859 0.672136
vt 0.069961 0.596228
vt 0.246935 0.077108
vt 0.718991 0.941963
vt 0.703545 0.946424
vt 0.463672 0.885831
vt 0.605770 0.145108
vt 0.098975 0.708190
vt 0.023433 0.683951
vt 0.224415 0.765958
vt 0.324094 0.383536
vt 0.449103 0.845273
vt 0.187651 0.092167
vt 0.358699 0.165519
vt 0.353468 0.167974
vt 0.358907 0.166223
vt 0.358825 0.167412
vt 0.869206 0.833920
vt 0.425769 0.885078
vt 0.421497 0.897303
vt 0.241477 0.064751
vt 0.694572 0.913057
vt 0.893735 0.868482
vt 0.468964 0.876504
vt 0.472630 0.853422
vt 0.164952 0.141164
vt 0.719955 0.679702
vt 0.662110 0.932533
vt 0.040548 0.648876
vt 0.060180 0.826685
vt 0.225272 0.119389
vt 0.331495 0.371799
vt 0.684786 0.962551
vt 0.281962 0.738337
vt 0.086262 0.800780
vt 0.345376 0.495697
vt 0.249958 0.085474
vt 0.839162 0.883820
vt 0.828765 0.885811
vt 0.903798 0.886157
vt 0.962186 0.027377
vt 0.951696 0.038889
vt 0.941651 0.033889
vt 0.337507 0.131460
vt 0.473313 0.872813
vt 0.640790 0.154208
vt 0.059944 0.620706
vt 0.217974 0.732742
vt 0.197638 0.733370
vt 0.102599 0.572071
vt 0.093337 0.580975
vt 0.055756 0.808219
vt 0.748470 0.559799
vt 0.906991 0.845560
vt 0.912911 0.859401
vt 0.899286 0.856071
vt 0.915690 0.846512
vt 0.341677 0.368987
vt 0.058990 0.953456
vt 0.049822 0.709250
vt 0.039493 0.714546
vt 0.325894 0.678092
vt 0.885402 0.871622
vt 0.901077 0.839583
vt 0.844397 0.833255
vt 0.034636 0.709553
vt 0.238476 0.660295
vt 0.277348 0.661844
vt 0.336444 0.502962
vt 0.544891 0.993248
vt 0.235769 0.048700
vt 0.242453 0.105233
vt 0.197622 0.124846
vt 0.458850 0.844373
vt 0.282307 0.656648
vt 0.326572 0.677855
vt 0.428751 0.890666
vt 0.265572 0.059683
vt 0.392997 0.923509
vt 0.836196 0.862815
vt 0.664094 0.594804
vt 0.539182 0.942569
vt 0.042437 0.718631
vt 0.257057 0.652129
vt 0.429392 0.890571
vt 0.669661 0.066582
vt 0.663027 0.082201
vt 0.660453 0.071262
vt 0.690349 0.196816
vt 0.704658 0.191802
vt 0.694312 0.216114
vt 0.916843 0.859933
vt 0.015980 0.689603
vt 0.019246 0.672767
vt 0.546254 0.943259
vt 0.275052 0.727238
vt 0.219772 0.654006
vt 0.050641 0.796298
vt 0.750256 0.650601
vt 0.889823 0.858493
vt 0.295037 0.390945
vt 0.191180 0.130659
vt 0.970317 0.040726
vt 0.068421 0.710859
vt 0.247659 0.738206
vt 0.235464 0.737418
vt 0.300934 0.659892
vt 0.246710 0.044514
vt 0.401033 0.471315
vt 0.339810 0.736338
vt 0.741451 0.587481
vt 0.741328 0.640908
vt 0.753775 0.660873
vt 0.690021 0.948346
vt 0.926385 0.866605
vt 0.320033 0.094618
vt 0.340667 0.176787
vt 0.483150 0.863939
vt 0.348773 0.335515
vt 0.713945 0.987836
vt 0.705023 0.974019
vt 0.875740 0.851245
vt 0.678635 0.614773
vt 0.031971 0.706830
vt 0.561013 0.988977
vt 0.684545 0.931511
vt 0.746265 0.683201
vt 0.212727 0.127421
vt 0.402323 0.935778
vt 0.378922 0.914830
vt 0.738151 0.695373
vt 0.463912 0.832393
vt 0.704406 0.654543
vt 0.857636 0.842971
vt 0.079286 0.610042
vt 0.276854 0.069153
vt 0.734999 0.612353
vt 0.853650 0.871431
vt 0.714458 0.666786
vt 0.055136 0.944708
vt 0.304775 0.507448
vt 0.349837 0.507869
vt 0.732137 0.662412
vt 0.081795 0.591459
vt 0.267476 0.729504
vt 0.267062 0.066968
vt 0.336756 0.515106
vt 0.739756 0.566733
vt 0.325503 0.112446
vt 0.451161 0.811217
vt 0.693045 0.626762
vt 0.051839 0.936019
vt 0.025890 0.703447
vt 0.032936 0.714640
vt 0.069938 0.794093
vt 0.554108 0.948208
vt 0.327910 0.660558
vt 0.565512 0.989280
vt 0.839568 0.850308
vt 0.169709 0.085845
vt 0.046595 0.948080
vt 0.261572 0.651688
vt 0.279739 0.059674
vt 0.679379 0.086938
vt 0.425264 0.466815
vt 0.412658 0.477385
vt 0.219367 0.132701
vt 0.331438 0.158347
vt 0.077619 0.810737
vt 0.242138 0.651123
vt 0.435673 0.901591
vt 0.333049 0.735952
vt 0.247572 0.115496
vt 0.054560 0.921243
vt 0.586699 0.993488
vt 0.567796 0.984208
vt 0.588438 0.972932
vt 0.571550 0.958403
vt 0.231432 0.125447
vt 0.856791 0.855390
vt 0.671144 0.195623
vt 0.686826 0.177255
vt 0.314718 0.064612
vt 0.315158 0.076486
vt 0.329095 0.174116
vt 0.190620 0.140629
vt 0.935238 0.056847
vt 0.679280 0.938121
vt 0.330641 0.514268
vt 0.333360 0.355175
vt 0.058950 0.970740
vt 0.044186 0.961785
vt 0.090060 0.601774
vt 0.289976 0.053287
vt 0.224204 0.650062
vt 0.313421 0.648936
vt 0.657824 0.091859
vt 0.386323 0.505580
vt 0.568568 0.991555
vt 0.277003 0.099773
vt 0.134067 0.290328
vt 0.129129 0.300609
vt 0.114350 0.291892
vt 0.697012 0.173113
vt 0.632913 0.137650
vt 0.619281 0.133650
vt 0.961351 0.051599
vt 0.516127 0.957596
vt 0.526483 0.965689
vt 0.498253 0.967450
vt 0.480641 0.979865
vt 0.477683 0.970986
vt 0.902830 0.069411
vt 0.886460 0.044582
vt 0.917624 0.057155
vt 0.056833 0.651366
vt 0.219378 0.725514
vt 0.256818 0.475620
vt 0.280049 0.482540
vt 0.281892 0.502151
vt 0.155667 0.296776
vt 0.718804 0.645551
vt 0.205666 0.143341
vt 0.595451 0.973432
vt 0.391975 0.928379
vt 0.264625 0.110035
vt 0.256879 0.510293
vt 0.647367 0.164283
vt 0.931579 0.053980
vt 0.047276 0.977368
vt 0.154274 0.307874
vt 0.681658 0.170221
vt 0.706989 0.602668
vt 0.846432 0.966642
vt 0.871734 0.978161
vt 0.096392 0.584537
vt 0.437316 0.914150
vt 0.233751 0.488202
vt 0.669161 0.167395
vt 0.459117 0.975308
vt 0.876449 0.991763
vt 0.019172 0.712370
vt 0.027562 0.721976
vt 0.275079 0.650075
vt 0.349284 0.513164
vt 0.324297 0.131396
vt 0.692976 0.599490
vt 0.976517 0.059989
vt 0.565552 0.947590
vt 0.568101 0.520065
vt 0.557658 0.501002
vt 0.568783 0.495635
vt 0.146061 0.315614
vt 0.077543 0.636143
vt 0.026099 0.713602
vt 0.250956 0.721477
vt 0.729504 0.586919
vt 0.184302 0.150198
vt 0.503642 0.956724
vt 0.281320 0.642971
vt 0.427187 0.923768
vt 0.569834 0.972299
vt 0.352461 0.528576
vt 0.255542 0.455603
vt 0.055621 0.081122
vt 0.035934 0.060616
vt 0.047996 0.055497
vt 0.175459 0.306164
vt 0.550362 0.492234
vt 0.116052 0.317102
vt 0.174582 0.563689
vt 0.159053 0.552082
vt 0.173554 0.546837
vt 0.663783 0.153932
vt 0.475484 0.825596
vt 0.092921 0.613554
vt 0.672622 0.109592
vt 0.273974 0.120202
vt 0.750604 0.170967
vt 0.775357 0.178693
vt 0.729722 0.176832
vt 0.666269 0.577732
vt 0.929557 0.071814
vt 0.939993 0.071030
vt 0.036169 0.926422
vt 0.479021 0.957468
vt 0.294256 0.063011
vt 0.318618 0.527219
vt 0.420456 0.490903
vt 0.736639 0.584698
vt 0.736671 0.585543
vt 0.736365 0.586328
vt 0.580349 0.504547
vt 0.152863 0.564918
vt 0.492635 0.857230
vt 0.218042 0.641527
vt 0.198393 0.658872
vt 0.403234 0.503769
vt 0.184146 0.303125
vt 0.150645 0.019896
vt 0.132864 0.019881
vt 0.137129 0.008191
vt 0.736284 0.585554
vt 0.121364 0.014428
vt 0.326022 0.356950
vt 0.687078 0.175924
vt 0.535642 0.926451
vt 0.275928 0.640739
vt 0.034382 0.037731
vt 0.041092 0.035177
vt 0.057812 0.027375
vt 0.600210 0.966367
vt 0.596194 0.968650
vt 0.609392 0.973385
vt 0.105873 0.599961
vt 0.004225 0.072338
vt 0.004703 0.055108
vt 0.016662 0.055112
vt 0.564296 0.471286
vt 0.687406 0.174747
vt 0.319673 0.168191
vt 0.059500 0.008472
vt 0.074434 0.018759
vt 0.059500 0.016270
vt 0.230165 0.470485
vt 0.005504 0.040392
vt 0.658333 0.144282
vt 0.252375 0.525259
vt 0.277891 0.509604
vt 0.285184 0.527879
vt 0.496377 0.945461
vt 0.550133 0.931771
vt 0.173180 0.323500
vt 0.012195 0.038597
vt 0.035704 0.935597
vt 0.604761 0.961055
vt 0.075220 0.004292
vt 0.260744 0.638873
vt 0.236274 0.637338
vt 0.378750 0.519355
vt 0.287446 0.105434
vt 0.222457 0.545519
vt 0.210561 0.550396
vt 0.208993 0.536724
vt 0.011322 0.718761
vt 0.581642 0.962393
vt 0.239797 0.630385
vt 0.435026 0.470372
vt 0.138907 0.321864
vt 0.217175 0.531550
vt 0.963790 0.066581
vt 0.185375 0.161813
vt 0.592834 0.961755
vt 0.108140 0.015590
vt 0.110549 0.000412
vt 0.127528 0.001870
vt 0.437462 0.501440
vt 0.717059 0.552074
vt 0.693283 0.157207
vt 0.198586 0.543891
vt 0.206215 0.566417
vt 0.237299 0.543051
vt 0.237748 0.530115
vt 0.098693 0.607722
vt 0.081450 0.791833
vt 0.303273 0.630769
vt 0.224773 0.639351
vt 0.213514 0.508833
vt 0.131861 0.230123
vt 0.119013 0.260399
vt 0.111068 0.229514
vt 0.724634 0.166882
vt 0.746558 0.162976
vt 0.794837 0.169761
vt 0.264262 0.535850
vt 0.683622 0.098567
vt 0.413105 0.948587
vt 0.140054 0.229166
vt 0.145000 0.261682
vt 0.025156 0.070891
vt 0.104038 0.237270
vt 0.293848 0.515934
vt 0.927599 0.090525
vt 0.254508 0.626985
vt 0.718499 0.574425
vt 0.109844 0.327322
vt 0.471367 0.818551
vt 0.104489 0.619080
vt 0.046252 0.094373
vt 0.590854 0.484300
vt 0.717645 0.174685
vt 0.257734 0.542040
vt 0.458406 0.796464
vt 0.463606 0.958365
vt 0.093738 0.636751
vt 0.986232 0.233708
vt 0.976750 0.202115
vt 0.987295 0.199552
vt 0.222485 0.990296
vt 0.219995 0.995623
vt 0.199937 0.990313
vt 0.583950 0.956166
vt 0.603045 0.943727
vt 0.400874 0.514479
vt 0.427266 0.514122
vt 0.133886 0.330682
vt 0.143872 0.543336
vt 0.525904 0.944615
vt 0.104294 0.633369
vt 0.111333 0.623651
vt 0.111193 0.633887
vt 0.313246 0.630615
vt 0.225576 0.455510
vt 0.156449 0.225646
vt 0.156831 0.254089
vt 0.172084 0.331814
vt 0.682166 0.150765
vt 0.031777 0.959510
vt 0.342884 0.526889
vt 0.137634 0.265905
vt 0.594858 0.525417
vt 0.603677 0.508035
vt 0.152878 0.544151
vt 0.168693 0.531795
vt 0.492211 0.950726
vt 0.980322 0.237185
vt 0.101618 0.638449
vt 0.215883 0.718203
vt 0.004139 0.721150
vt 0.954712 0.202008
vt 0.963104 0.182865
vt 0.962520 0.211509
vt 0.271566 0.636926
vt 0.686421 0.098311
vt 0.245567 0.435746
vt 0.373965 0.527902
vt 0.201412 0.308803
vt 0.020017 0.084648
vt 0.205322 0.281827
vt 0.167006 0.278275
vt 0.196622 0.264766
vt 0.674001 0.140979
vt 0.505333 0.845320
vt 0.207963 0.484102
vt 0.142916 0.556334
vt 0.967697 0.236841
vt 0.970253 0.195747
vt 0.657545 0.103914
vt 0.187004 0.319975
vt 0.111259 0.260633
vt 0.522967 0.931359
vt 0.533798 0.914883
vt 0.436217 0.021866
vt 0.449391 0.014277
vt 0.478831 0.020608
vt 0.575110 0.949751
vt 0.591108 0.946076
vt 0.973114 0.234026
vt 0.272363 0.007911
vt 0.288052 0.011303
vt 0.261468 0.015690
vt 0.949367 0.212970
vt 0.922717 0.203385
vt 0.232493 0.399334
vt 0.263930 0.407943
vt 0.160284 0.340851
vt 0.197060 0.506891
vt 0.595264 0.462853
vt 0.711702 0.158210
vt 0.223285 0.560088
vt 0.978754 0.169118
vt 0.989924 0.166778
vt 0.955891 0.189449
vt 0.565553 0.936432
vt 0.687073 0.108491
vt 0.577903 0.948985
vt 0.419162 0.528180
vt 0.642090 0.127200
vt 0.034508 0.921639
vt 0.191421 0.517793
vt 0.188078 0.507356
vt 0.198112 0.521058
vt 0.971549 0.153467
vt 0.982139 0.147706
vt 0.550290 0.918344
vt 0.214979 0.619317
vt 0.247523 0.390016
vt 0.265135 0.376289
vt 0.561442 0.448050
vt 0.561257 0.427873
vt 0.581120 0.439277
vt 0.006057 0.592262
vt 0.010991 0.599074
vt 0.002882 0.608219
vt 0.470898 0.795513
vt 0.892403 0.990579
vt 0.577387 0.949739
vt 0.093573 0.267806
vt 0.078126 0.258066
vt 0.080968 0.254722
vt 0.399830 0.532677
vt 0.147883 0.340717
vt 0.130102 0.340824
vt 0.408832 0.544723
vt 0.300019 0.529524
vt 0.010494 0.589363
vt 0.398082 0.592750
vt 0.397794 0.573914
vt 0.421191 0.583262
vt 0.577111 0.949462
vt 0.232512 0.616773
vt 0.329604 0.542458
vt 0.937826 0.367344
vt 0.949621 0.370737
vt 0.950648 0.407631
vt 0.963313 0.402188
vt 0.384340 0.544618
vt 0.194460 0.251484
vt 0.134797 0.539034
vt 0.242853 0.555956
vt 0.968258 0.085696
vt 0.948116 0.172822
vt 0.670240 0.136917
vt 0.242408 0.566259
vt 0.983781 0.082217
vt 0.657818 0.123872
vt 0.635889 0.108930
vt 0.645252 0.104999
vt 0.274091 0.624273
vt 0.210344 0.426074
vt 0.157956 0.371843
vt 0.149487 0.374821
vt 0.158140 0.360820
vt 0.149695 0.353468
vt 0.133134 0.367225
vt 0.126406 0.563079
vt 0.126611 0.554173
vt 0.228250 0.569551
vt 0.020673 0.595657
vt 0.023001 0.606586
vt 0.458910 0.927515
vt 0.440127 0.935227
vt 0.328567 0.622138
vt 0.579381 0.943193
vt 0.239674 0.381512
vt 0.130582 0.356871
vt 0.255515 0.552621
vt 0.671377 0.118771
vt 0.943855 0.348007
vt 0.959748 0.340295
vt 0.249598 0.370498
vt 0.618950 0.497229
vt 0.493755 0.828798
vt 0.296478 0.619414
vt 0.092072 0.237763
vt 0.105330 0.264378
vt 0.400952 0.554668
vt 0.149516 0.527666
vt 0.337700 0.885035
vt 0.310454 0.885771
vt 0.335072 0.876249
vt 0.302421 0.125630
vt 0.383826 0.556440
vt 0.056389 0.282804
vt 0.189677 0.990110
vt 0.200133 0.998831
vt 0.187388 0.998631
vt 0.944273 0.090178
vt 0.297233 0.000311
vt 0.335625 0.654177
vt 0.262050 0.620808
vt 0.165339 0.373246
vt 0.173347 0.390768
vt 0.024485 0.595739
vt 0.506794 0.864466
vt 0.533779 0.850555
vt 0.027608 0.918918
vt 0.695897 0.112296
vt 0.256106 0.613089
vt 0.800794 0.135718
vt 0.807890 0.166781
vt 0.783132 0.159515
vt 0.584042 0.941000
vt 0.589325 0.935694
vt 0.210749 0.296190
vt 0.367526 0.551558
vt 0.280720 0.540456
vt 0.160749 0.514665
vt 0.933332 0.095960
vt 0.469882 0.942444
vt 0.064265 0.709290
vt 0.057604 0.739396
vt 0.046906 0.726669
vt 0.192980 0.320573
vt 0.342173 0.557115
vt 0.120724 0.548354
vt 0.269187 0.544047
vt 0.909726 0.345091
vt 0.900645 0.360093
vt 0.448138 0.032186
vt 0.458847 0.027997
vt 0.476291 0.060224
vt 0.173438 0.346831
vt 0.383731 0.561559
vt 0.259781 0.562926
vt 0.623501 0.462095
vt 0.267980 0.545844
vt 0.268772 0.544737
vt 0.311245 0.519839
vt 0.316568 0.511974
vt 0.820466 0.146176
vt 0.221724 0.293139
vt 0.262408 0.350461
vt 0.630953 0.490507
vt 0.269127 0.557268
vt 0.691934 0.121717
vt 0.215024 0.306537
vt 0.477006 0.051155
vt 0.376022 0.582862
vt 0.352491 0.568974
vt 0.111067 0.571847
vt 0.104132 0.561536
vt 0.217492 0.584044
vt 0.263291 0.620405
vt 0.589574 0.935243
vt 0.205174 0.304584
vt 0.194159 0.330633
vt 0.352108 0.875652
vt 0.316078 0.612982
vt 0.271210 0.612982
vt 0.212381 0.300233
vt 0.233112 0.601319
vt 0.174997 0.371944
vt 0.177871 0.995138
vt 0.180760 0.501061
vt 0.818852 0.133423
vt 0.249118 0.594468
vt 0.215689 0.601438
vt 0.455723 0.058026
vt 0.214591 0.586417
vt 0.286247 0.551502
vt 0.608095 0.426848
vt 0.296010 0.542939
vt 0.695690 0.122093
vt 0.324707 0.616095
vt 0.336495 0.872935
vt 0.356192 0.866402
vt 0.226213 0.372477
vt 0.348593 0.862285
vt 0.353741 0.856160
vt 0.363673 0.863007
vt 0.256700 0.964861
vt 0.250173 0.977276
vt 0.248376 0.962711
vt 0.111454 0.270825
vt 0.231776 0.578637
vt 0.132305 0.518208
vt 0.921051 0.110998
vt 0.450793 0.939821
vt 0.200433 0.381472
vt 0.239553 0.349349
vt 0.542000 0.400856
vt 0.578551 0.408215
vt 0.542442 0.836825
vt 0.491714 0.929623
vt 0.889021 0.937737
vt 0.933496 0.332397
vt 0.931468 0.317638
vt 0.807363 0.124482
vt 0.317601 0.875454
vt 0.039836 0.578679
vt 0.330089 0.869354
vt 0.336927 0.858551
vt 0.291601 0.603262
vt 0.027122 0.583224
vt 0.167195 0.506496
vt 0.894932 0.962248
vt 0.672145 0.129246
vt 0.334952 0.844542
vt 0.179049 0.357948
vt 0.266941 0.579321
vt 0.442441 0.553953
vt 0.413199 0.550385
vt 0.185283 0.489697
vt 0.313341 0.871828
vt 0.723439 0.122014
vt 0.723436 0.115772
vt 0.353637 0.849620
vt 0.307435 0.592795
vt 0.181525 0.385149
vt 0.268449 0.595745
vt 0.276843 0.977970
vt 0.271531 0.984350
vt 0.252707 0.988638
vt 0.275844 0.566779
vt 0.936918 0.849535
vt 0.937467 0.859624
vt 0.922671 0.851407
vt 0.128174 0.524475
vt 0.954187 0.158603
vt 0.178472 0.402455
vt 0.184812 0.393908
vt 0.261185 0.978817
vt 0.100953 0.557979
vt 0.016958 0.919209
vt 0.963114 0.149766
vt 0.305166 0.873218
vt 0.332066 0.864869
vt 0.959647 0.296551
vt 0.538582 0.053190
vt 0.501665 0.072964
vt 0.499761 0.061671
vt 0.417992 0.599823
vt 0.314298 0.868018
vt 0.274971 0.967501
vt 0.185977 0.352215
vt 0.745630 0.123386
vt 0.818458 0.122869
vt 0.922785 0.184493
vt 0.568652 0.377975
vt 0.300154 0.562296
vt 0.137478 0.511314
vt 0.435000 0.944944
vt 0.742301 0.129461
vt 0.317228 0.850536
vt 0.961543 0.106590
vt 0.947647 0.165106
vt 0.834340 0.149090
vt 0.840357 0.140403
vt 0.508410 0.050386
vt 0.488790 0.055264
vt 0.111210 0.539687
vt 0.001002 0.563951
vt 0.052098 0.746005
vt 0.315004 0.603209
vt 0.501358 0.043656
vt 0.303053 0.579799
vt 0.582869 0.388809
vt 0.455662 0.755655
vt 0.454608 0.893723
vt 0.467467 0.900603
vt 0.454169 0.901449
vt 0.220900 0.361296
vt 0.831803 0.132030
vt 0.257362 0.329624
vt 0.186285 0.365555
vt 0.485018 0.068341
vt 0.602943 0.398988
vt 0.312457 0.534099
vt 0.142360 0.512485
vt 0.950061 0.151939
vt 0.900978 0.325153
vt 0.182153 0.377676
vt 0.954256 0.856808
vt 0.943648 0.839013
vt 0.941533 0.159202
vt 0.732536 0.133449
vt 0.933449 0.301553
vt 0.464564 0.092598
vt 0.305403 0.568079
vt 0.308218 0.548998
vt 0.959952 0.142143
vt 0.301523 0.866520
vt 0.306748 0.864259
vt 0.263898 0.962231
vt 0.523885 0.040873
vt 0.512750 0.026129
vt 0.146975 0.281085
vt 0.942985 0.833793
vt 0.944138 0.112499
vt 0.742012 0.138496
vt 0.046110 0.464457
vt 0.065857 0.466284
vt 0.051283 0.469727
vt 0.482246 0.923471
vt 0.464301 0.893663
vt 0.331093 0.616037
vt 0.929159 0.833483
vt 0.643388 0.433890
vt 0.042433 0.750957
vt 0.027899 0.738430
vt 0.032855 0.730710
vt 0.846090 0.145727
vt 0.334682 0.621858
vt 0.242776 0.000284
vt 0.221684 0.016724
vt 0.212959 0.008930
vt 0.297173 0.015579
vt 0.331863 0.844301
vt 0.325054 0.596621
vt 0.324227 0.579939
vt 0.282067 0.986812
vt 0.255814 0.997648
vt 0.226167 0.996812
vt 0.232391 0.993528
vt 0.722184 0.135443
vt 0.699855 0.138700
vt 0.821261 0.110841
vt 0.807513 0.107842
vt 0.193778 0.361531
vt 0.570750 0.347248
vt 0.545821 0.325247
vt 0.565920 0.337354
vt 0.148577 0.496872
vt 0.467382 0.908466
vt 0.954096 0.143615
vt 0.225075 0.332900
vt 0.270173 0.950536
vt 0.285011 0.959954
vt 0.296658 0.976639
vt 0.329109 0.587247
vt 0.928915 0.116668
vt 0.040250 0.241639
vt 0.044256 0.226353
vt 0.055614 0.216844
vt 0.198579 0.339868
vt 0.331056 0.602727
vt 0.819762 0.102868
vt 0.812926 0.095980
vt 0.358266 0.709456
vt 0.356196 0.661775
vt 0.374110 0.699255
vt 0.842144 0.123319
vt 0.925499 0.304098
vt 0.830331 0.119733
vt 0.478312 0.090895
vt 0.330373 0.557292
vt 0.155981 0.488408
vt 0.989613 0.104172
vt 0.061831 0.757399
vt 0.310116 0.853883
vt 0.851700 0.134552
vt 0.868533 0.139664
vt 0.313308 0.554883
vt 0.006656 0.565543
vt 0.933017 0.119718
vt 0.674457 0.516586
vt 0.722644 0.532018
vt 0.713402 0.539399
vt 0.241330 0.989278
vt 0.450227 0.594243
vt 0.924554 0.156769
vt 0.306875 0.852320
vt 0.324057 0.841410
vt 0.314270 0.842419
vt 0.720540 0.519970
vt 0.737464 0.528036
vt 0.836559 0.123624
vt 0.835629 0.122755
vt 0.110116 0.525179
vt 0.632387 0.395444
vt 0.141411 0.494483
vt 0.043595 0.761250
vt 0.052735 0.767062
vt 0.297289 0.866784
vt 0.303732 0.851062
vt 0.326319 0.837194
vt 0.937496 0.277433
vt 0.298068 0.983094
vt 0.689954 0.220593
vt 0.722395 0.228998
vt 0.706728 0.231184
vt 0.981584 0.115539
vt 0.691816 0.145992
vt 0.708888 0.518916
vt 0.292376 0.963899
vt 0.812362 0.074250
vt 0.842050 0.077364
vt 0.816137 0.088838
vt 0.740479 0.229867
vt 0.749276 0.239876
vt 0.743195 0.253428
vt 0.943796 0.142467
vt 0.833826 0.109309
vt 0.707827 0.520273
vt 0.654301 0.534565
vt 0.697167 0.557795
vt 0.950146 0.835463
vt 0.599084 0.375188
vt 0.055990 0.247713
vt 0.284949 0.858454
vt 0.335290 0.835275
vt 0.691076 0.509653
vt 0.679652 0.237929
vt 0.730820 0.248739
vt 0.096220 0.533766
vt 0.096105 0.541390
vt 0.533158 0.825608
vt 0.491826 0.818563
vt 0.311379 0.833445
vt 0.864911 0.116688
vt 0.926070 0.286937
vt 0.641660 0.224058
vt 0.457521 0.552770
vt 0.971928 0.802789
vt 0.968202 0.811233
vt 0.958960 0.807982
vt 0.013891 0.801025
vt 0.014280 0.807549
vt 0.003557 0.819421
vt 0.278408 0.952601
vt 0.440889 0.518004
vt 0.716730 0.501921
vt 0.753129 0.515770
vt 0.834903 0.096796
vt 0.194933 0.379167
vt 0.760858 0.232483
vt 0.041450 0.354789
vt 0.072930 0.378612
vt 0.058563 0.380100
vt 0.700621 0.143949
vt 0.006873 0.812197
vt 0.088527 0.389333
vt 0.077632 0.407106
vt 0.787387 0.506212
vt 0.775762 0.500428
vt 0.787189 0.474767
vt 0.325621 0.829315
vt 0.006010 0.812327
vt 0.003136 0.787215
vt 0.019067 0.801600
vt 0.025704 0.782885
vt 0.027586 0.798665
vt 0.007695 0.810761
vt 0.028950 0.799074
vt 0.321582 0.948119
vt 0.323449 0.955116
vt 0.311287 0.970007
vt 0.232427 0.294280
vt 0.705323 0.254651
vt 0.124419 0.806450
vt 0.128453 0.808654
vt 0.115867 0.829076
vt 0.038186 0.488162
vt 0.013341 0.465270
vt 0.040723 0.477046
vt 0.480495 0.510232
vt 0.481359 0.899383
vt 0.665407 0.852682
vt 0.701278 0.887428
vt 0.660569 0.868164
vt 0.032299 0.796998
vt 0.036693 0.795843
vt 0.316844 0.933549
vt 0.309462 0.955410
vt 0.305660 0.949400
vt 0.301376 0.981728
vt 0.298310 0.997655
vt 0.836748 0.063713
vt 0.961249 0.520079
vt 0.950936 0.540793
vt 0.939604 0.516030
vt 0.015942 0.728748
vt 0.944095 0.133680
vt 0.686852 0.849364
vt 0.258714 0.311851
vt 0.941947 0.531315
vt 0.929116 0.514527
vt 0.930159 0.493047
vt 0.950633 0.486079
vt 0.105420 0.830626
vt 0.757253 0.266069
vt 0.771374 0.232485
vt 0.437578 0.614462
vt 0.093509 0.412742
vt 0.973522 0.127607
vt 0.486729 0.887230
vt 0.503780 0.875673
vt 0.492419 0.884974
vt 0.500189 0.868623
vt 0.873268 0.127782
vt 0.318462 0.947238
vt 0.310467 0.961252
vt 0.303996 0.976761
vt 0.639138 0.507459
vt 0.939524 0.540872
vt 0.901366 0.802282
vt 0.932880 0.812215
vt 0.034893 0.372045
vt 0.774597 0.459251
vt 0.640003 0.243550
vt 0.952764 0.809782
vt 0.621109 0.384596
vt 0.556739 0.839119
vt 0.718885 0.984513
vt 0.725830 0.962098
vt 0.740833 0.971618
vt 0.733671 0.497478
vt 0.671121 0.902973
vt 0.847482 0.079311
vt 0.941215 0.540503
vt 0.940334 0.540993
vt 0.031718 0.235476
vt 0.753900 0.148289
vt 0.763739 0.477808
vt 0.840921 0.106552
vt 0.674580 0.496897
vt 0.941170 0.558521
vt 0.940869 0.541650
vt 0.940118 0.542036
vt 0.120533 0.881289
vt 0.120279 0.905216
vt 0.112524 0.892144
vt 0.724453 0.267225
vt 0.101485 0.816266
vt 0.117271 0.800047
vt 0.097399 0.805174
vt 0.067036 0.400867
vt 0.487312 0.881360
vt 0.298242 0.839700
vt 0.309852 0.986257
vt 0.644441 0.495058
vt 0.670401 0.247025
vt 0.687217 0.247767
vt 0.751271 0.967504
vt 0.754317 0.980412
vt 0.744690 0.974374
vt 0.926059 0.143167
vt 0.906132 0.159979
vt 0.489871 0.888615
vt 0.642766 0.854537
vt 0.850924 0.093318
vt 0.571238 0.322736
vt 0.596379 0.335073
vt 0.551775 0.794965
vt 0.557569 0.802435
vt 0.536129 0.819537
vt 0.733842 0.151790
vt 0.722461 0.150774
vt 0.059150 0.664169
vt 0.045479 0.662708
vt 0.049311 0.657715
vt 0.838185 0.058369
vt 0.532219 0.816590
vt 0.571730 0.850122
vt 0.301599 0.821582
vt 0.316843 0.966321
vt 0.322008 0.992134
vt 0.963068 0.843286
vt 0.676372 0.270072
vt 0.033866 0.767038
vt 0.952609 0.265018
vt 0.921710 0.252260
vt 0.922920 0.248725
vt 0.772189 0.517447
vt 0.911245 0.469242
vt 0.732210 0.953781
vt 0.952241 0.132625
vt 0.274598 0.845686
vt 0.289415 0.846411
vt 0.276972 0.862825
vt 0.924249 0.260981
vt 0.961847 0.555071
vt 0.596589 0.319433
vt 0.594116 0.314494
vt 0.609928 0.341202
vt 0.855862 0.065200
vt 0.529274 0.800728
vt 0.948229 0.803312
vt 0.952662 0.845019
vt 0.311744 1.000000
vt 0.530640 0.782907
vt 0.492671 0.912754
vt 0.737973 0.477293
vt 0.879940 0.112991
vt 0.634330 0.898818
vt 0.851385 0.046615
vt 0.867550 0.055420
vt 0.931473 0.136631
vt 0.942697 0.565585
vt 0.867156 0.096787
vt 0.642262 0.824646
vt 0.866782 0.077533
vt 0.649285 0.265694
vt 0.141028 0.477508
vt 0.016229 0.750642
vt 0.297391 0.825164
vt 0.647890 0.486915
vt 0.649171 0.487441
vt 0.650360 0.487961
vt 0.655166 0.485206
vt 0.951366 0.564162
vt 0.100199 0.889353
vt 0.112468 0.859996
vt 0.125015 0.877830
vt 0.548150 0.776667
vt 0.878030 0.061776
vt 0.919942 0.788861
vt 0.935993 0.465222
vt 0.146667 0.470405
vt 0.028235 0.264145
vt 0.488887 0.918514
vt 0.281590 0.831190
vt 0.012730 0.769695
vt 0.585708 0.784773
vt 0.122496 0.858037
vt 0.629047 0.367362
vt 0.749898 0.961518
vt 0.260069 0.869676
vt 0.268902 0.843007
vt 0.906319 0.129295
vt 0.989795 0.818712
vt 0.697689 0.487454
vt 0.056983 0.674808
vt 0.618523 0.879064
vt 0.605140 0.140771
vt 0.589838 0.114636
vt 0.592147 0.114671
vt 0.516160 0.782384
vt 0.949084 0.474580
vt 0.969533 0.452214
vt 0.978135 0.470600
vt 0.036761 0.266039
vt 0.060267 0.186903
vt 0.054232 0.169390
vt 0.064030 0.177897
vt 0.370133 0.717331
vt 0.040439 0.779114
vt 0.036575 0.774112
vt 0.747452 0.157892
vt 0.295441 0.816618
vt 0.968518 0.838481
vt 0.578883 0.774973
vt 0.924536 0.123674
vt 0.894224 0.117207
vt 0.634889 0.475880
vt 0.559621 0.762268
vt 0.523935 0.766241
vt 0.965303 0.781428
vt 0.971389 0.791044
vt 0.122410 0.848053
vt 0.505142 0.801530
vt 0.101978 0.842653
vt 0.262347 0.844202
vt 0.866450 0.913352
vt 0.914987 0.898821
vt 0.880264 0.919512
vt 0.031688 0.630182
vt 0.036800 0.657596
vt 0.026402 0.642189
vt 0.946899 0.265661
vt 0.508111 0.886658
vt 0.649645 0.379561
vt 0.095449 0.831615
vt 0.732657 0.948585
vt 0.300847 0.813844
vt 0.090777 0.891058
vt 0.094363 0.907909
vt 0.618550 0.823775
vt 0.102962 0.867894
vt 0.698057 0.273012
vt 0.086468 0.825856
vt 0.019170 0.245728
vt 0.258055 0.859292
vt 0.959676 0.726340
vt 0.943827 0.710710
vt 0.962347 0.713765
vt 0.598276 0.854005
vt 0.942316 0.787947
vt 0.504833 0.759207
vt 0.500328 0.774963
vt 0.985519 0.448550
vt 0.080993 0.818829
vt 0.061195 0.159601
vt 0.067051 0.178281
vt 0.897126 0.901095
vt 0.250298 0.884025
vt 0.066288 0.669011
vt 0.060937 0.658890
vt 0.642035 0.465115
vt 0.040058 0.675522
vt 0.594686 0.822210
vt 0.929391 0.447455
vt 0.719204 0.953479
vt 0.479652 0.549848
vt 0.251660 0.863032
vt 0.251619 0.835836
vt 0.985811 0.775593
vt 0.576674 0.826376
vt 0.956938 0.448563
vt 0.737990 0.283356
vt 0.765799 0.977574
vt 0.051115 0.275324
vt 0.472001 0.578731
vt 0.273294 0.820134
vt 0.602863 0.782662
vt 0.605393 0.801188
vt 0.610525 0.300874
vt 0.596152 0.296799
vt 0.905441 0.137576
vt 0.494790 0.905419
vt 0.936017 0.717048
vt 0.935123 0.705321
vt 0.528382 0.749372
vt 0.497624 0.747303
vt 0.484181 0.761546
vt 0.486090 0.744867
vt 0.046669 0.390588
vt 0.890242 0.931914
vt 0.838564 0.921373
vt 0.257853 0.839992
vt 0.015189 0.617925
vt 0.036711 0.618005
vt 0.721823 0.486019
vt 0.722901 0.486326
vt 0.724051 0.486324
vt 0.608912 0.889859
vt 0.586558 0.871453
vt 0.321418 0.999842
vt 0.550389 0.272649
vt 0.546095 0.285966
vt 0.523585 0.287887
vt 0.459774 0.594868
vt 0.838205 0.916971
vt 0.726768 0.478276
vt 0.620565 0.789518
vt 0.050352 0.680307
vt 0.614471 0.309848
vt 0.501727 0.727526
vt 0.518945 0.731898
vt 0.481981 0.723949
vt 0.514138 0.263558
vt 0.485885 0.798113
vt 0.382319 0.702542
vt 0.859117 0.905794
vt 0.981890 0.760770
vt 0.927746 0.772345
vt 0.907565 0.764376
vt 0.486056 0.261489
vt 0.465581 0.762674
vt 0.471720 0.746120
vt 0.379333 0.732425
vt 0.452548 0.616194
vt 0.458762 0.609372
vt 0.353226 0.741239
vt 0.839784 0.913419
vt 0.839728 0.935699
vt 0.984628 0.839704
vt 0.541921 0.747544
vt 0.529758 0.740691
vt 0.530646 0.256488
vt 0.501802 0.281567
vt 0.087022 0.838621
vt 0.507130 0.900488
vt 0.572870 0.759808
vt 0.628418 0.323291
vt 0.913009 0.759274
vt 0.472428 0.774036
vt 0.057828 0.158777
vt 0.033985 0.380854
vt 0.411968 0.003489
vt 0.426385 0.011838
vt 0.397941 0.015333
vt 0.279086 0.809689
vt 0.560125 0.740041
vt 0.619400 0.280841
vt 0.606968 0.278211
vt 0.054247 0.405435
vt 0.061700 0.425881
vt 0.060571 0.055462
vt 0.067684 0.061433
vt 0.064484 0.082051
vt 0.005084 0.661351
vt 0.000000 0.617562
vt 0.020053 0.657967
vt 0.580408 0.765245
vt 0.968261 0.765523
vt 0.587593 0.858515
vt 0.416872 0.020743
vt 0.580947 0.748839
vt 0.573319 0.880694
vt 0.952963 0.777029
vt 0.554632 0.301744
vt 0.488786 0.307673
vt 0.834953 0.908576
vt 0.815734 0.916331
vt 0.439839 0.003315
vt 0.000198 0.666397
vt 0.293829 0.805554
vt 0.533379 0.712770
vt 0.571471 0.888501
vt 0.094678 0.858693
vt 0.481173 0.249920
vt 0.520249 0.301936
vt 0.756303 0.960910
vt 0.812285 0.910245
vt 0.820332 0.905905
vt 0.834916 0.936215
vt 0.022597 0.634635
vt 0.511178 0.900053
vt 0.540051 0.235641
vt 0.551870 0.244141
vt 0.484020 0.786200
vt 0.969243 0.431272
vt 0.392449 0.728391
vt 0.396703 0.716321
vt 0.802597 0.912742
vt 0.262667 0.820465
vt 0.258722 0.821962
vt 0.254167 0.822180
vt 0.068331 0.060033
vt 0.068126 0.060565
vt 0.243064 0.821997
vt 0.514137 0.870117
vt 0.941966 0.730492
vt 0.581045 0.887652
vt 0.621757 0.272105
vt 0.472595 0.274627
vt 0.484327 0.292580
vt 0.781793 0.982968
vt 0.778343 0.970498
vt 0.981984 0.141706
vt 0.074447 0.060987
vt 0.239829 0.825477
vt 0.759671 0.155503
vt 0.740799 0.454268
vt 0.066769 0.683804
vt 0.925214 0.743809
vt 0.921595 0.738493
vt 0.583078 0.892206
vt 0.572323 0.892314
vt 0.559011 0.904881
vt 0.495501 0.526471
vt 0.029351 0.386154
vt 0.039701 0.394999
vt 0.517468 0.715401
vt 0.920431 0.755365
vt 0.739689 0.943847
vt 0.074857 0.044439
vt 0.062459 0.032204
vt 0.693958 0.461364
vt 0.964413 0.260702
vt 0.977660 0.281382
vt 0.589095 0.757127
vt 0.549820 0.722095
vt 0.975617 0.753905
vt 0.032326 0.676878
vt 0.456488 0.292112
vt 0.452500 0.006100
vt 0.072849 0.082767
vt 0.071909 0.098145
vt 0.235521 0.803266
vt 0.234589 0.811290
vt 0.606356 0.757549
vt 0.059732 0.696093
vt 0.054792 0.700533
vt 0.958602 0.735452
vt 0.567561 0.105190
vt 0.572982 0.114754
vt 0.572077 0.119312
vt 0.507734 0.708802
vt 0.083610 0.865698
vt 0.688174 0.284618
vt 0.842413 0.902351
vt 0.571418 0.715936
vt 0.556028 0.104751
vt 0.965853 0.755782
vt 0.951602 0.770821
vt 0.430557 0.279025
vt 0.440294 0.297424
vt 0.810562 0.906544
vt 0.806105 0.908939
vt 0.807380 0.928835
vt 0.075477 0.094243
vt 0.960753 0.282243
vt 0.519034 0.235858
vt 0.940716 0.420269
vt 0.482514 0.816230
vt 0.072892 0.827366
vt 0.461590 0.299824
vt 0.485671 0.582349
vt 0.031065 0.778829
vt 0.088016 0.697608
vt 0.090080 0.701778
vt 0.070705 0.689971
vt 0.953503 0.282171
vt 0.942023 0.740015
vt 0.574996 0.100696
vt 0.821277 0.589069
vt 0.849144 0.587255
vt 0.828710 0.601240
vt 0.493033 0.541668
vt 0.804960 0.903829
vt 0.833799 0.901521
vt 0.783972 0.085343
vt 0.799886 0.112704
vt 0.788809 0.102524
vt 0.023390 0.185963
vt 0.015585 0.182166
vt 0.013236 0.178884
vt 0.524641 0.882577
vt 0.085188 0.658144
vt 0.581329 0.100788
vt 0.930547 0.758647
vt 0.599362 0.087574
vt 0.599078 0.109155
vt 0.499294 0.238947
vt 0.645660 0.290549
vt 0.610691 0.053490
vt 0.612458 0.056725
vt 0.602003 0.066487
vt 0.049022 0.292644
vt 0.048324 0.147751
vt 0.827324 0.902813
vt 0.076722 0.084468
vt 0.551466 0.695292
vt 0.979237 0.289969
vt 0.987676 0.279575
vt 0.453484 0.275918
vt 0.423354 0.299748
vt 0.809168 0.575912
vt 0.837814 0.567177
vt 0.533218 0.331109
vt 0.029581 0.287074
vt 0.027290 0.157050
vt 0.476661 0.607432
vt 0.502646 0.919021
vt 0.071994 0.695985
vt 0.972297 0.260055
vt 0.596899 0.075256
vt 0.603852 0.087819
vt 0.431986 0.264240
vt 0.598904 0.059570
vt 0.907715 0.438629
vt 0.462365 0.306640
vt 0.482760 0.322230
vt 0.853033 0.604675
vt 0.827876 0.898717
vt 0.828232 0.941171
vt 0.518739 0.905754
vt 0.957064 0.745426
vt 0.614251 0.070248
vt 0.795511 0.711691
vt 0.774661 0.703669
vt 0.786443 0.696292
vt 0.955536 0.420634
vt 0.743098 0.755493
vt 0.752760 0.721101
vt 0.766493 0.718059
vt 0.762612 0.064068
vt 0.973543 0.739062
vt 0.588821 0.093754
vt 0.591270 0.090498
vt 0.858576 0.543749
vt 0.861685 0.564983
vt 0.436980 0.318677
vt 0.034388 0.141795
vt 0.757455 0.045420
vt 0.752237 0.055342
vt 0.749803 0.047564
vt 0.669914 0.454569
vt 0.505607 0.911671
vt 0.590634 0.731623
vt 0.219217 0.797834
vt 0.828037 0.542903
vt 0.650394 0.764442
vt 0.656068 0.800642
vt 0.645278 0.777148
vt 0.459438 0.311287
vt 0.865543 0.589854
vt 0.473215 0.623139
vt 0.494547 0.561193
vt 0.765593 0.060823
vt 0.797165 0.094352
vt 0.756381 0.441438
vt 0.793279 0.465110
vt 0.612864 0.767641
vt 0.532176 0.696933
vt 0.058817 0.148535
vt 0.080818 0.056576
vt 0.587166 0.726366
vt 0.084595 0.687561
vt 0.584453 0.084946
vt 0.449825 0.247063
vt 0.857622 0.518651
vt 0.761106 0.946097
vt 0.403709 0.725224
vt 0.460968 0.306419
vt 0.461654 0.306275
vt 0.607241 0.745990
vt 0.563693 0.089314
vt 0.768445 0.748467
vt 0.752771 0.949553
vt 0.739499 0.934574
vt 0.461522 0.306692
vt 0.449074 0.313132
vt 0.260247 0.802346
vt 0.106471 0.100958
vt 0.066781 0.698779
vt 0.753363 0.064898
vt 0.722260 0.054128
vt 0.723240 0.047444
vt 0.932704 0.421306
vt 0.756768 0.295386
vt 0.773854 0.264964
vt 0.770054 0.960052
vt 0.387408 0.748469
vt 0.887255 0.557809
vt 0.038380 0.408273
vt 0.090838 0.079851
vt 0.512317 0.912150
vt 0.516017 0.912120
vt 0.650896 0.443567
vt 0.697574 0.299694
vt 0.764988 0.957946
vt 0.764719 0.958676
vt 0.025755 0.288726
vt 0.874094 0.533410
vt 0.016983 0.397024
vt 0.022696 0.192243
vt 0.004073 0.197052
vt 0.639701 0.586210
vt 0.648486 0.588673
vt 0.634181 0.611226
vt 0.523828 0.100093
vt 0.535443 0.101579
vt 0.523726 0.103665
vt 0.412953 0.278334
vt 0.585175 0.070299
vt 0.806710 0.543710
vt 0.403133 0.296887
vt 0.742738 0.300637
vt 0.765502 0.958178
vt 0.766691 0.948394
vt 0.083498 0.047941
vt 0.645402 0.577329
vt 0.043894 0.171476
vt 0.043516 0.183953
vt 0.524241 0.862669
vt 0.702531 0.050602
vt 0.765832 0.957676
vt 0.097427 0.071579
vt 0.634030 0.774025
vt 0.100682 0.678649
vt 0.515095 0.699633
vt 0.631065 0.094330
vt 0.644062 0.066514
vt 0.651716 0.069810
vt 0.413198 0.303667
vt 0.405036 0.313865
vt 0.507064 0.540507
vt 0.256454 0.792978
vt 0.549741 0.102600
vt 0.651193 0.051088
vt 0.644769 0.041406
vt 0.648345 0.039034
vt 0.653443 0.060221
vt 0.641278 0.054377
vt 0.677944 0.829071
vt 0.675556 0.803435
vt 0.873500 0.519925
vt 0.798962 0.681722
vt 0.809366 0.691697
vt 0.667291 0.792454
vt 0.897032 0.519250
vt 0.898686 0.533608
vt 0.793743 0.762547
vt 0.516164 0.539138
vt 0.467532 0.322890
vt 0.667821 0.741393
vt 0.685472 0.759747
vt 0.370043 0.740545
vt 0.778325 0.062049
vt 0.784942 0.065812
vt 0.796037 0.074223
vt 0.352813 0.973941
vt 0.351127 0.965526
vt 0.375608 0.983841
vt 0.525311 0.092771
vt 0.031879 0.140350
vt 0.027376 0.132882
vt 0.037872 0.128076
vt 0.660316 0.441117
vt 0.221319 0.814830
vt 0.561083 0.087179
vt 0.575527 0.082619
vt 0.462764 0.220760
vt 0.054735 0.137529
vt 0.059243 0.139299
vt 0.426731 0.315835
vt 0.748989 0.930908
vt 0.501339 0.575064
vt 0.771402 0.059591
vt 0.009989 0.202892
vt 0.005859 0.204475
vt 0.607714 0.716743
vt 0.539110 0.080798
vt 0.430535 0.253759
vt 0.413217 0.264153
vt 0.358819 0.045603
vt 0.336287 0.051044
vt 0.346956 0.027205
vt 0.392207 0.027414
vt 0.377508 0.000314
vt 0.394026 0.000868
vt 0.344032 0.013560
vt 0.338242 0.009566
vt 0.778952 0.959481
vt 0.691969 0.454724
vt 0.545675 0.855403
vt 0.037625 0.195449
vt 0.375370 0.971935
vt 0.650152 0.054544
vt 0.640318 0.044064
vt 0.727003 0.103211
vt 0.755763 0.090950
vt 0.356754 0.030473
vt 0.793437 0.732083
vt 0.608354 0.603307
vt 0.768981 0.437797
vt 0.105422 0.682004
vt 0.214209 0.815268
vt 0.434787 0.231899
vt 0.814996 0.705278
vt 0.665926 0.309263
vt 0.424369 0.331332
vt 0.445329 0.321456
vt 0.694073 0.060689
vt 0.787613 0.556157
vt 0.586072 0.057424
vt 0.801851 0.970915
vt 0.406868 0.730895
vt 0.411684 0.731481
vt 0.905431 0.568944
vt 0.695816 0.740643
vt 0.104506 0.663359
vt 0.505402 0.106115
vt 0.508530 0.094233
vt 0.557331 0.082091
vt 0.634404 0.032454
vt 0.402302 0.267537
vt 0.522403 0.557918
vt 0.031008 0.407881
vt 0.878320 0.602287
vt 0.807541 0.077351
vt 0.573922 0.678938
vt 0.883604 0.772224
vt 0.898662 0.795371
vt 0.881459 0.794289
vt 0.517905 0.471228
vt 0.493262 0.462985
vt 0.502617 0.443290
vt 0.495110 0.220548
vt 0.380537 0.023699
vt 0.403213 0.739417
vt 0.456321 0.326811
vt 0.680175 0.444316
vt 0.330821 0.976615
vt 0.568898 0.079466
vt 0.692275 0.078274
vt 0.659317 0.054717
vt 0.822215 0.679470
vt 0.407565 0.731860
vt 0.528420 0.458858
vt 0.769589 0.099257
vt 0.761918 0.104896
vt 0.042061 0.128821
vt 0.345826 0.000206
vt 0.060057 0.849762
vt 0.067674 0.843432
vt 0.064611 0.852832
vt 0.921306 0.544477
vt 0.868785 0.616504
vt 0.021440 0.212608
vt 0.017243 0.216684
vt 0.761234 0.436056
vt 0.102118 0.063278
vt 0.643287 0.763849
vt 0.104258 0.096110
vt 0.666892 0.057639
vt 0.393783 0.035317
vt 0.370194 0.047347
vt 0.815818 0.634630
vt 0.826917 0.614769
vt 0.830629 0.632835
vt 0.394101 0.754410
vt 0.405927 0.329990
vt 0.627004 0.561454
vt 0.653066 0.424816
vt 0.606331 0.727203
vt 0.614322 0.588166
vt 0.354151 0.956546
vt 0.522959 0.912681
vt 0.546643 0.076162
vt 0.710354 0.101254
vt 0.737064 0.111874
vt 0.659108 0.063017
vt 0.787802 0.054013
vt 0.618765 0.759069
vt 0.376158 0.960294
vt 0.035112 0.855435
vt 0.038380 0.841332
vt 0.044678 0.839314
vt 0.817790 0.654932
vt 0.519726 0.575919
vt 0.428959 0.335591
vt 0.634450 0.045703
vt 0.376525 0.048495
vt 0.028069 0.852806
vt 0.075041 0.842681
vt 0.503190 0.603592
vt 0.101977 0.083374
vt 0.621162 0.748197
vt 0.053599 0.189342
vt 0.051323 0.191428
vt 0.028204 0.850320
vt 0.063180 0.125749
vt 0.507838 0.586356
vt 0.516835 0.346334
vt 0.041812 0.423618
vt 0.037351 0.202808
vt 0.908946 0.782694
vt 0.417799 0.741462
vt 0.812928 0.672038
vt 0.531776 0.534548
vt 0.528817 0.515947
vt 0.594869 0.602903
vt 0.493839 0.101650
vt 0.473226 0.446590
vt 0.749746 0.117337
vt 0.959416 0.861359
vt 0.959670 0.854027
vt 0.963430 0.857344
vt 0.050170 0.121372
vt 0.122623 0.696234
vt 0.108998 0.689608
vt 0.135073 0.683262
vt 0.139491 0.703805
vt 0.422537 0.325960
vt 0.423225 0.325936
vt 0.423774 0.325977
vt 0.053663 0.434373
vt 0.773372 0.044324
vt 0.105196 0.051127
vt 0.046294 0.201593
vt 0.512124 0.090558
vt 0.859730 0.193254
vt 0.856434 0.178401
vt 0.907723 0.207978
vt 0.891893 0.209012
vt 0.909796 0.190721
vt 0.900688 0.169526
vt 0.921011 0.215174
vt 0.568996 0.072696
vt 0.969032 0.846997
vt 0.964689 0.866959
vt 0.364765 0.903358
vt 0.372589 0.916263
vt 0.358104 0.923563
vt 0.424309 0.739345
vt 0.752091 0.315486
vt 0.069680 0.855978
vt 0.355466 0.752535
vt 0.368984 0.753698
vt 0.743840 0.433012
vt 0.805054 0.057925
vt 0.869900 0.771106
vt 0.177021 0.572108
vt 0.193155 0.571767
vt 0.202600 0.576662
vt 0.354533 0.899352
vt 0.499581 0.625383
vt 0.027790 0.415989
vt 0.744698 0.429187
vt 0.757951 0.428332
vt 0.611817 0.619222
vt 0.365522 0.952323
vt 0.374521 0.948243
vt 0.695061 0.098003
vt 0.409123 0.247200
vt 0.067020 0.114432
vt 0.046237 0.114112
vt 0.340424 0.909023
vt 0.350975 0.919876
vt 0.793122 0.309848
vt 0.040953 0.853030
vt 0.829759 0.722490
vt 0.813042 0.729696
vt 0.552360 0.343488
vt 0.538584 0.514883
vt 0.377661 0.755371
vt 0.785885 0.048611
vt 0.057728 0.198856
vt 0.062137 0.199611
vt 0.967389 0.873029
vt 0.966936 0.879087
vt 0.174232 0.588227
vt 0.152009 0.583158
vt 0.564853 0.065921
vt 0.018067 0.860593
vt 0.697662 0.775619
vt 0.471185 0.340981
vt 0.742792 0.426440
vt 0.343995 0.955017
vt 0.051187 0.211553
vt 0.842032 0.169174
vt 0.856305 0.150090
vt 0.630427 0.747369
vt 0.893313 0.157679
vt 0.970771 0.870491
vt 0.680708 0.058743
vt 0.955476 0.870104
vt 0.133899 0.596470
vt 0.124189 0.571090
vt 0.147927 0.581210
vt 0.770831 0.333520
vt 0.818149 0.659945
vt 0.833143 0.674946
vt 0.529366 0.585843
vt 0.771544 0.036013
vt 0.680935 0.435043
vt 0.727738 0.429780
vt 0.372365 0.946730
vt 0.365565 0.944249
vt 0.372977 0.931294
vt 0.371266 0.933003
vt 0.020641 0.861467
vt 0.836578 0.701080
vt 0.665699 0.327743
vt 0.716395 0.725085
vt 0.721692 0.740293
vt 0.766436 0.414978
vt 0.107798 0.080650
vt 0.596134 0.583891
vt 0.519279 0.083950
vt 0.064021 0.201885
vt 0.836533 0.634413
vt 0.844677 0.651941
vt 0.031446 0.420113
vt 0.442079 0.357864
vt 0.597266 0.575335
vt 0.060638 0.201797
vt 0.365320 0.934992
vt 0.166874 0.593819
vt 0.139028 0.609895
vt 0.153943 0.590277
vt 0.831501 0.691722
vt 0.517099 0.615791
vt 0.114476 0.673318
vt 0.798021 0.401594
vt 0.771196 0.400909
vt 0.607771 0.555191
vt 0.053627 0.205485
vt 0.027235 0.864196
vt 0.020284 0.865268
vt 0.140351 0.592833
vt 0.053802 0.866845
vt 0.650847 0.316733
vt 0.539994 0.583830
vt 0.915051 0.581782
vt 0.727821 0.742532
vt 0.666029 0.426082
vt 0.791480 0.039583
vt 0.855019 0.246505
vt 0.350306 0.936420
vt 0.984961 0.505879
vt 0.972269 0.518202
vt 0.975572 0.494598
vt 0.982672 0.864567
vt 0.026849 0.868146
vt 0.951101 0.878286
vt 0.930751 0.873210
vt 0.892255 0.612978
vt 0.028692 0.220179
vt 0.809768 0.050677
vt 0.817233 0.061827
vt 0.036743 0.212723
vt 0.518935 0.435397
vt 0.397767 0.249346
vt 0.746740 0.318904
vt 0.059549 0.863629
vt 0.836965 0.636274
vt 0.048291 0.437171
vt 0.708707 0.761557
vt 0.835093 0.201415
vt 0.748147 0.420699
vt 0.799497 0.044344
vt 0.582135 0.604368
vt 0.616393 0.536304
vt 0.149606 0.395019
vt 0.148578 0.414361
vt 0.137232 0.406415
vt 0.571252 0.611059
vt 0.579583 0.566230
vt 0.058288 0.211083
vt 0.533915 0.441659
vt 0.470726 0.430900
vt 0.436600 0.743281
vt 0.428729 0.764102
vt 0.698044 0.321685
vt 0.849334 0.637748
vt 0.543115 0.545826
vt 0.805578 0.750302
vt 0.893516 0.708517
vt 0.897306 0.695657
vt 0.915383 0.720249
vt 0.876136 0.705974
vt 0.171938 0.408271
vt 0.163187 0.422929
vt 0.897128 0.759318
vt 0.990010 0.485815
vt 0.996913 0.500335
vt 0.453388 0.425562
vt 0.795412 0.347531
vt 0.775639 0.353822
vt 0.035850 0.863614
vt 0.851031 0.612463
vt 0.546418 0.508628
vt 0.544436 0.367608
vt 0.520454 0.359730
vt 0.480603 0.354627
vt 0.800060 0.187749
vt 0.882717 0.697593
vt 0.889651 0.686347
vt 0.582364 0.545696
vt 0.557751 0.518759
vt 0.018221 0.419265
vt 0.029545 0.424398
vt 0.150449 0.696555
vt 0.804621 0.205907
vt 0.782329 0.034404
vt 0.904633 0.725057
vt 0.638451 0.749777
vt 0.983587 0.486583
vt 0.340313 0.938316
vt 0.569209 0.532047
vt 0.718755 0.812725
vt 0.687931 0.841874
vt 0.763345 0.333286
vt 0.761460 0.339181
vt 0.936028 0.554986
vt 0.792013 0.180984
vt 0.035913 0.904047
vt 0.038620 0.894457
vt 0.041292 0.899295
vt 0.588457 0.617063
vt 0.587163 0.529291
vt 0.557087 0.571723
vt 0.192040 0.603520
vt 0.447874 0.745457
vt 0.155981 0.612596
vt 0.539530 0.606955
vt 0.844847 0.679329
vt 0.403511 0.754914
vt 0.042335 0.434910
vt 0.118529 0.070485
vt 0.116423 0.072674
vt 0.494274 0.092962
vt 0.869402 0.685018
vt 0.067234 0.902885
vt 0.070512 0.900385
vt 0.080969 0.911947
vt 0.327909 0.950964
vt 0.895853 0.274771
vt 0.509622 0.077557
vt 0.551539 0.594909
vt 0.995636 0.483049
vt 0.180415 0.607847
vt 0.805114 0.766925
vt 0.354774 0.758243
vt 0.761467 0.403559
vt 0.908997 0.652166
vt 0.920984 0.658108
vt 0.892337 0.670202
vt 0.914254 0.673322
vt 0.598338 0.623909
vt 0.770731 0.372166
vt 0.791198 0.371793
vt 0.026894 0.878938
vt 0.044683 0.883091
vt 0.463205 0.418131
vt 0.209447 0.612217
vt 0.842557 0.715073
vt 0.858844 0.670051
vt 0.766885 0.342535
vt 0.845013 0.660443
vt 0.748897 0.411153
vt 0.654719 0.400071
vt 0.178201 0.437355
vt 0.879605 0.748408
vt 0.820397 0.046534
vt 0.809244 0.042656
vt 0.121032 0.062022
vt 0.865184 0.724199
vt 0.030363 0.875264
vt 0.569724 0.626279
vt 0.963281 0.503568
vt 0.110479 0.593211
vt 0.149734 0.615184
vt 0.418964 0.758450
vt 0.817381 0.744024
vt 0.157921 0.669355
vt 0.407555 0.351930
vt 0.212299 0.443796
vt 0.662216 0.403189
vt 0.792113 0.030194
vt 0.120712 0.086004
vt 0.508270 0.085937
vt 0.331014 0.932400
vt 0.161437 0.616611
vt 0.768094 0.361605
vt 0.751491 0.328362
vt 0.850083 0.700762
vt 0.059627 0.873192
vt 0.649452 0.337421
vt 0.654814 0.347839
vt 0.077137 0.865860
vt 0.675166 0.330399
vt 0.859048 0.658885
vt 0.823859 0.737194
vt 0.120073 0.103106
vt 0.142585 0.060419
vt 0.133908 0.067191
vt 0.965528 0.495016
vt 0.155053 0.629712
vt 0.106682 0.979506
vt 0.091501 0.975165
vt 0.103284 0.970800
vt 0.022309 0.431727
vt 0.673682 0.423191
vt 0.052034 0.894172
vt 0.052326 0.888518
vt 0.131903 0.421924
vt 0.126085 0.414634
vt 0.870211 0.754930
vt 0.859808 0.751651
vt 0.858745 0.732770
vt 0.863862 0.715734
vt 0.181797 0.621558
vt 0.124405 0.976602
vt 0.142032 0.968173
vt 0.140699 0.981831
vt 0.081321 0.880939
vt 0.545372 0.377092
vt 0.455477 0.361902
vt 0.369753 0.759488
vt 0.126949 0.076364
vt 0.853089 0.767422
vt 0.851149 0.759992
vt 0.121431 0.965367
vt 0.171873 0.676439
vt 0.174906 0.698622
vt 0.453798 0.404881
vt 0.551593 0.620033
vt 0.844134 0.729381
vt 0.719190 0.789534
vt 0.353103 0.763498
vt 0.720558 0.415031
vt 0.697950 0.419001
vt 0.800697 0.033754
vt 0.130673 0.073901
vt 0.068056 0.887910
vt 0.059730 0.896387
vt 0.539435 0.425993
vt 0.125598 0.642226
vt 0.093001 0.948000
vt 0.424776 0.356353
vt 0.032459 0.440408
vt 0.748148 0.393932
vt 0.861597 0.693614
vt 0.438385 0.770465
vt 0.429373 0.416330
vt 0.441478 0.406732
vt 0.839132 0.746989
vt 0.150443 0.966885
vt 0.869248 0.644458
vt 0.675907 0.413980
vt 0.125417 0.097652
vt 0.499544 0.081900
vt 0.130940 0.083990
vt 0.978326 0.480650
vt 0.883202 0.638455
vt 0.864357 0.628954
vt 0.730448 0.338735
vt 0.116000 0.647844
vt 0.917867 0.618745
vt 0.733263 0.767006
vt 0.159142 0.448210
vt 0.838979 0.738397
vt 0.822599 0.760080
vt 0.170986 0.662302
vt 0.364893 0.769218
vt 0.145582 0.429798
vt 0.980611 0.370688
vt 0.979414 0.356389
vt 0.987692 0.361798
vt 0.509443 0.416054
vt 0.530537 0.406134
vt 0.785053 0.142311
vt 0.737226 0.822942
vt 0.687992 0.338869
vt 0.159696 0.651397
vt 0.744199 0.408828
vt 0.486541 0.092566
vt 0.136704 0.072888
vt 0.739656 0.339457
vt 0.127406 0.611956
vt 0.028489 0.442795
vt 0.878587 0.657353
vt 0.752652 0.376830
vt 0.959334 0.362215
vt 0.969055 0.342597
vt 0.972384 0.347804
vt 0.211540 0.233304
vt 0.215906 0.234675
vt 0.217759 0.255320
vt 0.212028 0.263976
vt 0.116952 0.952095
vt 0.512018 0.380376
vt 0.380193 0.761528
vt 0.672056 0.407791
vt 0.201082 0.700887
vt 0.749030 0.778195
vt 0.134386 0.103644
vt 0.125702 0.420077
vt 0.111775 0.408032
vt 0.958034 0.373228
vt 0.970753 0.379238
vt 0.980836 0.351501
vt 0.160205 0.984693
vt 0.228614 0.219403
vt 0.230582 0.231030
vt 0.223433 0.253772
vt 0.234025 0.223021
vt 0.747986 0.345149
vt 0.394911 0.757950
vt 0.921501 0.632369
vt 0.788425 0.217829
vt 0.737335 0.400888
vt 0.151050 0.440601
vt 0.139358 0.082257
vt 0.777224 0.153866
vt 0.657955 0.359960
vt 0.654196 0.367902
vt 0.666080 0.359405
vt 0.666506 0.346190
vt 0.412078 0.399581
vt 0.400444 0.382250
vt 0.426421 0.362748
vt 0.819636 0.233416
vt 0.489949 0.082476
vt 0.125931 0.424054
vt 0.221474 0.250291
vt 0.210263 0.278695
vt 0.984924 0.340872
vt 0.978684 0.336709
vt 0.960777 0.491926
vt 0.429737 0.390552
vt 0.135356 0.955755
vt 0.754170 0.348896
vt 0.833874 0.783691
vt 0.518228 0.395722
vt 0.047736 0.448729
vt 0.138846 0.091671
vt 0.118285 0.416488
vt 0.166243 0.978202
vt 0.955880 0.481676
vt 0.963020 0.478730
vt 0.437428 0.379541
vt 0.465952 0.381624
vt 0.668119 0.400583
vt 0.750033 0.359162
vt 0.909708 0.289316
vt 0.213026 0.157695
vt 0.240155 0.170223
vt 0.217437 0.180422
vt 0.158294 0.002542
vt 0.169655 0.001347
vt 0.162075 0.013587
vt 0.411181 0.758373
vt 0.189159 0.666816
vt 0.082430 0.958572
vt 0.211419 0.464286
vt 0.439030 0.780144
vt 0.428397 0.767111
vt 0.163952 0.022712
vt 0.155741 0.018785
vt 0.170237 0.012726
vt 0.204808 0.634124
vt 0.072760 0.971261
vt 0.071795 0.983258
vt 0.436713 0.790722
vt 0.439067 0.796720
vt 0.430582 0.793836
vt 0.428996 0.777092
vt 0.140132 0.001561
vt 0.669699 0.347549
vt 0.776383 0.217656
vt 0.672074 0.403070
vt 0.703527 0.396918
vt 0.738786 0.382107
vt 0.743664 0.378621
vt 0.136584 0.441285
vt 0.121404 0.434388
vt 0.137752 0.084221
vt 0.747904 0.364340
vt 0.735909 0.355925
vt 0.703623 0.351609
vt 0.202141 0.192189
vt 0.196974 0.204461
vt 0.973640 0.007737
vt 0.984864 0.000110
vt 0.995993 0.008641
vt 0.977280 0.042121
vt 0.973124 0.027856
vt 0.980865 0.028758
vt 0.419054 0.769878
vt 0.105865 0.935324
vt 0.377501 0.769800
vt 0.670168 0.403329
vt 0.670801 0.403302
vt 0.137617 0.084705
vt 0.987210 0.377437
vt 0.426588 0.771008
vt 0.991669 0.023671
vt 0.970497 0.014629
vt 0.979028 0.023028
vt 0.193773 0.638570
vt 0.138307 0.084383
vt 0.142836 0.073458
vt 0.978966 0.000852
vt 0.141539 0.942363
vt 0.398452 0.766095
vt 0.762423 0.763019
vt 0.796958 0.778646
vt 0.772517 0.779644
vt 0.731825 0.375848
vt 0.253628 0.165884
vt 0.225875 0.186781
vt 0.669421 0.367237
vt 0.386575 0.771716
vt 0.165050 0.969392
vt 0.238963 0.181000
vt 0.751513 0.815327
vt 0.127795 0.444942
vt 0.424560 0.779356
vt 0.143393 0.454636
vt 0.130708 0.928349
vt 0.110184 0.442402
vt 0.157823 0.955865
vt 0.411541 0.773249
vt 0.955883 0.005966
vt 0.777325 0.813255
vt 0.184713 0.012883
vt 0.187131 0.021609
vt 0.174576 0.016707
vt 0.962772 0.018600
vt 0.965534 0.000065
vt 0.808130 0.796192
vt 0.818927 0.791851
vt 0.068415 0.960729
vt 0.146212 0.088675
vt 0.431841 0.802338
vt 0.419435 0.794061
vt 0.186800 0.000653
vt 0.195261 0.019064
vt 0.741794 0.832544
vt 0.799401 0.811912
vt 0.078710 0.949038
vt 0.018207 0.444665
vt 0.030061 0.457398
vt 0.799177 0.243656
vt 0.148851 0.072996
vt 0.369055 0.779653
vt 0.043020 0.458848
vt 0.256709 0.174078
vt 0.508683 0.695461
vt 0.509175 0.683462
vt 0.528904 0.684202
vt 0.948724 0.014628
vt 0.787683 0.254967
vt 0.774325 0.835569
vt 0.198399 0.000435
vt 0.208475 0.010015
vt 0.136709 0.933936
vt 0.952165 0.022189
vt 0.404317 0.774690
vt 0.405207 0.787137
vt 0.207253 0.005000
vt 0.397255 0.780145
vt 0.919842 0.299482
vt 0.879282 0.303467
vt 0.094719 0.925693
vt 0.542158 0.127809
vt 0.534750 0.139811
vt 0.532542 0.117188
vt 0.424345 0.809053
vt 0.269652 0.156390
vt 0.951900 0.011742
vt 0.536072 0.667153
vt 0.545160 0.675186
vt 0.377036 0.784046
vt 0.569955 0.668266
vt 0.785805 0.839796
vt 0.205354 0.019888
vt 0.518600 0.132539
vt 0.487112 0.117317
vt 0.510471 0.119309
vt 0.176003 0.481058
vt 0.854756 0.279519
vt 0.314281 0.125045
vt 0.118269 0.464080
vt 0.498903 0.698730
vt 0.385628 0.787475
vt 0.417993 0.802129
vt 0.851403 0.316640
vt 0.880726 0.330192
vt 0.882790 0.286738
vt 0.779928 0.288589
vt 0.490899 0.702437
vt 0.498143 0.681183
vt 0.575678 0.136399
vt 0.563832 0.122788
vt 0.583299 0.129284
vt 0.246659 0.006192
vt 0.271171 0.000000
vt 0.252069 0.011980
vt 0.556670 0.130130
vt 0.818229 0.263739
vt 0.239075 0.013987
vt 0.831754 0.307729
vt 0.417859 0.806312
vt 0.413956 0.807925
vt 0.398760 0.795228
vt 0.422563 0.811472
vt 0.506922 0.137135
vt 0.384657 0.791556
vt 0.372809 0.797130
vt 0.357886 0.786190
vt 0.821387 0.326045
vt 0.485113 0.700185
vt 0.486148 0.699360
vt 0.358339 0.794457
vt 0.536126 0.656047
vt 0.551400 0.653032
vt 0.409039 0.804451
vt 0.477302 0.129341
vt 0.482612 0.118920
vt 0.490256 0.130180
vt 0.488595 0.143833
vt 0.553618 0.149686
vt 0.537078 0.649808
vt 0.166901 0.991620
vt 0.154463 0.993409
vt 0.163907 0.989114
vt 0.176096 0.989017
vt 0.585506 0.140961
vt 0.800410 0.277569
vt 0.840693 0.288615
vt 0.370342 0.794948
vt 0.498332 0.672395
vt 0.486350 0.683568
vt 0.468753 0.702480
vt 0.501971 0.154226
vt 0.168214 0.997909
vt 0.409451 0.812280
vt 0.467036 0.133496
vt 0.379242 0.804141
vt 0.377499 0.798859
vt 0.525819 0.155230
vt 0.514956 0.661665
vt 0.416045 0.819579
vt 0.397908 0.803455
vt 0.411119 0.818036
vt 0.515990 0.150871
vt 0.468856 0.682645
vt 0.459606 0.699935
vt 0.365508 0.800781
vt 0.635725 0.219121
vt 0.627658 0.223339
vt 0.613266 0.214693
vt 0.471507 0.148558
vt 0.485724 0.154942
vt 0.625824 0.211598
vt 0.637305 0.208444
vt 0.400282 0.815411
vt 0.511520 0.653647
vt 0.567768 0.157316
vt 0.452346 0.679383
vt 0.604873 0.216954
vt 0.491209 0.663327
vt 0.459566 0.161305
vt 0.472495 0.670138
vt 0.600529 0.145072
vt 0.638416 0.202774
vt 0.545729 0.161761
vt 0.608259 0.204132
vt 0.621741 0.195558
vt 0.632657 0.184113
vt 0.441784 0.688438
vt 0.452584 0.717140
vt 0.365660 0.814303
vt 0.435332 0.707057
vt 0.438331 0.725348
vt 0.603894 0.207785
vt 0.469799 0.171542
vt 0.512682 0.169065
vt 0.502163 0.651357
vt 0.532296 0.172468
vt 0.599991 0.157620
vt 0.603985 0.175422
vt 0.575878 0.164881
vt 0.568578 0.168105
vt 0.443366 0.656844
vt 0.489957 0.654247
vt 0.459305 0.660636
vt 0.422203 0.708907
vt 0.501561 0.177642
vt 0.605954 0.195317
vt 0.483472 0.180818
vt 0.586865 0.173228
vt 0.424620 0.730777
vt 0.463995 0.186009
vt 0.435199 0.672594
vt 0.540965 0.174933
vt 0.414774 0.725159
vt 0.453336 0.175514
vt 0.583270 0.189418
vt 0.591587 0.215138
vt 0.419914 0.693844
vt 0.476141 0.656159
vt 0.575904 0.193758
vt 0.423829 0.668899
vt 0.439844 0.180584
vt 0.475281 0.195029
vt 0.518679 0.181774
vt 0.559721 0.189864
vt 0.437139 0.190466
vt 0.397559 0.699979
vt 0.415674 0.674727
vt 0.425580 0.653516
vt 0.572363 0.213108
vt 0.525452 0.194855
vt 0.401464 0.683544
vt 0.555147 0.201464
vt 0.467628 0.651746
vt 0.213563 0.858399
vt 0.217973 0.877442
vt 0.199957 0.881096
vt 0.494440 0.198401
vt 0.476177 0.647297
vt 0.464329 0.203692
vt 0.420083 0.637489
vt 0.198330 0.866388
vt 0.204509 0.890313
vt 0.538843 0.204689
vt 0.225668 0.881806
vt 0.565242 0.228015
vt 0.563901 0.248283
vt 0.551285 0.231489
vt 0.241577 0.861661
vt 0.413860 0.659034
vt 0.479112 0.209619
vt 0.411972 0.643267
vt 0.553312 0.221082
vt 0.211089 0.845338
vt 0.498640 0.206315
vt 0.201707 0.846873
vt 0.837789 0.494665
vt 0.819385 0.514409
vt 0.829281 0.494396
vt 0.183080 0.858017
vt 0.453277 0.208171
vt 0.523903 0.221378
vt 0.169915 0.875184
vt 0.223024 0.837853
vt 0.827064 0.517541
vt 0.395238 0.616510
vt 0.407702 0.652852
vt 0.214221 0.834532
vt 0.177584 0.900714
vt 0.198193 0.839715
vt 0.484631 0.216131
vt 0.184254 0.845937
vt 0.398771 0.639856
vt 0.378351 0.604296
vt 0.369940 0.587425
vt 0.387717 0.676487
vt 0.203484 0.828178
vt 0.388491 0.666847
vt 0.388985 0.618425
vt 0.161021 0.876367
vt 0.158686 0.905289
vt 0.361551 0.592805
vt 0.830681 0.485543
vt 0.836714 0.489212
vt 0.364081 0.607271
vt 0.840959 0.510619
vt 0.207748 0.814702
vt 0.197196 0.813643
vt 0.165766 0.853214
vt 0.186069 0.816006
vt 0.350140 0.595450
vt 0.191000 0.798607
vt 0.202017 0.784581
vt 0.205256 0.796902
vt 0.358475 0.611653
vt 0.190517 0.754324
vt 0.190841 0.772641
vt 0.216592 0.788927
vt 0.851844 0.494463
vt 0.166501 0.829417
vt 0.181898 0.784844
vt 0.850070 0.516171
vt 0.834402 0.459839
vt 0.848721 0.483388
vt 0.814028 0.449095
vt 0.835454 0.453136
vt 0.824775 0.459345
vt 0.143824 0.886536
vt 0.814739 0.436894
vt 0.843356 0.448158
vt 0.174053 0.804834
vt 0.185214 0.768605
vt 0.864726 0.492326
vt 0.362516 0.659742
vt 0.156553 0.827549
vt 0.149025 0.861074
vt 0.368034 0.631147
vt 0.176354 0.768987
vt 0.154264 0.811476
vt 0.144782 0.865053
vt 0.798659 0.411577
vt 0.833684 0.430803
vt 0.817414 0.412947
vt 0.854601 0.459831
vt 0.166730 0.782413
vt 0.151311 0.834732
vt 0.867689 0.479238
vt 0.899362 0.488117
vt 0.920944 0.513554
vt 0.910038 0.508630
vt 0.893268 0.512286
vt 0.169012 0.769171
vt 0.915424 0.494110
vt 0.872092 0.480502
vt 0.845641 0.438572
vt 0.877599 0.484738
vt 0.899848 0.479375
vt 0.140643 0.836262
vt 0.873083 0.479796
vt 0.873891 0.478837
vt 0.825099 0.408672
vt 0.899907 0.473172
vt 0.885975 0.475547
vt 0.832552 0.407190
vt 0.837669 0.405582
vt 0.880792 0.456069
vt 0.008027 0.525455
vt 0.015107 0.521881
vt 0.025191 0.543528
vt 0.920326 0.387330
vt 0.904020 0.413846
vt 0.896583 0.391269
vt 0.945687 0.586441
vt 0.921840 0.587393
vt 0.960039 0.570737
vt 0.136427 0.831736
vt 0.890363 0.448126
vt 0.031343 0.528700
vt 0.901946 0.430486
vt 0.885428 0.445732
vt 0.892888 0.412504
vt 0.868439 0.438013
vt 0.972892 0.559543
vt 0.975484 0.546988
vt 0.022626 0.570713
vt 0.962368 0.581661
vt 0.037634 0.559027
vt 0.884595 0.431098
vt 0.958845 0.597789
vt 0.973035 0.608854
vt 0.820817 0.360841
vt 0.834560 0.378883
vt 0.837234 0.394851
vt 0.850522 0.406111
vt 0.041318 0.542193
vt 0.032670 0.572741
vt 0.049306 0.550176
vt 0.982498 0.611516
vt 0.908891 0.368105
vt 0.884258 0.379694
vt 0.892953 0.364564
vt 0.897454 0.379611
vt 0.043922 0.536903
vt 0.865588 0.365717
vt 0.862985 0.372470
vt 0.862204 0.359383
vt 0.974301 0.617125
vt 0.877277 0.357577
vt 0.886129 0.357190
vt 0.879194 0.385444
vt 0.063095 0.551210
vt 0.875006 0.402743
vt 0.831907 0.352095
vt 0.841511 0.365734
vt 0.848951 0.386729
vt 0.851130 0.376488
vt 0.871081 0.377441
vt 0.882318 0.393038
vt 0.863627 0.391333
vt 0.847776 0.346452
vt 0.184619 0.977761
vt 0.736485 0.585537
vt 0.326972 0.998630
vt 0.327745 0.998368
vt 0.327776 0.998480
vt 0.328639 0.998555
vt 0.461627 0.306506
vt 0.765228 0.958077
s 1
usemtl tripo_material_fd0c3c85-a03e-4e55-8797-f142965eeb8f
f 1359/1/1 701/2/2 625/3/3
f 623/4/3 719/5/4 1411/6/5
f 719/5/4 623/4/3 357/7/6
f 732/8/7 935/9/8 719/5/4
f 1412/10/9 1359/1/1 625/3/3
f 935/9/8 1411/6/5 719/5/4
f 652/11/10 719/5/4 357/7/6
f 1521/12/11 1412/10/9 1336/13/12
f 1199/14/13 1411/6/5 935/9/8
f 653/15/14 358/16/15 555/17/16
f 1449/18/17 1521/12/11 1336/13/12
f 1232/19/18 1178/20/19 936/21/8
f 1201/22/13 936/21/8 1178/20/19
f 362/23/20 555/17/16 358/16/15
f 935/9/8 732/8/7 931/24/21
f 624/25/22 135/26/23 358/16/15
f 1274/27/24 1336/13/12 1200/28/13
f 1275/29/24 1201/22/13 1178/20/19
f 625/3/3 701/2/2 136/30/25
f 1449/18/17 1336/13/12 1387/31/26
f 1387/31/26 1336/13/12 1274/27/24
f 936/21/8 1028/32/27 1232/19/18
f 732/8/7 719/5/4 652/11/10
f 1178/20/19 1232/19/18 1275/29/24
f 931/24/21 920/33/28 935/9/8
f 1412/10/9 1200/28/13 1336/13/12
f 607/34/29 555/17/16 398/35/30
f 555/17/16 362/23/20 398/35/30
f 1387/31/26 1521/12/11 1449/18/17
f 362/23/20 358/16/15 135/26/23
f 1412/10/9 1436/36/31 1359/1/1
f 1028/32/27 936/21/8 923/37/28
f 932/38/21 733/39/32 730/40/33
f 733/39/32 654/41/34 730/40/33
f 1359/1/1 1055/42/35 701/2/2
f 1027/43/36 921/44/28 1219/45/37
f 932/38/21 755/46/38 922/47/28
f 654/41/34 755/46/38 730/40/33
f 511/48/39 607/34/29 398/35/30
f 1386/49/40 1273/50/41 1219/45/37
f 1028/32/27 1275/29/24 1232/19/18
f 1027/43/36 1219/45/37 1273/50/41
f 363/51/20 481/52/42 512/53/43
f 932/38/21 730/40/33 755/46/38
f 1521/12/11 1436/36/31 1412/10/9
f 1387/31/26 1220/54/37 1521/12/11
f 607/34/29 653/15/14 555/17/16
f 755/46/38 654/41/34 481/52/42
f 512/53/43 481/52/42 654/41/34
f 362/23/20 511/48/39 398/35/30
f 755/46/38 481/52/42 855/55/44
f 1055/42/35 136/30/25 701/2/2
f 288/56/45 481/52/42 363/51/20
f 362/23/20 135/26/23 1881/57/46
f 1521/12/11 1220/54/37 1436/36/31
f 1219/45/37 1111/58/47 1435/59/48
f 1318/60/49 1055/42/35 1359/1/1
f 922/47/28 755/46/38 855/55/44
f 455/61/50 859/62/51 377/63/52
f 607/34/29 511/48/39 653/15/14
f 377/63/52 84/64/53 1934/65/54
f 859/62/51 402/66/55 377/63/52
f 135/26/23 453/67/50 1881/57/46
f 1934/65/54 455/61/50 377/63/52
f 1436/36/31 1318/60/49 1359/1/1
f 1055/42/35 454/68/56 136/30/25
f 288/56/45 363/51/20 1884/69/57
f 455/61/50 1934/65/54 1883/70/58
f 1219/45/37 921/44/28 1111/58/47
f 1112/71/59 922/47/28 855/55/44
f 84/64/53 377/63/52 2122/72/60
f 454/68/56 1055/42/35 945/73/61
f 455/61/50 946/74/61 859/62/51
f 288/56/45 855/55/44 481/52/42
f 1934/65/54 1973/75/62 1883/70/58
f 1346/76/63 1318/60/49 1436/36/31
f 1297/77/64 1437/78/65 1113/79/47
f 1112/71/59 855/55/44 288/56/45
f 402/66/55 572/80/66 57/81/67
f 377/63/52 402/66/55 2122/72/60
f 2122/72/60 1934/65/54 84/64/53
f 402/66/55 57/81/67 2256/82/68
f 402/66/55 2256/82/68 2122/72/60
f 2479/83/69 2256/82/68 57/81/67
f 802/84/70 402/66/55 859/62/51
f 1113/79/47 289/85/45 565/86/71
f 1885/87/57 179/88/72 289/85/45
f 289/85/45 179/88/72 565/86/71
f 57/81/67 2135/89/73 2479/83/69
f 946/74/61 1068/90/74 859/62/51
f 1297/77/64 1113/79/47 1256/91/75
f 1055/42/35 1318/60/49 945/73/61
f 2753/92/76 2479/83/69 2135/89/73
f 1297/77/64 1518/93/77 1437/78/65
f 1518/93/77 1297/77/64 1256/91/75
f 402/66/55 784/94/78 572/80/66
f 198/95/79 2135/89/73 57/81/67
f 1518/93/77 1347/96/63 1437/78/65
f 802/84/70 859/62/51 1068/90/74
f 1973/75/62 1934/65/54 2152/97/80
f 727/98/81 572/80/66 784/94/78
f 177/99/72 1882/100/82 1972/101/62
f 1256/91/75 1113/79/47 565/86/71
f 57/81/67 572/80/66 727/98/81
f 2256/82/68 2479/83/69 2633/102/83
f 1441/103/84 945/73/61 1318/60/49
f 1066/104/85 1068/90/74 946/74/61
f 2583/105/86 2122/72/60 2256/82/68
f 1441/103/84 1318/60/49 1346/76/63
f 1067/106/87 1105/107/88 1068/90/74
f 946/74/61 1105/107/88 1054/108/89
f 1054/108/89 1066/104/85 946/74/61
f 198/95/79 57/81/67 727/98/81
f 2146/109/90 2753/92/76 2135/89/73
f 1067/106/87 1054/108/89 1105/107/88
f 2146/109/90 2135/89/73 198/95/79
f 1934/65/54 2122/72/60 2152/97/80
f 1105/107/88 946/74/61 1031/110/91
f 402/66/55 802/84/70 784/94/78
f 2146/109/90 198/95/79 2035/111/92
f 945/73/61 1441/103/84 1030/112/91
f 1254/113/93 1506/114/94 1517/115/95
f 564/116/71 966/117/96 1255/118/75
f 1972/101/62 545/119/97 177/99/72
f 916/120/98 1068/90/74 1105/107/88
f 802/84/70 1068/90/74 916/120/98
f 564/116/71 178/121/72 609/122/99
f 1506/114/94 1597/123/100 1517/115/95
f 609/122/99 178/121/72 546/124/97
f 2633/102/83 2691/125/101 2256/82/68
f 966/117/96 564/116/71 609/122/99
f 1972/101/62 2151/126/102 1967/127/103
f 2152/97/80 2122/72/60 2583/105/86
f 1518/93/77 1562/128/104 1347/96/63
f 1347/96/63 1562/128/104 1442/129/105
f 1032/130/91 973/131/106 1106/132/107
f 2256/82/68 2691/125/101 2583/105/86
f 2479/83/69 2753/92/76 2777/133/108
f 784/94/78 802/84/70 906/134/109
f 198/95/79 727/98/81 254/135/110
f 2633/102/83 2479/83/69 2777/133/108
f 2147/136/111 2354/137/112 2755/138/76
f 971/139/113 915/140/98 1104/141/88
f 255/142/114 2036/143/92 199/144/79
f 1597/123/100 1560/145/115 1517/115/95
f 1598/146/116 1507/147/117 1255/118/75
f 973/131/106 1032/130/91 1442/129/105
f 476/148/118 727/98/81 784/94/78
f 2036/143/92 2354/137/112 2147/136/111
f 609/122/99 972/149/119 966/117/96
f 972/149/119 609/122/99 546/124/97
f 1967/127/103 545/119/97 1972/101/62
f 2632/150/83 2771/151/120 2690/152/101
f 973/131/106 1442/129/105 1562/128/104
f 254/135/110 727/98/81 476/148/118
f 2771/151/120 2582/153/121 2690/152/101
f 1561/154/122 1598/146/116 1255/118/75
f 1561/154/122 1255/118/75 966/117/96
f 1561/154/122 966/117/96 972/149/119
f 801/155/70 915/140/98 720/156/123
f 874/157/124 905/158/109 801/155/70
f 2771/151/120 2632/150/83 2835/159/125
f 2836/160/126 2634/161/83 2778/162/108
f 545/119/97 1967/127/103 420/163/127
f 784/94/78 906/134/109 476/148/118
f 2118/164/128 2151/126/102 2582/153/121
f 2582/153/121 2484/165/129 2118/164/128
f 2484/165/129 2582/153/121 2771/151/120
f 971/139/113 420/163/127 915/140/98
f 971/139/113 545/119/97 420/163/127
f 2118/164/128 1967/127/103 2151/126/102
f 627/166/130 476/148/118 906/134/109
f 801/155/70 720/156/123 874/157/124
f 2534/167/131 2755/138/76 2354/137/112
f 420/163/127 720/156/123 915/140/98
f 255/142/114 2354/137/112 2036/143/92
f 2744/168/132 2755/138/76 2534/167/131
f 2743/169/132 2778/162/108 2754/170/76
f 2914/171/133 2771/151/120 2835/159/125
f 626/172/130 905/158/109 874/157/124
f 1967/127/103 2118/164/128 420/163/127
f 30/173/134 2354/137/112 255/142/114
f 30/173/134 2534/167/131 2354/137/112
f 2836/160/126 2778/162/108 3014/174/135
f 874/157/124 720/156/123 574/175/136
f 574/175/136 420/163/127 2118/164/128
f 2778/162/108 2743/169/132 3014/174/135
f 574/175/136 720/156/123 420/163/127
f 2484/165/129 2416/176/137 2118/164/128
f 3014/174/135 2915/177/133 2836/160/126
f 297/178/138 255/142/114 477/179/139
f 2669/180/140 2484/165/129 2771/151/120
f 628/181/130 297/178/138 477/179/139
f 255/142/114 297/178/138 30/173/134
f 2534/167/131 30/173/134 2507/182/141
f 2507/182/141 2964/183/142 2534/167/131
f 2743/169/132 3236/184/143 3014/174/135
f 2118/164/128 2416/176/137 160/185/144
f 2484/165/129 2669/180/140 2416/176/137
f 574/175/136 311/186/145 874/157/124
f 311/186/145 662/187/146 874/157/124
f 2669/180/140 2771/151/120 2914/171/133
f 2534/167/131 2964/183/142 2744/168/132
f 2507/182/141 30/173/134 89/188/147
f 3014/174/135 3236/184/143 3090/189/148
f 605/190/149 626/172/130 874/157/124
f 2958/191/150 2915/177/133 3014/174/135
f 605/190/149 874/157/124 662/187/146
f 574/175/136 2118/164/128 160/185/144
f 3014/174/135 3090/189/148 2958/191/150
f 89/188/147 1971/192/151 2507/182/141
f 2964/183/142 2507/182/141 2931/193/152
f 574/175/136 160/185/144 311/186/145
f 3316/194/153 2743/169/132 2963/195/154
f 352/196/155 30/173/134 297/178/138
f 387/197/156 605/190/149 662/187/146
f 2304/198/157 160/185/144 2416/176/137
f 1971/192/151 2555/199/158 2507/182/141
f 2555/199/158 2931/193/152 2507/182/141
f 352/196/155 227/200/159 30/173/134
f 2958/191/150 2670/201/160 2915/177/133
f 3236/184/143 2743/169/132 3316/194/153
f 2416/176/137 2669/180/140 2304/198/157
f 3316/194/153 2963/195/154 3412/202/161
f 297/178/138 628/181/130 215/203/162
f 2325/204/163 2555/199/158 1971/192/151
f 2325/204/163 2916/205/164 2555/199/158
f 93/206/165 606/207/149 388/208/156
f 628/181/130 606/207/149 93/206/165
f 311/186/145 387/197/156 662/187/146
f 2555/199/158 2916/205/164 2931/193/152
f 2958/191/150 3090/189/148 3062/209/166
f 2608/210/167 2305/211/168 2670/201/160
f 2670/201/160 2958/191/150 2608/210/167
f 215/203/162 352/196/155 297/178/138
f 93/206/165 215/203/162 628/181/130
f 227/200/159 89/188/147 30/173/134
f 2304/198/157 311/186/145 160/185/144
f 2557/212/169 2916/205/164 2325/204/163
f 3412/202/161 2963/195/154 2930/213/152
f 3062/209/166 3090/189/148 3229/214/170
f 1971/192/151 42/215/171 2325/204/163
f 42/215/171 1971/192/151 89/188/147
f 3077/216/172 2931/193/152 2916/205/164
f 3236/184/143 3229/214/170 3090/189/148
f 2325/204/163 42/215/171 2070/217/173
f 388/208/156 1929/218/174 93/206/165
f 311/186/145 1928/219/174 387/197/156
f 2958/191/150 2928/220/175 2608/210/167
f 3236/184/143 3316/194/153 3349/221/176
f 2916/205/164 2723/222/177 3077/216/172
f 3076/223/178 3412/202/161 2930/213/152
f 2557/212/169 2325/204/163 2046/224/179
f 2557/212/169 2723/222/177 2916/205/164
f 2928/220/175 2958/191/150 3062/209/166
f 227/200/159 235/225/180 89/188/147
f 2070/217/173 96/226/181 2325/204/163
f 352/196/155 215/203/162 227/200/159
f 311/186/145 2304/198/157 1928/219/174
f 1929/218/174 2305/211/168 2608/210/167
f 3229/214/170 3236/184/143 3349/221/176
f 3349/221/176 3316/194/153 3412/202/161
f 235/225/180 42/215/171 89/188/147
f 215/203/162 93/206/165 1844/227/182
f 2186/228/183 2846/229/184 3181/230/185
f 120/231/186 96/226/181 2070/217/173
f 2186/228/183 3181/230/185 2723/222/177
f 3254/232/187 3077/216/172 2723/222/177
f 2046/224/179 2325/204/163 96/226/181
f 2046/224/179 54/233/188 2186/228/183
f 2046/224/179 2723/222/177 2557/212/169
f 2046/224/179 2186/228/183 2723/222/177
f 215/203/162 235/225/180 227/200/159
f 3062/209/166 3229/214/170 2928/220/175
f 3076/223/178 3253/234/189 3385/235/190
f 3465/236/191 3349/221/176 3412/202/161
f 93/206/165 1929/218/174 2254/237/192
f 3412/202/161 3076/223/178 3385/235/190
f 3229/214/170 3349/221/176 3159/238/193
f 2608/210/167 2254/237/192 1929/218/174
f 2608/210/167 2928/220/175 2664/239/194
f 3159/238/193 2928/220/175 3229/214/170
f 54/233/188 1900/240/195 2186/228/183
f 2186/228/183 2580/241/196 2846/229/184
f 54/233/188 2046/224/179 45/242/197
f 2211/243/198 2070/217/173 42/215/171
f 235/225/180 1870/244/199 42/215/171
f 2129/245/200 120/231/186 2070/217/173
f 96/226/181 44/246/201 2046/224/179
f 2608/210/167 2664/239/194 2254/237/192
f 3181/230/185 3254/232/187 2723/222/177
f 3092/247/202 3181/230/185 2846/229/184
f 2928/220/175 3159/238/193 2664/239/194
f 2846/229/184 2580/241/196 3092/247/202
f 2186/228/183 1900/240/195 2580/241/196
f 2825/248/203 3092/247/202 2580/241/196
f 1844/227/182 93/206/165 2059/249/204
f 2254/237/192 2059/249/204 93/206/165
f 2129/245/200 2070/217/173 2211/243/198
f 2825/248/203 3278/250/205 3092/247/202
f 3254/232/187 3181/230/185 3278/250/205
f 3335/251/206 3159/238/193 3349/221/176
f 215/203/162 1870/244/199 235/225/180
f 2145/252/207 2254/237/192 2664/239/194
f 3181/230/185 3092/247/202 3278/250/205
f 3335/251/206 3349/221/176 3465/236/191
f 1844/227/182 2145/252/207 215/203/162
f 2145/252/207 1844/227/182 2059/249/204
f 2580/241/196 1900/240/195 2825/248/203
f 1900/240/195 54/233/188 214/253/208
f 2059/249/204 2254/237/192 2145/252/207
f 225/254/209 44/246/201 96/226/181
f 215/203/162 2145/252/207 1940/255/210
f 44/246/201 45/242/197 2046/224/179
f 2664/239/194 3159/238/193 2867/256/211
f 3385/235/190 3253/234/189 3389/257/212
f 3465/236/191 3412/202/161 3385/235/190
f 96/226/181 191/258/213 225/254/209
f 191/258/213 96/226/181 120/231/186
f 236/259/214 45/242/197 44/246/201
f 2211/243/198 42/215/171 1870/244/199
f 3261/260/215 3278/250/205 2825/248/203
f 2129/245/200 82/261/216 120/231/186
f 45/242/197 114/262/217 54/233/188
f 54/233/188 114/262/217 214/253/208
f 45/242/197 236/259/214 114/262/217
f 1992/263/218 2825/248/203 1900/240/195
f 2825/248/203 2772/264/219 3261/260/215
f 3254/232/187 3278/250/205 3241/265/220
f 120/231/186 225/254/209 191/258/213
f 1940/255/210 1870/244/199 215/203/162
f 1992/263/218 2772/264/219 2825/248/203
f 3389/257/212 3253/234/189 3378/266/221
f 3253/234/189 3239/267/222 3378/266/221
f 214/253/208 1992/263/218 1900/240/195
f 236/259/214 44/246/201 134/268/223
f 1940/255/210 2402/269/224 1870/244/199
f 1940/255/210 2145/252/207 2588/270/225
f 2145/252/207 2664/239/194 2867/256/211
f 3393/271/226 3335/251/206 3465/236/191
f 2863/272/227 2867/256/211 3159/238/193
f 2772/264/219 3113/273/228 3261/260/215
f 3159/238/193 3335/251/206 2863/272/227
f 3465/236/191 3385/235/190 3394/274/229
f 88/275/230 214/253/208 114/262/217
f 2295/276/231 2897/277/232 2772/264/219
f 2867/256/211 2588/270/225 2145/252/207
f 1992/263/218 2295/276/231 2772/264/219
f 2772/264/219 2897/277/232 3113/273/228
f 88/275/230 147/278/233 214/253/208
f 1992/263/218 24/279/234 2295/276/231
f 44/246/201 225/254/209 134/268/223
f 214/253/208 24/279/234 1992/263/218
f 2402/269/224 1940/255/210 2588/270/225
f 3195/280/235 3278/250/205 3261/260/215
f 3241/265/220 3278/250/205 3195/280/235
f 82/261/216 225/254/209 120/231/186
f 2588/270/225 2867/256/211 2863/272/227
f 3261/260/215 3113/273/228 3224/281/236
f 2129/245/200 2211/243/198 2224/282/237
f 2588/270/225 2863/272/227 2402/269/224
f 820/283/238 1552/284/239 941/285/240
f 2129/245/200 2224/282/237 82/261/216
f 2727/286/241 2896/287/232 2294/288/231
f 2896/287/232 3223/289/242 3112/290/228
f 114/262/217 236/259/214 88/275/230
f 236/259/214 134/268/223 88/275/230
f 2211/243/198 1870/244/199 2402/269/224
f 3393/271/226 2766/291/243 3335/251/206
f 2863/272/227 3335/251/206 2766/291/243
f 3393/271/226 3465/236/191 3252/292/244
f 3385/235/190 3389/257/212 3394/274/229
f 1572/293/245 941/285/240 1552/284/239
f 940/294/240 423/295/246 819/296/247
f 3223/289/242 2896/287/232 2727/286/241
f 941/285/240 1572/293/245 825/297/248
f 214/253/208 62/298/249 24/279/234
f 23/299/234 60/300/250 2294/288/231
f 2224/282/237 2211/243/198 2402/269/224
f 3168/301/251 3194/302/252 3260/303/253
f 1790/304/254 1572/293/245 1552/284/239
f 39/305/255 225/254/209 82/261/216
f 3168/301/251 3260/303/253 3223/289/242
f 146/306/233 61/307/250 213/308/208
f 82/261/216 1901/309/256 39/305/255
f 87/310/230 176/311/257 146/306/233
f 60/300/250 2727/286/241 2294/288/231
f 2994/312/258 2766/291/243 3393/271/226
f 3241/265/220 3195/280/235 3169/313/251
f 825/297/248 1572/293/245 1191/314/259
f 940/294/240 195/315/260 423/295/246
f 283/316/261 88/275/230 134/268/223
f 3465/236/191 3394/274/229 3252/292/244
f 1191/314/259 1572/293/245 1759/317/262
f 1552/284/239 820/283/238 1564/318/263
f 1901/309/256 82/261/216 2224/282/237
f 940/294/240 824/319/248 195/315/260
f 1901/309/256 2224/282/237 2262/320/264
f 2944/321/265 3223/289/242 2727/286/241
f 3378/266/221 3239/267/222 3336/322/266
f 3424/323/267 3389/257/212 3378/266/221
f 61/307/250 1997/324/268 2728/325/269
f 1790/304/254 1759/317/262 1572/293/245
f 283/316/261 134/268/223 225/254/209
f 824/319/248 1190/326/259 631/327/270
f 39/305/255 283/316/261 225/254/209
f 2224/282/237 2402/269/224 2262/320/264
f 2402/269/224 2766/291/243 2262/320/264
f 1997/324/268 2336/328/271 2728/325/269
f 2402/269/224 2863/272/227 2766/291/243
f 3393/271/226 3252/292/244 2994/312/258
f 61/307/250 146/306/233 1997/324/268
f 2872/329/272 2944/321/265 2727/286/241
f 3168/301/251 3223/289/242 2944/321/265
f 2299/330/273 424/331/274 197/332/275
f 1825/333/276 1997/324/268 146/306/233
f 2262/320/264 2343/334/277 1901/309/256
f 3372/335/278 3336/322/266 3239/267/222
f 3240/336/279 3168/301/251 3373/337/278
f 3394/274/229 3389/257/212 3424/323/267
f 824/319/248 631/327/270 195/315/260
f 1825/333/276 146/306/233 176/311/257
f 1825/333/276 176/311/257 87/310/230
f 2299/330/273 1823/338/280 424/331/274
f 1822/339/281 1790/304/254 1552/284/239
f 2343/334/277 2262/320/264 2766/291/243
f 2944/321/265 2872/329/272 3168/301/251
f 3424/323/267 3378/266/221 3336/322/266
f 2501/340/282 39/305/255 1901/309/256
f 3134/341/283 3252/292/244 3394/274/229
f 88/275/230 283/316/261 302/342/284
f 87/310/230 301/343/284 1825/333/276
f 1825/333/276 2336/328/271 1997/324/268
f 2343/334/277 2501/340/282 1901/309/256
f 1564/318/263 1822/339/281 1552/284/239
f 696/344/285 631/327/270 1190/326/259
f 2728/325/269 2336/328/271 2392/345/286
f 3168/301/251 2872/329/272 3277/346/287
f 2343/334/277 2766/291/243 2994/312/258
f 196/347/260 2483/348/288 2298/349/289
f 3394/274/229 3424/323/267 3364/350/290
f 1790/304/254 1813/351/291 1759/317/262
f 216/352/292 302/342/284 283/316/261
f 301/343/284 284/353/293 1825/333/276
f 283/316/261 39/305/255 216/352/292
f 2179/354/294 195/315/260 631/327/270
f 1825/333/276 95/355/295 2336/328/271
f 2501/340/282 2709/356/296 39/305/255
f 2179/354/294 631/327/270 371/357/297
f 196/347/260 2342/358/298 2483/348/288
f 3373/337/278 3168/301/251 3277/346/287
f 371/357/297 631/327/270 696/344/285
f 2090/359/299 216/352/292 39/305/255
f 2392/345/286 2336/328/271 95/355/295
f 2727/286/241 2391/360/300 2872/329/272
f 1822/339/281 1813/351/291 1790/304/254
f 371/357/297 1864/361/301 2179/354/294
f 302/342/284 216/352/292 285/362/302
f 2179/354/294 2341/363/298 195/315/260
f 1823/338/280 820/283/238 424/331/274
f 2709/356/296 2090/359/299 39/305/255
f 2391/360/300 3048/364/303 2872/329/272
f 696/344/285 543/365/304 371/357/297
f 361/366/305 1825/333/276 284/353/293
f 3424/323/267 3336/322/266 3457/367/306
f 3458/368/306 3337/369/266 3373/337/278
f 1792/370/307 1822/339/281 1564/318/263
f 216/352/292 336/371/308 285/362/302
f 599/372/309 115/373/310 2291/374/311
f 95/355/295 1825/333/276 241/375/312
f 1946/376/313 2291/374/311 2456/377/314
f 2179/354/294 2719/378/315 2341/363/298
f 2342/358/298 2720/379/316 2909/380/317
f 3134/341/283 2994/312/258 3252/292/244
f 3287/381/318 3394/274/229 3364/350/290
f 599/372/309 688/382/319 115/373/310
f 1825/333/276 361/366/305 241/375/312
f 1946/376/313 599/372/309 2291/374/311
f 1864/361/301 2144/383/320 2179/354/294
f 1946/376/313 2456/377/314 2428/384/321
f 2144/383/320 2719/378/315 2179/354/294
f 2391/360/300 2436/385/322 3048/364/303
f 3373/337/278 3277/346/287 3366/386/323
f 1086/387/324 696/344/285 1190/326/259
f 829/388/325 696/344/285 1086/387/324
f 575/389/326 543/365/304 696/344/285
f 334/390/308 361/366/305 284/353/293
f 1946/376/313 1051/391/327 599/372/309
f 1836/392/328 1946/376/313 2428/384/321
f 2291/374/311 2150/393/329 2403/394/330
f 2291/374/311 2403/394/330 2456/377/314
f 2144/383/320 2486/395/331 2719/378/315
f 2094/396/332 2334/397/333 2768/398/334
f 2501/340/282 2343/334/277 2994/312/258
f 2872/329/272 3048/364/303 3277/346/287
f 1758/399/262 1086/387/324 1190/326/259
f 543/365/304 575/389/326 371/357/297
f 2090/359/299 1833/400/335 216/352/292
f 2079/401/336 2081/402/337 2150/393/329
f 2081/402/337 2082/403/338 2150/393/329
f 2082/403/338 2403/394/330 2150/393/329
f 2392/345/286 95/355/295 2437/404/322
f 77/405/339 2359/406/340 2403/394/330
f 3188/407/341 2483/348/288 2342/358/298
f 2334/397/333 3281/408/342 2768/398/334
f 2909/380/317 3188/407/341 2342/358/298
f 3134/341/283 3394/274/229 3287/381/318
f 599/372/309 1051/391/327 870/409/343
f 1864/361/301 371/357/297 278/410/344
f 115/373/310 2150/393/329 2291/374/311
f 115/373/310 1939/411/345 2150/393/329
f 2081/402/337 2079/401/336 1939/411/345
f 2081/402/337 1939/411/345 2082/403/338
f 77/405/339 2403/394/330 2082/403/338
f 2079/401/336 2150/393/329 1939/411/345
f 2530/412/346 2456/377/314 2403/394/330
f 2298/349/289 2483/348/288 2648/413/347
f 599/372/309 870/409/343 688/382/319
f 674/414/348 115/373/310 688/382/319
f 115/373/310 674/414/348 77/405/339
f 1946/376/313 1836/392/328 1051/391/327
f 115/373/310 77/405/339 1939/411/345
f 1939/411/345 77/405/339 2082/403/338
f 2485/415/331 2143/416/349 2335/417/350
f 2866/418/351 3048/364/303 2436/385/322
f 3364/350/290 3424/323/267 3457/367/306
f 2090/359/299 2511/419/352 1833/400/335
f 2403/394/330 2359/406/340 2418/420/353
f 2530/412/346 2403/394/330 2418/420/353
f 2428/384/321 2456/377/314 2530/412/346
f 2483/348/288 3191/421/354 2648/413/347
f 2648/413/347 3191/421/354 3144/422/355
f 3458/368/306 3373/337/278 3438/423/356
f 3438/423/356 3373/337/278 3366/386/323
f 1019/424/357 1051/391/327 1836/392/328
f 361/366/305 450/425/358 241/375/312
f 2299/330/273 56/426/359 1823/338/280
f 2483/348/288 3188/407/341 3191/421/354
f 1157/427/360 870/409/343 1051/391/327
f 371/357/297 575/389/326 406/428/361
f 2144/383/320 1864/361/301 2006/429/362
f 2768/398/334 3281/408/342 3234/430/363
f 1231/431/364 674/414/348 688/382/319
f 829/388/325 575/389/326 696/344/285
f 1018/432/357 1835/433/365 770/434/366
f 524/435/367 95/355/295 241/375/312
f 2437/404/322 95/355/295 2127/436/368
f 155/437/369 1834/438/370 2427/439/371
f 155/437/369 2427/439/371 2480/440/372
f 2709/356/296 2511/419/352 2090/359/299
f 2094/396/332 2768/398/334 2439/441/373
f 3281/408/342 2334/397/333 2642/442/374
f 2485/415/331 2861/443/375 2718/444/376
f 2501/340/282 2994/312/258 2709/356/296
f 2909/380/317 2720/379/316 3037/445/377
f 3287/381/318 3364/350/290 3457/367/306
f 1813/351/291 1822/339/281 1792/370/307
f 870/409/343 1231/431/364 688/382/319
f 1053/446/378 77/405/339 674/414/348
f 278/410/344 1875/447/379 1864/361/301
f 2359/406/340 77/405/339 1944/448/380
f 2335/417/350 2185/449/381 2485/415/331
f 2485/415/331 2185/449/381 2585/450/382
f 2718/444/376 2861/443/375 3036/451/377
f 3477/452/383 3366/386/323 3277/346/287
f 1086/387/324 1758/399/262 1812/453/384
f 1157/427/360 1231/431/364 870/409/343
f 184/454/385 361/366/305 334/390/308
f 406/428/361 278/410/344 371/357/297
f 1833/400/335 336/371/308 216/352/292
f 2126/455/386 2613/456/387 2435/457/388
f 1944/448/380 2418/420/353 2359/406/340
f 2439/441/373 2768/398/334 2823/458/389
f 2435/457/388 2613/456/387 2865/459/351
f 3191/421/354 3460/460/390 3144/422/355
f 3277/346/287 3048/364/303 3320/461/391
f 1231/431/364 1053/446/378 674/414/348
f 450/425/358 524/435/367 241/375/312
f 155/437/369 769/462/366 1834/438/370
f 95/355/295 317/463/392 2127/436/368
f 2185/449/381 2264/464/393 2585/450/382
f 2334/397/333 1935/465/394 2642/442/374
f 2530/412/346 2573/466/395 2428/384/321
f 2363/467/396 2500/468/397 2693/469/398
f 2693/469/398 2500/468/397 2498/470/399
f 2485/415/331 2585/450/382 2861/443/375
f 1575/471/400 1564/318/263 820/283/238
f 1050/472/401 1018/432/357 1149/473/402
f 406/428/361 575/389/326 480/474/403
f 2143/416/349 2005/475/404 1873/476/379
f 2143/416/349 1873/476/379 1994/477/405
f 2335/417/350 2143/416/349 1994/477/405
f 2500/468/397 2154/478/406 2498/470/399
f 2153/479/406 2556/480/407 2497/481/399
f 2439/441/373 2823/458/389 2315/482/408
f 2693/469/398 3013/483/409 2965/484/410
f 2965/484/410 3281/408/342 2642/442/374
f 3234/430/363 3176/485/411 2768/398/334
f 2768/398/334 3176/485/411 2823/458/389
f 3235/486/412 3134/341/283 3287/381/318
f 3438/423/356 3366/386/323 3479/487/413
f 1149/473/402 1156/488/360 1050/472/401
f 1231/431/364 1246/489/414 1053/446/378
f 742/490/415 77/405/339 1053/446/378
f 317/463/392 396/491/416 2127/436/368
f 742/490/415 1944/448/380 77/405/339
f 1864/361/301 1875/447/379 2006/429/362
f 293/492/417 2154/478/406 2500/468/397
f 2255/493/418 2418/420/353 1944/448/380
f 2480/440/372 2427/439/371 2572/494/395
f 2363/467/396 2693/469/398 2965/484/410
f 2693/469/398 2498/470/399 3013/483/409
f 3048/364/303 2866/418/351 3320/461/391
f 3134/341/283 3235/486/412 3301/495/419
f 1156/488/360 1223/496/420 1230/497/421
f 829/388/325 1086/387/324 934/498/422
f 668/499/423 575/389/326 829/388/325
f 524/435/367 539/500/424 317/463/392
f 95/355/295 524/435/367 317/463/392
f 1994/477/405 2013/501/425 2335/417/350
f 2185/449/381 2335/417/350 2013/501/425
f 1921/502/426 2556/480/407 2153/479/406
f 2255/493/418 2446/503/427 2418/420/353
f 2363/467/396 2965/484/410 2642/442/374
f 2911/504/428 3013/483/409 2498/470/399
f 2865/459/351 2613/456/387 3065/505/429
f 2994/312/258 3134/341/283 2709/356/296
f 2865/459/351 3065/505/429 3319/506/430
f 3288/507/318 3459/508/306 3302/509/419
f 699/510/431 396/491/416 317/463/392
f 184/454/385 450/425/358 361/366/305
f 1894/511/432 2255/493/418 1944/448/380
f 2823/458/389 2855/512/433 2315/482/408
f 2705/513/434 2585/450/382 2264/464/393
f 2497/481/399 2556/480/407 2910/514/428
f 2861/443/375 2585/450/382 2705/513/434
f 3066/515/435 3339/516/436 3320/461/391
f 3196/517/437 2909/380/317 3037/445/377
f 3188/407/341 2909/380/317 3489/518/438
f 1575/471/400 1792/370/307 1564/318/263
f 1156/488/360 1149/473/402 1223/496/420
f 1018/432/357 1044/519/439 1149/473/402
f 1018/432/357 770/434/366 954/520/440
f 934/498/422 668/499/423 829/388/325
f 699/510/431 317/463/392 539/500/424
f 1832/521/335 185/522/441 335/523/308
f 158/524/442 2127/436/368 396/491/416
f 1921/502/426 2142/525/443 2556/480/407
f 2529/526/444 2613/456/387 2126/455/386
f 2363/467/396 2642/442/374 1935/465/394
f 2314/527/408 2854/528/433 2292/529/445
f 2911/504/428 3190/530/446 3013/483/409
f 3300/531/447 3281/408/342 2965/484/410
f 3459/508/306 3439/532/356 3324/533/448
f 450/425/358 573/534/449 524/435/367
f 2363/467/396 1898/535/450 2500/468/397
f 2315/482/408 2094/396/332 2439/441/373
f 2823/458/389 3176/485/411 2855/512/433
f 3020/536/451 3135/537/283 3302/509/419
f 3301/495/419 3235/486/412 3287/381/318
f 3477/452/383 3277/346/287 3320/461/391
f 3479/487/413 3366/386/323 3477/452/383
f 575/389/326 664/538/452 480/474/403
f 598/539/453 396/491/416 699/510/431
f 355/540/454 155/437/369 2230/541/455
f 2334/397/333 2094/396/332 1935/465/394
f 2130/542/456 1898/535/450 2363/467/396
f 2511/419/352 2237/543/457 1833/400/335
f 2130/542/456 2363/467/396 1935/465/394
f 2083/544/458 2253/545/459 2265/546/393
f 2292/529/445 2854/528/433 2458/547/460
f 2709/356/296 3134/341/283 3019/548/451
f 2965/484/410 3013/483/409 3300/531/447
f 664/538/452 575/389/326 668/499/423
f 396/491/416 598/539/453 158/524/442
f 450/425/358 184/454/385 313/549/461
f 1894/511/432 1944/448/380 1947/550/462
f 1962/551/463 2185/449/381 2013/501/425
f 2188/552/464 55/553/465 2298/349/289
f 2605/554/466 355/540/454 2230/541/455
f 2530/412/346 2418/420/353 2519/555/467
f 2288/556/468 2705/513/434 2264/464/393
f 2458/547/460 2854/528/433 3106/557/469
f 2861/443/375 2959/558/470 3036/451/377
f 3176/485/411 3107/559/469 2855/512/433
f 3459/508/306 3324/533/448 3302/509/419
f 3234/430/363 3281/408/342 3453/560/471
f 3460/460/390 3584/561/472 3144/422/355
f 1575/471/400 820/283/238 1392/562/473
f 1223/496/420 1245/563/474 1230/497/421
f 1898/535/450 293/492/417 2500/468/397
f 2142/525/443 2787/564/475 2556/480/407
f 3065/505/429 2613/456/387 2529/526/444
f 2959/558/470 2861/443/375 2705/513/434
f 3106/557/469 2959/558/470 2458/547/460
f 2909/380/317 3196/517/437 3489/518/438
f 1044/519/439 1171/565/476 1149/473/402
f 1071/566/477 729/567/478 742/490/415
f 954/520/440 770/434/366 156/568/369
f 180/569/479 314/570/461 185/522/441
f 271/571/480 1944/448/380 742/490/415
f 526/572/481 2176/573/482 2215/574/483
f 2230/541/455 155/437/369 2480/440/372
f 2288/556/468 2264/464/393 2252/575/459
f 2142/525/443 2349/576/484 2740/577/485
f 2573/466/395 2530/412/346 2519/555/467
f 2458/547/460 2959/558/470 2705/513/434
f 2556/480/407 2787/564/475 2910/514/428
f 3013/483/409 3190/530/446 3300/531/447
f 3339/516/436 3477/452/383 3320/461/391
f 1053/446/378 1071/566/477 742/490/415
f 524/435/367 573/534/449 686/578/486
f 686/578/486 539/500/424 524/435/367
f 573/534/449 450/425/358 313/549/461
f 553/579/487 2176/573/482 526/572/481
f 526/572/481 2215/574/483 139/580/488
f 1921/502/426 2153/479/406 291/581/489
f 1832/521/335 2236/582/490 185/522/441
f 2020/583/491 1898/535/450 2130/542/456
f 2027/584/492 2022/585/493 2130/542/456
f 2022/585/493 2020/583/491 2130/542/456
f 1935/465/394 1926/586/494 2130/542/456
f 2290/587/495 2255/493/418 1894/511/432
f 2176/573/482 2628/588/496 2215/574/483
f 2290/587/495 2446/503/427 2255/493/418
f 2142/525/443 2740/577/485 2787/564/475
f 3453/560/471 3468/589/497 3234/430/363
f 1044/519/439 1018/432/357 954/520/440
f 884/590/498 553/579/487 907/591/499
f 526/572/481 907/591/499 553/579/487
f 139/580/488 620/592/500 526/572/481
f 313/549/461 678/593/501 776/594/502
f 292/595/417 291/581/489 2153/479/406
f 271/571/480 1947/550/462 1944/448/380
f 1930/596/503 1898/535/450 2020/583/491
f 2022/585/493 2027/584/492 1930/596/503
f 2020/583/491 2022/585/493 1930/596/503
f 1926/586/494 1930/596/503 2130/542/456
f 2027/584/492 2130/542/456 1930/596/503
f 1963/597/504 2083/544/458 2265/546/393
f 2253/545/459 2083/544/458 2181/598/505
f 2458/547/460 2705/513/434 2288/556/468
f 2647/599/347 3143/600/355 3173/601/506
f 3037/445/377 3382/602/507 3196/517/437
f 3302/509/419 3324/533/448 3174/603/508
f 1053/446/378 1246/489/414 1041/604/509
f 953/605/440 155/437/369 355/540/454
f 918/606/510 218/607/511 569/608/512
f 313/549/461 776/594/502 519/609/513
f 313/549/461 519/609/513 573/534/449
f 569/608/512 218/607/511 405/610/514
f 709/611/515 356/612/516 1827/613/517
f 1962/551/463 2264/464/393 2185/449/381
f 2188/552/464 2298/349/289 2648/413/347
f 2628/588/496 2673/614/518 2215/574/483
f 2480/440/372 2605/554/466 2230/541/455
f 2910/514/428 2787/564/475 3189/615/519
f 3176/485/411 3234/430/363 3468/589/497
f 884/590/498 714/616/520 553/579/487
f 573/534/449 519/609/513 686/578/486
f 553/579/487 395/617/521 2176/573/482
f 679/618/522 314/570/461 180/569/479
f 56/426/359 428/619/523 1823/338/280
f 218/607/511 269/620/524 16/621/525
f 294/622/417 1899/623/526 181/624/527
f 2125/625/528 80/626/529 1827/613/517
f 394/627/530 80/626/529 2521/628/531
f 2142/525/443 16/621/525 2349/576/484
f 80/626/529 2552/629/532 2521/628/531
f 80/626/529 2125/625/528 2552/629/532
f 2252/575/459 2458/547/460 2288/556/468
f 2519/555/467 2418/420/353 2446/503/427
f 2573/466/395 2519/555/467 2559/630/533
f 3173/601/506 3143/600/355 3583/631/534
f 3324/533/448 3439/532/356 3480/632/413
f 3479/487/413 3477/452/383 3528/633/535
f 1791/634/307 1282/635/536 1812/453/384
f 1245/563/474 1223/496/420 1176/636/537
f 709/611/515 826/637/538 356/612/516
f 158/524/442 598/539/453 193/638/539
f 571/639/540 1827/613/517 80/626/529
f 1931/640/541 142/641/542 1899/623/526
f 2176/573/482 2231/642/543 2628/588/496
f 3302/509/419 3174/603/508 3020/536/451
f 3191/421/354 3188/407/341 3489/518/438
f 3528/633/535 3477/452/383 3339/516/436
f 1374/643/544 1812/453/384 1282/635/536
f 1177/644/545 1149/473/402 1171/565/476
f 1071/566/477 1053/446/378 1041/604/509
f 356/612/516 826/637/538 1196/645/546
f 776/594/502 917/646/547 519/609/513
f 918/606/510 689/647/548 218/607/511
f 269/620/524 218/607/511 689/647/548
f 497/648/549 395/617/521 553/579/487
f 569/608/512 405/610/514 780/649/550
f 783/650/551 271/571/480 742/490/415
f 406/428/361 399/651/552 278/410/344
f 2142/525/443 1921/502/426 280/652/553
f 2176/573/482 395/617/521 2231/642/543
f 1892/653/554 1936/654/394 2095/655/555
f 185/522/441 2236/582/490 180/569/479
f 2290/587/495 1894/511/432 1947/550/462
f 2181/598/505 2293/656/556 2459/657/557
f 2510/658/558 2522/659/559 2236/582/490
f 2511/419/352 2709/356/296 2523/660/559
f 2559/630/533 2519/555/467 2482/661/560
f 2480/440/372 2788/662/561 2605/554/466
f 2349/576/484 2884/663/562 2740/577/485
f 3382/602/507 3489/518/438 3196/517/437
f 3528/633/535 3339/516/436 3501/664/563
f 668/499/423 934/498/422 664/538/452
f 729/567/478 783/650/551 742/490/415
f 620/592/500 992/665/564 526/572/481
f 917/646/547 686/578/486 519/609/513
f 271/571/480 253/666/565 1852/667/566
f 618/668/567 138/669/568 1849/670/569
f 278/410/344 399/651/552 1875/447/379
f 269/620/524 394/627/530 16/621/525
f 2215/574/483 1850/671/569 139/580/488
f 271/571/480 2384/672/570 1947/550/462
f 2384/672/570 2290/587/495 1947/550/462
f 2432/673/571 2166/674/572 394/627/530
f 2529/526/444 2126/455/386 2074/675/573
f 2630/676/574 2349/576/484 16/621/525
f 2482/661/560 2519/555/467 2492/677/575
f 2573/466/395 2559/630/533 2481/678/372
f 2522/659/559 2708/679/296 3018/680/451
f 3036/451/377 2959/558/470 3214/681/576
f 3214/681/576 3380/682/577 3036/451/377
f 3281/408/342 3300/531/447 3396/683/578
f 1177/644/545 1223/496/420 1149/473/402
f 992/665/564 907/591/499 526/572/481
f 553/579/487 714/616/520 497/648/549
f 664/538/452 406/428/361 480/474/403
f 269/620/524 689/647/548 394/627/530
f 280/652/553 405/610/514 218/607/511
f 291/581/489 280/652/553 1921/502/426
f 2142/525/443 280/652/553 16/621/525
f 280/652/553 218/607/511 16/621/525
f 394/627/530 2166/674/572 16/621/525
f 679/618/522 180/569/479 2052/684/579
f 497/648/549 2231/642/543 395/617/521
f 497/648/549 1842/685/580 2231/642/543
f 2052/684/579 180/569/479 2236/582/490
f 1826/686/517 355/540/454 2605/554/466
f 2432/673/571 394/627/530 2521/628/531
f 2605/554/466 2546/687/581 1826/686/517
f 2384/672/570 2446/503/427 2290/587/495
f 2519/555/467 2446/503/427 2502/688/582
f 2886/689/583 2647/599/347 3173/601/506
f 1095/690/584 1044/519/439 954/520/440
f 729/567/478 1071/566/477 1041/604/509
f 80/626/529 394/627/530 571/639/540
f 467/691/585 677/692/522 2051/693/579
f 485/694/586 1849/670/569 2044/695/587
f 181/624/527 1899/623/526 142/641/542
f 1852/667/566 2384/672/570 271/571/480
f 2231/642/543 1842/685/580 2324/696/588
f 2052/684/579 2236/582/490 2522/659/559
f 2317/697/408 2293/656/556 2181/598/505
f 2370/698/589 2188/552/464 2648/413/347
f 2546/687/581 2605/554/466 2977/699/590
f 2231/642/543 2732/700/591 2628/588/496
f 2492/677/575 2519/555/467 2502/688/582
f 2521/628/531 2552/629/532 2765/701/592
f 2787/564/475 2884/663/562 3088/702/593
f 2787/564/475 2740/577/485 2884/663/562
f 3189/615/519 2787/564/475 3088/702/593
f 3106/557/469 3214/681/576 2959/558/470
f 3275/703/594 3107/559/469 3176/485/411
f 3480/632/413 3174/603/508 3324/533/448
f 3489/518/438 3589/704/595 3191/421/354
f 3589/704/595 3584/561/472 3460/460/390
f 1392/562/473 820/283/238 982/705/596
f 1044/519/439 1115/706/597 1171/565/476
f 780/649/550 974/707/598 569/608/512
f 783/650/551 695/708/599 271/571/480
f 689/647/548 571/639/540 394/627/530
f 694/709/599 252/710/565 270/711/600
f 571/639/540 709/611/515 1827/613/517
f 618/668/567 1849/670/569 485/694/586
f 1873/476/379 1865/712/601 1994/477/405
f 1849/670/569 2515/713/602 2044/695/587
f 16/621/525 2166/674/572 2630/676/574
f 2480/440/372 2558/714/533 2788/662/561
f 3377/715/603 3300/531/447 3190/530/446
f 3396/683/578 3453/560/471 3281/408/342
f 928/716/604 1812/453/384 1374/643/544
f 1095/690/584 1115/706/597 1044/519/439
f 1041/604/509 783/650/551 729/567/478
f 1194/717/546 953/605/440 355/540/454
f 686/578/486 984/718/605 539/500/424
f 714/616/520 579/719/606 497/648/549
f 497/648/549 579/719/606 1842/685/580
f 251/720/565 2216/721/607 1851/722/566
f 1927/723/494 142/641/542 1931/640/541
f 1994/477/405 1865/712/601 2013/501/425
f 1892/653/554 1843/724/608 1936/654/394
f 2074/675/573 2126/455/386 157/725/609
f 1850/671/569 2215/574/483 2517/726/610
f 1842/685/580 2051/693/579 2407/727/611
f 1842/685/580 2407/727/611 2324/696/588
f 2045/728/587 2518/729/602 2636/730/612
f 2253/545/459 2181/598/505 2459/657/557
f 2324/696/588 2707/731/613 2231/642/543
f 2675/732/614 2166/674/572 2432/673/571
f 2125/625/528 2657/733/615 2552/629/532
f 3377/715/603 3190/530/446 3089/734/593
f 1812/453/384 928/716/604 1086/387/324
f 678/593/501 1125/735/616 776/594/502
f 991/736/617 619/737/500 1189/738/618
f 763/739/619 699/510/431 539/500/424
f 977/740/620 618/668/567 485/694/586
f 1842/685/580 467/691/585 2051/693/579
f 1827/613/517 2547/741/581 2125/625/528
f 2407/727/611 2779/742/621 2324/696/588
f 2369/743/589 2647/599/347 2533/744/622
f 2502/688/582 2446/503/427 2414/745/623
f 2052/684/579 2522/659/559 2971/746/624
f 2051/693/579 2970/747/625 2407/727/611
f 2492/677/575 2502/688/582 2745/748/626
f 2349/576/484 2630/676/574 2884/663/562
f 3191/421/354 3589/704/595 3460/460/390
f 1176/636/537 1223/496/420 1177/644/545
f 1087/749/627 965/750/628 1009/751/629
f 974/707/598 1248/752/630 569/608/512
f 918/606/510 569/608/512 1248/752/630
f 965/750/628 1038/753/631 817/754/632
f 584/755/633 485/694/586 2044/695/587
f 1892/653/554 2095/655/555 36/756/634
f 36/756/634 2095/655/555 2316/757/408
f 2180/758/505 2148/759/635 2316/757/408
f 2675/732/614 2630/676/574 2166/674/572
f 2607/760/636 2559/630/533 2482/661/560
f 2971/746/624 2522/659/559 3018/680/451
f 2845/761/637 2673/614/518 2628/588/496
f 3058/762/638 3065/505/429 2529/526/444
f 3309/763/639 3174/603/508 3480/632/413
f 1086/387/324 928/716/604 934/498/422
f 907/591/499 1084/764/640 884/590/498
f 1123/765/641 917/646/547 776/594/502
f 879/766/642 818/767/643 1039/768/644
f 982/705/596 820/283/238 1823/338/280
f 579/719/606 467/691/585 1842/685/580
f 399/651/552 172/769/645 1875/447/379
f 1902/770/646 2013/501/425 1865/712/601
f 2446/503/427 2384/672/570 2414/745/623
f 2045/728/587 2636/730/612 2158/771/647
f 2231/642/543 2707/731/613 2732/700/591
f 2432/673/571 2521/628/531 2847/772/648
f 2628/588/496 2732/700/591 2895/773/649
f 2845/761/637 2628/588/496 2895/773/649
f 3275/703/594 3176/485/411 3298/774/650
f 3176/485/411 3468/589/497 3298/774/650
f 3396/683/578 3300/531/447 3377/715/603
f 3584/561/472 3589/704/595 3601/775/651
f 1282/635/536 1791/634/307 1574/776/652
f 1189/738/618 1249/777/653 991/736/617
f 1087/749/627 1038/753/631 965/750/628
f 1116/778/654 1009/751/629 965/750/628
f 783/650/551 1041/604/509 1098/779/655
f 1015/780/656 694/709/599 782/781/551
f 984/718/605 788/782/657 539/500/424
f 664/538/452 399/651/552 406/428/361
f 2044/695/587 2156/783/647 584/755/633
f 1872/784/379 170/785/658 2013/501/425
f 1874/786/379 2014/787/659 1903/788/646
f 2013/501/425 1987/789/660 1962/551/463
f 2383/790/661 1851/722/566 2216/721/607
f 2215/574/483 2673/614/518 2517/726/610
f 2125/625/528 2611/791/662 2657/733/615
f 2547/741/581 2611/791/662 2125/625/528
f 2745/748/626 2502/688/582 2786/792/663
f 2907/793/664 2732/700/591 2707/731/613
f 3020/536/451 3174/603/508 3309/763/639
f 1340/794/665 1009/751/629 1415/795/666
f 579/719/606 714/616/520 844/796/667
f 763/739/619 539/500/424 788/782/657
f 469/797/668 833/798/669 780/649/550
f 157/725/609 192/799/539 2074/675/573
f 2414/745/623 2384/672/570 2625/800/670
f 2765/701/592 2847/772/648 2521/628/531
f 2407/727/611 2970/747/625 2779/742/621
f 2972/801/625 3020/536/451 3309/763/639
f 1575/471/400 1392/562/473 982/705/596
f 992/665/564 1447/802/671 907/591/499
f 1026/803/672 1171/565/476 1115/706/597
f 1098/779/655 1041/604/509 1246/489/414
f 1229/804/673 686/578/486 917/646/547
f 686/578/486 1229/804/673 1103/805/674
f 884/590/498 1078/806/675 714/616/520
f 689/647/548 918/606/510 911/807/676
f 965/750/628 817/754/632 788/782/657
f 974/707/598 780/649/550 833/798/669
f 678/593/501 468/808/585 926/809/677
f 661/810/678 598/539/453 699/510/431
f 934/498/422 488/811/679 664/538/452
f 664/538/452 488/811/679 399/651/552
f 780/649/550 405/610/514 469/797/668
f 433/812/680 291/581/489 292/595/417
f 1903/788/646 1988/813/660 1874/786/379
f 170/785/658 1987/789/660 2013/501/425
f 36/756/634 2316/757/408 2148/759/635
f 2324/696/588 2779/742/621 2707/731/613
f 2657/733/615 2765/701/592 2552/629/532
f 3338/814/681 3065/505/429 3344/815/682
f 3339/516/436 3345/816/682 3501/664/563
f 1249/777/653 1446/817/683 991/736/617
f 1009/751/629 1340/794/665 1087/749/627
f 1103/805/674 984/718/605 686/578/486
f 1097/818/655 1014/819/656 781/820/551
f 488/811/679 934/498/422 928/716/604
f 925/821/677 467/691/585 844/796/667
f 844/796/667 467/691/585 579/719/606
f 694/709/599 368/822/684 252/710/565
f 367/823/685 584/755/633 2156/783/647
f 367/823/685 2156/783/647 251/720/565
f 251/720/565 2156/783/647 2216/721/607
f 36/756/634 1941/824/686 1892/653/554
f 1988/813/660 1866/825/687 1874/786/379
f 2414/745/623 2786/792/663 2502/688/582
f 2799/826/688 2973/827/689 2884/663/562
f 3483/828/690 3488/829/438 3381/830/691
f 1395/831/692 1009/751/629 1116/778/654
f 1320/832/693 1171/565/476 1026/803/672
f 1131/833/694 1177/644/545 1171/565/476
f 1131/833/694 1132/834/695 1177/644/545
f 1132/834/695 1176/636/537 1177/644/545
f 1221/835/696 1026/803/672 1115/706/597
f 1264/836/697 918/606/510 1248/752/630
f 1125/735/616 1123/765/641 776/594/502
f 689/647/548 911/807/676 571/639/540
f 2630/676/574 2675/732/614 2799/826/688
f 2607/760/636 2815/837/698 2559/630/533
f 2788/662/561 2977/699/590 2605/554/466
f 3173/601/506 3491/838/699 2886/689/583
f 3576/839/700 3528/633/535 3501/664/563
f 982/705/596 1283/840/701 1575/471/400
f 1415/795/666 1009/751/629 1395/831/692
f 1245/563/474 1176/636/537 1097/818/655
f 1090/841/702 1131/833/694 1171/565/476
f 1131/833/694 1090/841/702 1132/834/695
f 1090/841/702 1176/636/537 1132/834/695
f 907/591/499 1447/802/671 1084/764/640
f 979/842/620 1189/738/618 619/737/500
f 926/809/677 1125/735/616 678/593/501
f 714/616/520 1078/806/675 844/796/667
f 661/810/678 699/510/431 807/843/703
f 982/705/596 1823/338/280 428/619/523
f 585/844/704 368/822/684 305/845/705
f 194/846/706 305/845/705 368/822/684
f 434/847/680 294/622/417 181/624/527
f 305/845/705 194/846/706 2157/848/647
f 2157/848/647 2137/849/707 305/845/705
f 2216/721/607 2156/783/647 2208/850/708
f 2739/851/709 2657/733/615 2611/791/662
f 2492/677/575 2607/760/636 2482/661/560
f 2880/852/710 2815/837/698 2607/760/636
f 2907/793/664 2895/773/649 2732/700/591
f 3344/815/682 3065/505/429 3058/762/638
f 3152/853/711 3106/557/469 3274/854/594
f 3483/828/690 3381/830/691 3443/855/712
f 1116/778/654 965/750/628 1290/856/713
f 1137/857/714 844/796/667 1078/806/675
f 709/611/515 571/639/540 911/807/676
f 1065/858/715 484/859/716 583/860/704
f 413/861/717 585/844/704 305/845/705
f 433/812/680 469/797/668 291/581/489
f 469/797/668 280/652/553 291/581/489
f 286/862/718 413/861/717 305/845/705
f 2137/849/707 286/862/718 305/845/705
f 2606/863/719 2218/864/607 2210/865/708
f 2547/741/581 2739/851/709 2611/791/662
f 2844/866/720 3167/867/721 2672/868/722
f 3333/869/723 2972/801/625 3309/763/639
f 3214/681/576 3106/557/469 3152/853/711
f 3396/683/578 3377/715/603 3379/870/724
f 3514/871/725 3309/763/639 3480/632/413
f 3491/838/699 3173/601/506 3583/631/534
f 3514/871/725 3480/632/413 3529/872/535
f 3597/873/726 3488/829/438 3483/828/690
f 3488/829/438 3597/873/726 3588/874/595
f 1553/875/727 1446/817/683 1249/777/653
f 1422/876/728 1115/706/597 1095/690/584
f 1345/877/729 1171/565/476 1320/832/693
f 1097/818/655 1176/636/537 1090/841/702
f 598/539/453 661/810/678 193/638/539
f 469/797/668 405/610/514 280/652/553
f 287/878/718 2136/879/707 2183/880/730
f 194/846/706 287/878/718 2157/848/647
f 1843/724/608 1927/723/494 1936/654/394
f 1963/597/504 1989/881/660 2123/882/731
f 2083/544/458 2399/883/732 2181/598/505
f 2384/672/570 2715/884/733 2625/800/670
f 2884/663/562 2630/676/574 2799/826/688
f 2789/885/734 2559/630/533 2985/886/735
f 3214/681/576 3442/887/712 3380/682/577
f 1189/738/618 1609/888/736 1249/777/653
f 1090/841/702 1247/889/737 1097/818/655
f 918/606/510 1133/890/738 911/807/676
f 1222/891/739 879/766/642 1039/768/644
f 368/822/684 287/878/718 194/846/706
f 171/892/645 1866/825/687 1988/813/660
f 2400/893/740 2352/894/741 2182/895/505
f 2675/732/614 2432/673/571 2847/772/648
f 2972/801/625 3125/896/742 2780/897/621
f 3125/896/742 2972/801/625 3333/869/723
f 1249/777/653 1405/898/743 1553/875/727
f 1473/899/744 1038/753/631 1087/749/627
f 1422/876/728 1367/900/745 1115/706/597
f 1171/565/476 1345/877/729 1247/889/737
f 1247/889/737 1090/841/702 1171/565/476
f 918/606/510 1264/836/697 1133/890/738
f 484/859/716 1476/901/746 978/902/620
f 884/590/498 1084/764/640 1078/806/675
f 1283/840/701 149/903/747 1375/904/748
f 694/709/599 1015/780/656 1175/905/749
f 368/822/684 414/906/717 287/878/718
f 488/811/679 172/769/645 399/651/552
f 2157/848/647 287/878/718 2183/880/730
f 2157/848/647 2183/880/730 2209/907/708
f 2182/895/505 2352/894/741 2149/908/635
f 2612/909/750 2529/526/444 2074/675/573
f 2739/851/709 2547/741/581 2807/910/751
f 2860/911/752 2786/792/663 2414/745/623
f 2607/760/636 2492/677/575 2834/912/753
f 2559/630/533 2815/837/698 2985/886/735
f 3468/589/497 3453/560/471 3444/913/754
f 788/782/657 984/718/605 965/750/628
f 911/807/676 826/637/538 709/611/515
f 1283/840/701 322/914/755 149/903/747
f 583/860/704 412/915/717 808/916/756
f 1867/917/687 2123/882/731 1904/918/646
f 1941/824/686 2004/919/757 1892/653/554
f 1904/918/646 2123/882/731 1989/881/660
f 2606/863/719 2210/865/708 2184/920/758
f 2779/742/621 3204/921/759 2707/731/613
f 2907/793/664 2707/731/613 3184/922/760
f 1609/888/736 1405/898/743 1249/777/653
f 1087/749/627 1340/794/665 1544/923/761
f 1544/923/761 1473/899/744 1087/749/627
f 1448/924/762 1320/832/693 1026/803/672
f 1026/803/672 1221/835/696 1448/924/762
f 1248/752/630 974/707/598 1335/925/763
f 1332/926/764 1196/645/546 826/637/538
f 1476/901/746 484/859/716 1065/858/715
f 1332/926/764 826/637/538 911/807/676
f 1375/904/748 149/903/747 929/927/604
f 1065/858/715 583/860/704 808/916/756
f 1927/723/494 186/928/765 142/641/542
f 2004/919/757 1843/724/608 1892/653/554
f 2138/929/707 2158/771/647 2606/863/719
f 3214/681/576 3152/853/711 3145/930/766
f 1353/931/767 1189/738/618 979/842/620
f 1115/706/597 1367/900/745 1221/835/696
f 1383/932/768 917/646/547 1123/765/641
f 1383/932/768 1229/804/673 917/646/547
f 984/718/605 1103/805/674 1290/856/713
f 808/916/756 412/915/717 865/933/769
f 368/822/684 694/709/599 414/906/717
f 928/716/604 148/934/747 488/811/679
f 186/928/765 181/624/527 142/641/542
f 2083/544/458 1963/597/504 2123/882/731
f 2606/863/719 2184/920/758 2138/929/707
f 2218/864/607 2606/863/719 2864/935/770
f 2384/672/570 2217/936/771 2715/884/733
f 2533/744/622 2647/599/347 2886/689/583
f 2860/911/752 2414/745/623 2625/800/670
f 2606/863/719 2158/771/647 2636/730/612
f 2774/937/772 2636/730/612 2518/729/602
f 3243/938/773 2845/761/637 2895/773/649
f 3125/896/742 3205/939/759 2780/897/621
f 3444/913/754 3453/560/471 3396/683/578
f 3578/940/700 3502/941/563 3550/942/774
f 3597/873/726 3600/943/775 3588/874/595
f 1335/925/763 1264/836/697 1248/752/630
f 1125/735/616 1531/944/776 1123/765/641
f 1195/945/777 1284/946/778 954/520/440
f 925/821/677 844/796/667 1137/857/714
f 1283/840/701 982/705/596 322/914/755
f 428/619/523 322/914/755 982/705/596
f 667/947/779 2221/948/780 272/949/781
f 56/426/359 322/914/755 428/619/523
f 171/892/645 2075/950/782 1866/825/687
f 2077/951/783 2123/882/731 1867/917/687
f 2518/729/602 2992/952/784 2774/937/772
f 3491/838/699 3583/631/534 3600/943/775
f 1594/953/785 1339/954/786 1414/955/666
f 1474/956/744 1222/891/739 1039/768/644
f 954/520/440 1284/946/778 1095/690/584
f 1084/764/640 1137/857/714 1078/806/675
f 667/947/779 2030/957/787 2221/948/780
f 1927/723/494 1998/958/788 186/928/765
f 55/553/465 2188/552/464 323/959/789
f 2221/948/780 2545/960/790 272/949/781
f 2030/957/787 2539/961/791 2221/948/780
f 2824/962/792 2625/800/670 2715/884/733
f 2834/912/753 2880/852/710 2607/760/636
f 2516/963/602 2672/868/722 2991/964/793
f 2890/965/794 2847/772/648 2765/701/592
f 2973/827/689 3051/966/795 2884/663/562
f 2884/663/562 3051/966/795 3088/702/593
f 3247/967/796 3167/867/721 2844/866/720
f 1477/968/746 1353/931/767 979/842/620
f 1534/969/797 1189/738/618 1353/931/767
f 984/718/605 1290/856/713 965/750/628
f 926/809/677 1528/970/798 1125/735/616
f 1175/905/749 866/971/769 694/709/599
f 1843/724/608 1998/958/788 1927/723/494
f 2545/960/790 2074/675/573 272/949/781
f 2612/909/750 3058/762/638 2529/526/444
f 2806/972/799 2546/687/581 2977/699/590
f 2492/677/575 2745/748/626 2979/973/800
f 2774/937/772 2975/974/801 2636/730/612
f 1609/888/736 1189/738/618 1534/969/797
f 1679/975/802 1084/764/640 1447/802/671
f 1422/876/728 1095/690/584 1284/946/778
f 1014/819/656 1097/818/655 1251/976/803
f 1020/977/804 1065/858/715 808/916/756
f 694/709/599 866/971/769 414/906/717
f 1020/977/804 808/916/756 865/933/769
f 320/978/805 192/799/539 660/979/678
f 320/978/805 2074/675/573 192/799/539
f 488/811/679 2303/980/806 172/769/645
f 323/959/789 2188/552/464 2251/981/807
f 2478/982/808 2148/759/635 2351/983/741
f 2751/984/809 2221/948/780 2539/961/791
f 2860/911/752 2625/800/670 2824/962/792
f 2979/973/800 2834/912/753 2492/677/575
f 2978/985/590 2790/986/810 3006/987/811
f 2707/731/613 3204/921/759 3184/922/760
f 3376/988/812 3088/702/593 3051/966/795
f 3275/703/594 3298/774/650 3153/989/711
f 3371/990/813 3298/774/650 3468/589/497
f 1693/991/814 1553/875/727 1405/898/743
f 1247/889/737 1251/976/803 1097/818/655
f 823/992/815 2030/957/787 667/947/779
f 148/934/747 321/993/755 2249/994/807
f 2083/544/458 2123/882/731 2399/883/732
f 2864/935/770 2716/995/733 2218/864/607
f 2765/701/592 2657/733/615 2890/965/794
f 2992/952/784 2975/974/801 2774/937/772
f 2790/986/810 2986/996/735 3006/987/811
f 2907/793/664 3202/997/816 2895/773/649
f 3184/922/760 3202/997/816 2907/793/664
f 3444/913/754 3371/990/813 3468/589/497
f 3514/871/725 3333/869/723 3309/763/639
f 1339/954/786 1594/953/785 1543/998/817
f 1138/999/714 1528/970/798 926/809/677
f 2148/759/635 2478/982/808 36/756/634
f 2799/826/688 2675/732/614 2948/1000/818
f 3061/1001/819 2636/730/612 2975/974/801
f 3202/997/816 3243/938/773 2895/773/649
f 1609/888/736 1693/991/814 1405/898/743
f 1395/831/692 1116/778/654 1290/856/713
f 2369/743/589 2533/744/622 2886/689/583
f 2545/960/790 2221/948/780 2760/1002/820
f 2751/984/809 2760/1002/820 2221/948/780
f 2715/884/733 2831/1003/821 2942/1004/822
f 2824/962/792 2715/884/733 2942/1004/822
f 2831/1003/821 2715/884/733 2830/1005/823
f 2830/1005/823 2715/884/733 2828/1006/824
f 3061/1001/819 2606/863/719 2636/730/612
f 2948/1000/818 2675/732/614 2847/772/648
f 2672/868/722 3167/867/721 2991/964/793
f 3597/873/726 3483/828/690 3496/1007/825
f 1015/780/656 1252/1008/803 1319/1009/826
f 773/1010/827 667/947/779 272/949/781
f 272/949/781 2074/675/573 320/978/805
f 2303/980/806 2076/1011/828 172/769/645
f 2545/960/790 2612/909/750 2074/675/573
f 2400/893/740 2667/1012/829 2352/894/741
f 2831/1003/821 2830/1005/823 2942/1004/822
f 2830/1005/823 2828/1006/824 2942/1004/822
f 2716/995/733 2864/935/770 2829/1013/824
f 2864/935/770 3136/1014/830 2829/1013/824
f 3145/930/766 3442/887/712 3214/681/576
f 3221/1015/831 3442/887/712 3145/930/766
f 3371/990/813 3057/1016/832 3298/774/650
f 3514/871/725 3529/872/535 3577/1017/700
f 1678/1018/802 1446/817/683 1553/875/727
f 1123/765/641 1531/944/776 1383/932/768
f 1065/858/715 1492/1019/833 1476/901/746
f 2077/951/783 2399/883/732 2123/882/731
f 2030/957/787 2390/1020/834 2539/961/791
f 2973/827/689 2799/826/688 2804/1021/835
f 2815/837/698 2880/852/710 2985/886/735
f 3125/896/742 3333/869/723 3423/1022/836
f 1477/968/746 1534/969/797 1353/931/767
f 1229/804/673 1401/1023/837 1103/805/674
f 1527/1024/798 1137/857/714 1084/764/640
f 1264/836/697 1211/1025/838 1133/890/738
f 2030/957/787 823/992/815 718/1026/839
f 2250/1027/807 2187/1028/840 2369/743/589
f 2078/1029/783 2667/1012/829 2400/893/740
f 2752/1030/809 2966/1031/841 2761/1032/842
f 2786/792/663 2940/1033/843 2745/748/626
f 3136/1014/830 2943/1034/822 2829/1013/824
f 2979/973/800 2745/748/626 2940/1033/843
f 2978/985/590 3006/987/811 3040/1035/844
f 3153/989/711 3298/774/650 3057/1016/832
f 1553/875/727 1691/1036/845 1678/1018/802
f 1680/1037/802 1528/970/798 1085/1038/640
f 1493/1039/833 1751/1040/846 1477/968/746
f 1401/1023/837 1395/831/692 1290/856/713
f 1103/805/674 1401/1023/837 1290/856/713
f 1355/1041/847 1065/858/715 1020/977/804
f 699/510/431 763/739/619 807/843/703
f 181/624/527 221/1042/848 434/847/680
f 488/811/679 148/934/747 2303/980/806
f 2847/772/648 2890/965/794 2948/1000/818
f 3146/1043/766 2802/1044/849 2932/1045/850
f 2802/1044/849 3146/1043/766 3154/1046/711
f 2973/827/689 2804/1021/835 3027/1047/851
f 3247/967/796 2844/866/720 3242/1048/773
f 1693/991/814 1691/1036/845 1553/875/727
f 1394/1049/692 1580/1050/852 1414/955/666
f 1251/976/803 1247/889/737 1312/1051/853
f 433/812/680 833/798/669 469/797/668
f 773/1010/827 272/949/781 320/978/805
f 2598/1052/854 2667/1012/829 2078/1029/783
f 2657/733/615 2739/851/709 2890/965/794
f 2860/911/752 2940/1033/843 2786/792/663
f 3051/966/795 2973/827/689 3027/1047/851
f 3444/913/754 3396/683/578 3379/870/724
f 3443/855/712 3222/1053/831 3483/828/690
f 3594/1054/855 3600/943/775 3597/873/726
f 1688/1055/856 1414/955/666 1580/1050/852
f 1422/876/728 1475/1056/857 1367/900/745
f 1448/924/762 1510/1057/858 1320/832/693
f 1079/1058/859 911/807/676 1133/890/738
f 789/1059/860 818/767/643 879/766/642
f 646/1060/861 320/978/805 660/979/678
f 718/1026/839 97/1061/862 2030/957/787
f 2390/1020/834 2030/957/787 97/1061/862
f 2352/894/741 2667/1012/829 2802/1044/849
f 2539/961/791 2917/1062/863 2751/984/809
f 2667/1012/829 2932/1045/850 2802/1044/849
f 2864/935/770 2606/863/719 3060/1063/864
f 3136/1014/830 2864/935/770 3060/1063/864
f 1414/955/666 1688/1055/856 1594/953/785
f 1531/944/776 1125/735/616 1528/970/798
f 1320/832/693 1510/1057/858 1345/877/729
f 1431/1064/865 1247/889/737 1345/877/729
f 1312/1051/853 1310/1065/866 1251/976/803
f 1311/1066/866 1319/1009/826 1252/1008/803
f 833/798/669 1335/925/763 974/707/598
f 667/947/779 773/1010/827 1365/1067/867
f 1293/1068/868 866/971/769 1175/905/749
f 667/947/779 1365/1067/867 823/992/815
f 2369/743/589 2795/1069/869 2250/1027/807
f 2979/973/800 2880/852/710 2834/912/753
f 3205/939/759 3125/896/742 3423/1022/836
f 3379/870/724 3377/715/603 3208/1070/870
f 3333/869/723 3514/871/725 3423/1022/836
f 3594/1054/855 3491/838/699 3600/943/775
f 1667/1071/871 1222/891/739 1474/956/744
f 1556/1072/872 1580/1050/852 1394/1049/692
f 1221/835/696 1417/1073/873 1448/924/762
f 1313/1074/853 1319/1009/826 1311/1066/866
f 1492/1019/833 1065/858/715 1355/1041/847
f 1175/905/749 1015/780/656 1319/1009/826
f 1022/1075/874 1314/1076/875 1108/1077/876
f 2917/1062/863 2539/961/791 2390/1020/834
f 2949/1078/818 2805/1079/835 2800/1080/877
f 3060/1063/864 2606/863/719 3061/1001/819
f 3154/1046/711 2785/1081/878 2802/1044/849
f 1543/998/817 1666/1082/879 1472/1083/744
f 1612/1084/880 1222/891/739 1667/1071/871
f 1401/1023/837 1557/1085/881 1395/831/692
f 1367/900/745 1417/1073/873 1221/835/696
f 1277/1086/882 1422/876/728 1284/946/778
f 1355/1041/847 1020/977/804 1107/1087/876
f 1941/824/686 2165/1088/883 2004/919/757
f 2785/1081/878 2352/894/741 2802/1044/849
f 2906/1089/884 2932/1045/850 2667/1012/829
f 2857/1090/885 2890/965/794 2739/851/709
f 2917/1062/863 3093/1091/886 2751/984/809
f 3094/1092/887 2966/1031/841 2752/1030/809
f 2992/952/784 3061/1001/819 2975/974/801
f 3146/1043/766 2932/1045/850 3222/1053/831
f 3202/997/816 3184/922/760 3449/1093/888
f 1477/968/746 1751/1040/846 1534/969/797
f 1531/944/776 1583/1094/889 1383/932/768
f 1626/1095/890 1531/944/776 1528/970/798
f 1247/889/737 1421/1096/891 1312/1051/853
f 1195/945/777 1277/1086/882 1284/946/778
f 1079/1058/859 1332/926/764 911/807/676
f 773/1010/827 830/1097/892 1365/1067/867
f 753/1098/893 833/798/669 433/812/680
f 807/843/703 647/1099/894 661/810/678
f 1998/958/788 1908/1100/895 186/928/765
f 2348/1101/896 1843/724/608 2004/919/757
f 36/756/634 2478/982/808 2155/1102/897
f 148/934/747 2683/1103/898 2303/980/806
f 2683/1103/898 148/934/747 2249/994/807
f 2591/1104/899 2352/894/741 2785/1081/878
f 2985/886/735 2880/852/710 3012/1105/900
f 2942/1004/822 3130/1106/901 2824/962/792
f 3131/1107/901 2943/1034/822 3136/1014/830
f 3376/988/812 3051/966/795 3207/1108/902
f 3185/1109/903 3205/939/759 3451/1110/888
f 3222/1053/831 3099/1111/904 3483/828/690
f 3294/1112/905 3379/870/724 3208/1070/870
f 1594/953/785 1752/1113/906 1543/998/817
f 1247/889/737 1431/1064/865 1421/1096/891
f 789/1059/860 879/766/642 764/1114/907
f 320/978/805 646/1060/861 773/1010/827
f 2076/1011/828 2303/980/806 2597/1115/908
f 2478/982/808 2351/983/741 2590/1116/899
f 2689/1117/909 2917/1062/863 2390/1020/834
f 2612/909/750 2545/960/790 2760/1002/820
f 1594/953/785 1688/1055/856 1752/1113/906
f 1383/932/768 1583/1094/889 1229/804/673
f 1510/1057/858 1431/1064/865 1345/877/729
f 1175/905/749 1319/1009/826 1443/1118/910
f 1293/1068/868 1021/1119/911 866/971/769
f 2478/982/808 2590/1116/899 2784/1120/912
f 3153/989/711 3057/1016/832 2784/1120/912
f 3061/1001/819 2992/952/784 3297/1121/913
f 3371/990/813 3444/913/754 3180/1122/914
f 3496/1007/825 3483/828/690 3099/1111/904
f 3384/1123/915 3597/873/726 3496/1007/825
f 3594/1054/855 3597/873/726 3384/1123/915
f 1691/1036/845 1693/991/814 1754/1124/916
f 718/1026/839 823/992/815 1427/1125/917
f 646/1060/861 830/1097/892 773/1010/827
f 2155/1102/897 1941/824/686 36/756/634
f 1843/724/608 2348/1101/896 2189/1126/918
f 2250/1027/807 2795/1069/869 2684/1127/919
f 3222/1053/831 2932/1045/850 2906/1089/884
f 3180/1122/914 3155/1128/920 3371/990/813
f 3247/967/796 3242/1048/773 3334/1129/921
f 3205/939/759 3423/1022/836 3451/1110/888
f 1583/1094/889 1531/944/776 1626/1095/890
f 1196/645/546 1332/926/764 1278/1130/922
f 1133/890/738 1211/1025/838 986/1131/923
f 1335/925/763 833/798/669 753/1098/893
f 647/1099/894 807/843/703 763/739/619
f 2165/1088/883 2348/1101/896 2004/919/757
f 2729/1132/924 2155/1102/897 2478/982/808
f 2886/689/583 2795/1069/869 2369/743/589
f 2598/1052/854 2906/1089/884 2667/1012/829
f 2906/1089/884 3099/1111/904 3222/1053/831
f 1751/1040/846 1707/1133/925 1534/969/797
f 1557/1085/881 1401/1023/837 1593/1134/926
f 1229/804/673 1593/1134/926 1401/1023/837
f 1365/1067/867 1321/1135/927 823/992/815
f 986/1131/923 1079/1058/859 1133/890/738
f 1077/1136/928 1332/926/764 1079/1058/859
f 1908/1100/895 1897/1137/929 186/928/765
f 2155/1102/897 2165/1088/883 1941/824/686
f 2784/1120/912 3057/1016/832 2478/982/808
f 2857/1090/885 2739/851/709 2807/910/751
f 2880/852/710 2979/973/800 2996/1138/930
f 3297/1121/913 2992/952/784 3272/1139/931
f 3379/870/724 3294/1112/905 3160/1140/932
f 3426/1141/933 3167/867/721 3247/967/796
f 1711/1142/934 1543/998/817 1752/1113/906
f 1556/1072/872 1683/1143/935 1580/1050/852
f 1355/1041/847 1107/1087/876 1570/1144/936
f 1549/1145/937 1222/891/739 1612/1084/880
f 1421/1096/891 1402/1146/938 1312/1051/853
f 1321/1135/927 1427/1125/917 823/992/815
f 764/1114/907 879/766/642 673/1147/939
f 2303/980/806 2683/1103/898 2597/1115/908
f 2886/689/583 3192/1148/940 2795/1069/869
f 2940/1033/843 2860/911/752 2824/962/792
f 2612/909/750 3095/1149/941 3058/762/638
f 2979/973/800 2940/1033/843 2996/1138/930
f 3379/870/724 3180/1122/914 3444/913/754
f 3379/870/724 3160/1140/932 3180/1122/914
f 3334/1129/921 3242/1048/773 3462/1150/942
f 1609/888/736 1754/1124/916 1693/991/814
f 1510/1057/858 1448/924/762 1483/1151/943
f 1321/1135/927 1365/1067/867 1568/1152/944
f 1314/1076/875 1022/1075/874 1409/1153/945
f 220/1154/848 374/1155/946 433/812/680
f 2390/1020/834 2704/1156/947 2689/1117/909
f 2598/1052/854 3099/1111/904 2906/1089/884
f 2940/1033/843 2824/962/792 2962/1157/948
f 3371/990/813 3155/1128/920 3057/1016/832
f 1680/1037/802 1626/1095/890 1528/970/798
f 1583/1094/889 1593/1134/926 1229/804/673
f 1492/1019/833 1355/1041/847 1718/1158/949
f 1475/1056/857 1361/1159/950 1367/900/745
f 1403/1160/938 1319/1009/826 1313/1074/853
f 433/812/680 374/1155/946 753/1098/893
f 763/739/619 672/1161/939 647/1099/894
f 186/928/765 221/1042/848 181/624/527
f 97/1061/862 1869/1162/951 2390/1020/834
f 3057/1016/832 2729/1132/924 2478/982/808
f 3167/867/721 3271/1163/931 2991/964/793
f 3247/967/796 3334/1129/921 3426/1141/933
f 1366/1164/952 831/1165/953 1582/1166/954
f 1276/1167/955 879/766/642 1222/891/739
f 2189/1126/918 1998/958/788 1843/724/608
f 2375/1168/956 2704/1156/947 2390/1020/834
f 2684/1127/919 2795/1069/869 3078/1169/957
f 2949/1078/818 2891/1170/958 2811/1171/959
f 3005/1172/960 2985/886/735 2981/1173/961
f 3237/1174/962 2824/962/792 3130/1106/901
f 2917/1062/863 3175/1175/963 3093/1091/886
f 2761/1032/842 2966/1031/841 3193/1176/964
f 3192/1148/940 2886/689/583 3491/838/699
f 3192/1148/940 3491/838/699 3594/1054/855
f 3552/1177/965 3514/871/725 3577/1017/700
f 1683/1143/935 1688/1055/856 1580/1050/852
f 1570/1144/936 1718/1158/949 1355/1041/847
f 1235/1178/966 1332/926/764 1077/1136/928
f 221/1042/848 186/928/765 1897/1137/929
f 2390/1020/834 1869/1162/951 2375/1168/956
f 2598/1052/854 2684/1127/919 3099/1111/904
f 2981/1173/961 2985/886/735 3012/1105/900
f 3207/1108/902 3051/966/795 2852/1179/967
f 3344/815/682 3058/762/638 3095/1149/941
f 3242/1048/773 3201/1180/816 3408/1181/968
f 3078/1169/957 3384/1123/915 3099/1111/904
f 3099/1111/904 3384/1123/915 3496/1007/825
f 3462/1150/942 3426/1141/933 3334/1129/921
f 3423/1022/836 3514/871/725 3552/1177/965
f 1754/1124/916 1609/888/736 1804/1182/969
f 1716/1183/970 1568/1152/944 1365/1067/867
f 1364/1184/971 1475/1056/857 1422/876/728
f 1483/1151/943 1448/924/762 1417/1073/873
f 1402/1146/938 1421/1096/891 1463/1185/972
f 1361/1159/950 1417/1073/873 1367/900/745
f 1571/1186/973 1108/1077/876 1314/1076/875
f 986/1131/923 1211/1025/838 1264/836/697
f 768/1187/974 1335/925/763 753/1098/893
f 673/1147/939 879/766/642 831/1165/953
f 831/1165/953 648/1188/975 673/1147/939
f 718/1026/839 777/1189/976 97/1061/862
f 2374/1190/956 2353/1191/977 2702/1192/947
f 3099/1111/904 2684/1127/919 3078/1169/957
f 2729/1132/924 3057/1016/832 3155/1128/920
f 2949/1078/818 2811/1171/959 2767/1193/978
f 2913/1194/979 3006/987/811 2982/1195/980
f 2612/909/750 2760/1002/820 3095/1149/941
f 3259/1196/981 3193/1176/964 2966/1031/841
f 3331/1197/982 3203/1198/816 3450/1199/983
f 3450/1199/983 3422/1200/984 3515/1201/985
f 3518/1202/986 3503/1203/563 3346/1204/682
f 1707/1133/925 1609/888/736 1534/969/797
f 1691/1036/845 1740/1205/987 1678/1018/802
f 1626/1095/890 1680/1037/802 1741/1206/987
f 617/1207/988 131/1208/989 2048/1209/990
f 1868/1210/991 2353/1191/977 2374/1190/956
f 2729/1132/924 2348/1101/896 2165/1088/883
f 2842/1211/992 2348/1101/896 2729/1132/924
f 3012/1105/900 2880/852/710 2996/1138/930
f 2917/1062/863 2689/1117/909 3050/1212/993
f 3259/1196/981 2966/1031/841 3094/1092/887
f 1366/1164/952 1582/1166/954 1717/1213/994
f 1427/1125/917 1321/1135/927 1568/1152/944
f 1364/1184/971 1422/876/728 1277/1086/882
f 1276/1167/955 1222/891/739 1549/1145/937
f 1408/1214/945 1021/1119/911 1293/1068/868
f 1335/925/763 986/1131/923 1264/836/697
f 415/1215/995 97/1061/862 777/1189/976
f 617/1207/988 2048/1209/990 1965/1216/996
f 2689/1117/909 2704/1156/947 3050/1212/993
f 3040/1035/844 2808/1217/751 2978/985/590
f 3006/987/811 2913/1194/979 3040/1035/844
f 3193/1176/964 3096/1218/941 2761/1032/842
f 3201/1180/816 3330/1219/982 3408/1181/968
f 3192/1148/940 3594/1054/855 3384/1123/915
f 415/1215/995 1869/1162/951 97/1061/862
f 1868/1210/991 81/1220/997 2353/1191/977
f 2155/1102/897 2729/1132/924 2165/1088/883
f 2695/1221/998 2811/1171/959 2891/1170/958
f 2842/1211/992 3180/1122/914 2730/1222/999
f 3027/1047/851 2804/1021/835 2852/1179/967
f 3051/966/795 3027/1047/851 2852/1179/967
f 2842/1211/992 3155/1128/920 3180/1122/914
f 3462/1150/942 3242/1048/773 3408/1181/968
f 3502/941/563 3517/1223/986 3550/942/774
f 3565/1224/1000 3578/940/700 3550/942/774
f 1694/1225/1001 1751/1040/846 1493/1039/833
f 1403/1160/938 1453/1226/1002 1319/1009/826
f 518/1227/1003 617/1207/988 1965/1216/996
f 2348/1101/896 2842/1211/992 2730/1222/999
f 2695/1221/998 2891/1170/958 2858/1228/1004
f 2767/1193/978 2805/1079/835 2949/1078/818
f 2730/1222/999 3180/1122/914 3160/1140/932
f 3515/1201/985 3422/1200/984 3551/1229/965
f 3578/940/700 3565/1224/1000 3553/1230/965
f 1707/1133/925 1804/1182/969 1609/888/736
f 1711/1142/934 1752/1113/906 1743/1231/1005
f 1754/1124/916 1740/1205/987 1691/1036/845
f 1743/1231/1005 1543/998/817 1711/1142/934
f 1592/1232/1006 1683/1143/935 1556/1072/872
f 1431/1064/865 1510/1057/858 1484/1233/1007
f 986/1131/923 852/1234/1008 1079/1058/859
f 2996/1138/930 2940/1033/843 2969/1235/1009
f 3155/1128/920 2842/1211/992 2729/1132/924
f 3208/1070/870 3042/1236/1010 3294/1112/905
f 3060/1063/864 3061/1001/819 3297/1121/913
f 3259/1196/981 3094/1092/887 3437/1237/1011
f 1549/1145/937 1445/1238/1012 1276/1167/955
f 1966/1239/996 2049/1240/1013 2212/1241/1014
f 2353/1191/977 81/1220/997 1824/1242/1015
f 2795/1069/869 3192/1148/940 3078/1169/957
f 3192/1148/940 3384/1123/915 3078/1169/957
f 1754/1124/916 1782/1243/1016 1740/1205/987
f 1752/1113/906 1698/1244/1017 1743/1231/1005
f 1752/1113/906 1688/1055/856 1698/1244/1017
f 1707/1133/925 1751/1040/846 1804/1182/969
f 1683/1143/935 1698/1244/1017 1688/1055/856
f 1626/1095/890 1727/1245/1018 1583/1094/889
f 1483/1151/943 1484/1233/1007 1510/1057/858
f 1364/1184/971 1361/1159/950 1475/1056/857
f 1427/1125/917 777/1189/976 718/1026/839
f 2169/1246/1019 1998/958/788 2189/1126/918
f 2730/1222/999 2189/1126/918 2348/1101/896
f 3160/1140/932 3294/1112/905 3042/1236/1010
f 3435/1247/1020 3093/1091/886 3175/1175/963
f 3331/1197/982 3450/1199/983 3397/1248/1021
f 1666/1082/879 1543/998/817 1743/1231/1005
f 1698/1244/1017 1683/1143/935 1592/1232/1006
f 1484/1233/1007 1349/1249/1022 1431/1064/865
f 1453/1226/1002 1481/1250/1023 1319/1009/826
f 1033/1251/1024 831/1165/953 879/766/642
f 852/1234/1008 621/1252/1025 1079/1058/859
f 617/1207/988 738/1253/1026 131/1208/989
f 737/1254/1027 393/1255/1028 130/1256/989
f 510/1257/1029 81/1220/997 1868/1210/991
f 2169/1246/1019 1908/1100/895 1998/958/788
f 2049/1240/1013 132/1258/1030 2212/1241/1014
f 2702/1192/947 2353/1191/977 2493/1259/1031
f 2703/1260/947 2794/1261/1032 3049/1262/1033
f 2858/1228/1004 2808/1217/751 2685/1263/1034
f 3160/1140/932 3042/1236/1010 2730/1222/999
f 3060/1063/864 3297/1121/913 3245/1264/1035
f 1815/1265/1036 1782/1243/1016 1754/1124/916
f 1409/1153/945 1589/1266/1037 1314/1076/875
f 768/1187/974 986/1131/923 1335/925/763
f 1869/1162/951 415/1215/995 537/1267/1038
f 1824/1242/1015 2493/1259/1031 2353/1191/977
f 2969/1235/1009 2940/1033/843 2962/1157/948
f 2827/1268/1039 3209/1269/1040 2853/1270/967
f 3208/1070/870 2826/1271/1039 3042/1236/1010
f 3136/1014/830 3060/1063/864 3245/1264/1035
f 3346/1204/682 3096/1218/941 3323/1272/1041
f 3259/1196/981 3447/1273/1042 3193/1176/964
f 3490/1274/1043 3271/1163/931 3167/867/721
f 3397/1248/1021 3450/1199/983 3534/1275/1044
f 1741/1206/987 1727/1245/1018 1626/1095/890
f 1727/1245/1018 1593/1134/926 1583/1094/889
f 1427/1125/917 1568/1152/944 1674/1276/1045
f 1571/1186/973 1314/1076/875 1589/1266/1037
f 1235/1178/966 1184/1277/1046 1332/926/764
f 374/1155/946 220/1154/848 1856/1278/1047
f 1897/1137/929 1908/1100/895 2007/1279/1048
f 2018/1280/1049 1908/1100/895 2019/1281/1050
f 1908/1100/895 2018/1280/1049 2007/1279/1048
f 2019/1281/1050 1908/1100/895 2169/1246/1019
f 2240/1282/1051 1966/1239/996 2212/1241/1014
f 2494/1283/1031 2794/1261/1032 2703/1260/947
f 2962/1157/948 2824/962/792 3237/1174/962
f 3131/1107/901 3136/1014/830 3238/1284/962
f 1804/1182/969 1815/1265/1036 1754/1124/916
f 1319/1009/826 1481/1250/1023 1443/1118/910
f 1183/1285/1052 1277/1086/882 1331/1286/1053
f 1077/1136/928 1079/1058/859 621/1252/1025
f 1856/1278/1047 384/1287/1054 374/1155/946
f 1868/1210/991 536/1288/1055 510/1257/1029
f 517/1289/1003 1964/1290/996 1910/1291/1056
f 2169/1246/1019 2021/1292/1057 2019/1281/1050
f 2021/1292/1057 2169/1246/1019 2007/1279/1048
f 2239/1293/1051 1910/1291/1056 1964/1290/996
f 2621/1294/1058 2852/1179/967 2804/1021/835
f 2695/1221/998 2793/1295/1059 2811/1171/959
f 3426/1141/933 3490/1274/1043 3167/867/721
f 1667/1071/871 1744/1296/1060 1612/1084/880
f 1391/1297/1061 1349/1249/1022 1484/1233/1007
f 1582/1166/954 831/1165/953 1033/1251/1024
f 753/1098/893 374/1155/946 768/1187/974
f 492/1298/1062 465/1299/1063 393/1255/1028
f 393/1255/1028 465/1299/1063 130/1256/989
f 465/1299/1063 1840/1300/1064 130/1256/989
f 2685/1263/1034 2808/1217/751 3040/1035/844
f 2793/1295/1059 2767/1193/978 2811/1171/959
f 1788/1301/1065 1717/1213/994 1777/1302/1066
f 1569/1303/944 1717/1213/994 1788/1301/1065
f 1493/1039/833 1719/1304/1067 1694/1225/1001
f 1777/1302/1066 1717/1213/994 1582/1166/954
f 1033/1251/1024 879/766/642 1276/1167/955
f 2096/1305/1068 129/1306/989 58/1307/1069
f 2212/1241/1014 132/1258/1030 2098/1308/1068
f 2775/1309/1070 2793/1295/1059 2695/1221/998
f 2793/1295/1059 2775/1309/1070 2767/1193/978
f 3237/1174/962 3115/1310/1071 2962/1157/948
f 3534/1275/1044 3450/1199/983 3515/1201/985
f 1647/1311/1072 1287/1312/1073 1566/1313/1074
f 1175/905/749 1443/1118/910 1293/1068/868
f 617/1207/988 518/1227/1003 750/1314/1075
f 58/1307/1069 129/1306/989 1839/1315/1076
f 2913/1194/979 2762/1316/1077 3040/1035/844
f 2968/1317/1078 2961/1318/1079 2887/1319/1080
f 3050/1212/993 3175/1175/963 2917/1062/863
f 3331/1197/982 3397/1248/1021 3415/1320/1081
f 1694/1225/1001 1804/1182/969 1751/1040/846
f 1612/1084/880 1689/1321/1082 1549/1145/937
f 1443/1118/910 1408/1214/945 1293/1068/868
f 1364/1184/971 1277/1086/882 1183/1285/1052
f 750/1314/1075 738/1253/1026 617/1207/988
f 81/1220/997 510/1257/1029 559/1322/1083
f 3/1323/1084 58/1307/1069 1839/1315/1076
f 2007/1279/1048 2169/1246/1019 1897/1137/929
f 3548/1324/1085 3426/1141/933 3462/1150/942
f 1569/1303/944 1788/1301/1065 1675/1325/1086
f 1592/1232/1006 1743/1231/1005 1698/1244/1017
f 1689/1321/1082 1445/1238/1012 1549/1145/937
f 1287/1312/1073 1647/1311/1072 1466/1326/1087
f 1483/1151/943 1417/1073/873 1418/1327/1088
f 1364/1184/971 1338/1328/1089 1361/1159/950
f 986/1131/923 768/1187/974 580/1329/1090
f 777/1189/976 853/1330/1091 415/1215/995
f 768/1187/974 374/1155/946 384/1287/1054
f 2898/1331/1092 2817/1332/1093 2980/1333/980
f 1743/1231/1005 1592/1232/1006 1726/1334/1018
f 1033/1251/1024 1509/1335/1094 1582/1166/954
f 1361/1159/950 1338/1328/1089 1144/1336/1095
f 393/1255/1028 58/1307/1069 492/1298/1062
f 220/1154/848 1896/1337/1096 1856/1278/1047
f 2043/1338/1097 2493/1259/1031 1824/1242/1015
f 2898/1331/1092 2980/1333/980 3011/1339/1098
f 3447/1273/1042 3259/1196/981 3461/1340/1099
f 3466/1341/1100 3435/1247/1020 3175/1175/963
f 3461/1340/1099 3259/1196/981 3437/1237/1011
f 1777/1302/1066 1622/1342/1101 1788/1301/1065
f 1639/1343/1102 1467/1344/1103 1648/1345/1104
f 777/1189/976 1427/1125/917 1674/1276/1045
f 986/1131/923 580/1329/1090 852/1234/1008
f 81/1220/997 559/1322/1083 1824/1242/1015
f 3/1323/1084 492/1298/1062 58/1307/1069
f 1896/1337/1096 2471/1346/1105 1856/1278/1047
f 1897/1137/929 2169/1246/1019 2472/1347/1105
f 2189/1126/918 2730/1222/999 2169/1246/1019
f 2506/1348/1106 2775/1309/1070 2695/1221/998
f 2912/1349/1107 2980/1333/980 2592/1350/1108
f 2876/1351/1109 2995/1352/930 2968/1317/1078
f 3323/1272/1041 3096/1218/941 3193/1176/964
f 1778/1353/1110 1804/1182/969 1694/1225/1001
f 1694/1225/1001 1719/1304/1067 1778/1353/1110
f 1718/1158/949 1570/1144/936 1708/1354/1111
f 1675/1325/1086 1788/1301/1065 1622/1342/1101
f 1777/1302/1066 1582/1166/954 1509/1335/1094
f 1349/1249/1022 1371/1355/1112 1431/1064/865
f 1328/1356/1113 1338/1328/1089 1364/1184/971
f 750/1314/1075 518/1227/1003 1911/1357/1056
f 466/1358/1114 123/1359/1115 1841/1360/1116
f 2398/1361/1117 2827/1268/1039 2853/1270/967
f 2817/1332/1093 2592/1350/1108 2980/1333/980
f 2473/1362/1118 3043/1363/1010 2827/1268/1039
f 3011/1339/1098 2995/1352/930 2876/1351/1109
f 2908/1364/1119 2968/1317/1078 2887/1319/1080
f 3238/1284/962 3136/1014/830 3245/1264/1035
f 1509/1335/1094 1622/1342/1101 1777/1302/1066
f 1409/1153/945 1489/1365/1120 1589/1266/1037
f 1481/1250/1023 1513/1366/1121 1443/1118/910
f 493/1367/1122 489/1368/1123 466/1358/1114
f 307/1369/1124 58/1307/1069 393/1255/1028
f 1841/1360/1116 123/1359/1115 4/1370/1125
f 307/1369/1124 2096/1305/1068 58/1307/1069
f 2887/1319/1080 2961/1318/1079 3114/1371/1071
f 3518/1202/986 3346/1204/682 3390/1372/1126
f 1744/1296/1060 1689/1321/1082 1612/1084/880
f 1364/1184/971 1183/1285/1052 1328/1356/1113
f 1361/1159/950 1139/1373/1127 1417/1073/873
f 580/1329/1090 768/1187/974 384/1287/1054
f 2455/1374/1128 2472/1347/1105 2169/1246/1019
f 2043/1338/1097 2618/1375/1129 2493/1259/1031
f 2767/1193/978 2775/1309/1070 2506/1348/1106
f 2730/1222/999 3042/1236/1010 2472/1347/1105
f 3297/1121/913 3272/1139/931 3383/1376/1130
f 1804/1182/969 1778/1353/1110 1815/1265/1036
f 1778/1353/1110 1719/1304/1067 1709/1377/1131
f 1276/1167/955 1509/1335/1094 1033/1251/1024
f 853/1330/1091 537/1267/1038 415/1215/995
f 707/1378/1132 393/1255/1028 737/1254/1027
f 2240/1282/1051 2212/1241/1014 2289/1379/1133
f 2169/1246/1019 2730/1222/999 2455/1374/1128
f 2473/1362/1118 2827/1268/1039 2398/1361/1117
f 2730/1222/999 2472/1347/1105 2455/1374/1128
f 2853/1270/967 2622/1380/1058 2398/1361/1117
f 2876/1351/1109 2968/1317/1078 2841/1381/1134
f 3383/1376/1130 3272/1139/931 3400/1382/1135
f 3323/1272/1041 3193/1176/964 3447/1273/1042
f 3566/1383/1136 3515/1201/985 3551/1229/965
f 1815/1265/1036 1805/1384/1137 1782/1243/1016
f 1783/1385/1016 1797/1386/1138 1742/1387/987
f 1749/1388/1139 1641/1389/1102 1649/1390/1140
f 1418/1327/1088 1484/1233/1007 1483/1151/943
f 1431/1064/865 1371/1355/1112 1421/1096/891
f 1337/1391/1141 778/1392/976 1675/1325/1086
f 580/1329/1090 621/1252/1025 852/1234/1008
f 384/1287/1054 258/1393/1142 580/1329/1090
f 384/1287/1054 2397/1394/1117 258/1393/1142
f 2323/1395/1143 2618/1375/1129 2043/1338/1097
f 2843/1396/1144 2794/1261/1032 2494/1283/1031
f 2841/1381/1134 2968/1317/1078 2908/1364/1119
f 3409/1397/968 3331/1197/982 3415/1320/1081
f 1778/1353/1110 1709/1377/1131 1748/1398/1139
f 1748/1398/1139 1709/1377/1131 1654/1399/1145
f 1654/1399/1145 1640/1400/1146 1748/1398/1139
f 1371/1355/1112 1352/1401/1147 1421/1096/891
f 1352/1401/1147 1463/1185/972 1421/1096/891
f 1418/1327/1088 1417/1073/873 1139/1373/1127
f 797/1402/1148 738/1253/1026 750/1314/1075
f 493/1367/1122 5/1403/1125 92/1404/1149
f 544/1405/1150 2043/1338/1097 1824/1242/1015
f 384/1287/1054 1856/1278/1047 2397/1394/1117
f 1856/1278/1047 2471/1346/1105 2397/1394/1117
f 2604/1406/1151 2695/1221/998 2858/1228/1004
f 3548/1324/1085 3462/1150/942 3531/1407/1152
f 3534/1275/1044 3515/1201/985 3566/1383/1136
f 1144/1336/1095 1139/1373/1127 1361/1159/950
f 1235/1178/966 898/1408/1153 1184/1277/1046
f 307/1369/1124 393/1255/1028 707/1378/1132
f 466/1358/1114 489/1368/1123 463/1409/1154
f 544/1405/1150 1824/1242/1015 559/1322/1083
f 463/1409/1154 123/1359/1115 466/1358/1114
f 1912/1410/1155 2240/1282/1051 2042/1411/1156
f 2622/1380/1058 2805/1079/835 2767/1193/978
f 3040/1035/844 2762/1316/1077 2685/1263/1034
f 2929/1412/1157 2794/1261/1032 2843/1396/1144
f 2794/1261/1032 3183/1413/1158 3049/1262/1033
f 3397/1248/1021 3425/1414/1159 3415/1320/1081
f 3531/1407/1152 3462/1150/942 3408/1181/968
f 3425/1414/1159 3397/1248/1021 3534/1275/1044
f 1797/1386/1138 1783/1385/1016 1806/1415/1160
f 1748/1398/1139 1772/1416/1161 1778/1353/1110
f 1796/1417/1138 1727/1245/1018 1741/1206/987
f 1730/1418/1162 1743/1231/1005 1726/1334/1018
f 1567/1419/1074 1614/1420/1163 1650/1421/1164
f 1622/1342/1101 1337/1391/1141 1675/1325/1086
f 1391/1297/1061 1484/1233/1007 1471/1422/1165
f 1489/1365/1120 1409/1153/945 1444/1423/910
f 708/1424/1132 738/1253/1026 797/1402/1148
f 580/1329/1090 437/1425/1166 621/1252/1025
f 871/1426/1167 510/1257/1029 536/1288/1055
f 307/1369/1124 442/1427/1168 2096/1305/1068
f 2097/1428/1068 443/1429/1168 2318/1430/1169
f 2212/1241/1014 2098/1308/1068 2289/1379/1133
f 2685/1263/1034 2431/1431/1170 2858/1228/1004
f 3011/1339/1098 2876/1351/1109 2898/1331/1092
f 3313/1432/1171 3238/1284/962 3245/1264/1035
f 3245/1264/1035 3297/1121/913 3383/1376/1130
f 3390/1372/1126 3346/1204/682 3323/1272/1041
f 1778/1353/1110 1805/1384/1137 1815/1265/1036
f 1622/1342/1101 1509/1335/1094 1337/1391/1141
f 898/1408/1153 1235/1178/966 1077/1136/928
f 365/1433/1172 750/1314/1075 1911/1357/1056
f 493/1367/1122 92/1404/1149 489/1368/1123
f 2289/1379/1133 2042/1411/1156 2240/1282/1051
f 2494/1283/1031 2619/1434/1173 2843/1396/1144
f 1778/1353/1110 1772/1416/1161 1805/1384/1137
f 1750/1435/1139 1650/1421/1164 1729/1436/1174
f 1589/1266/1037 1710/1437/1175 1571/1186/973
f 1484/1233/1007 1418/1327/1088 1471/1422/1165
f 728/1438/1176 559/1322/1083 510/1257/1029
f 4/1370/1125 123/1359/1115 91/1439/1177
f 3050/1212/993 3466/1341/1100 3175/1175/963
f 3409/1397/968 3415/1320/1081 3533/1440/1152
f 3517/1223/986 3565/1224/1000 3550/942/774
f 1744/1296/1060 1731/1441/1162 1689/1321/1082
f 1288/1442/1073 1469/1443/1178 1653/1444/1179
f 1471/1422/1165 1349/1249/1022 1391/1297/1061
f 1276/1167/955 1179/1445/1180 1509/1335/1094
f 1337/1391/1141 854/1446/1181 778/1392/976
f 707/1378/1132 442/1427/1168 307/1369/1124
f 2685/1263/1034 2762/1316/1077 2431/1431/1170
f 2858/1228/1004 2431/1431/1170 2604/1406/1151
f 3490/1274/1043 3426/1141/933 3548/1324/1085
f 1806/1415/1160 1773/1447/1182 1797/1386/1138
f 1750/1435/1139 1729/1436/1174 1773/1447/1182
f 1642/1448/1183 1652/1449/1179 1468/1450/1178
f 1567/1419/1074 1289/1451/1073 1634/1452/1184
f 708/1424/1132 1004/1453/1185 444/1454/1168
f 750/1314/1075 365/1433/1172 797/1402/1148
f 2043/1338/1097 94/1455/1186 2323/1395/1143
f 2040/1456/1156 365/1433/1172 1911/1357/1056
f 443/1429/1168 92/1404/1149 2318/1430/1169
f 2596/1457/1187 2289/1379/1133 2098/1308/1068
f 2398/1361/1117 2622/1380/1058 2420/1458/1188
f 2506/1348/1106 2695/1221/998 2604/1406/1151
f 2767/1193/978 2506/1348/1106 2420/1458/1188
f 2817/1332/1093 2898/1331/1092 2653/1459/1189
f 1732/1460/1190 1728/1461/1018 1797/1386/1138
f 1602/1462/1191 1614/1420/1163 1567/1419/1074
f 1420/1463/1192 1445/1238/1012 1689/1321/1082
f 1585/1464/1193 1489/1365/1120 1444/1423/910
f 1509/1335/1094 1179/1445/1180 1337/1391/1141
f 1337/1391/1141 1147/1465/1194 854/1446/1181
f 443/1429/1168 489/1368/1123 92/1404/1149
f 544/1405/1150 94/1455/1186 2043/1338/1097
f 258/1393/1142 2397/1394/1117 2419/1466/1195
f 2420/1458/1188 2622/1380/1058 2767/1193/978
f 2913/1194/979 2594/1467/1196 2762/1316/1077
f 3183/1413/1158 2794/1261/1032 2929/1412/1157
f 3271/1163/931 3490/1274/1043 3398/1468/1135
f 3467/1469/1100 3571/1470/1197 3436/1471/1198
f 1773/1447/1182 1729/1436/1174 1797/1386/1138
f 1625/1472/1199 1690/1473/1082 1732/1460/1190
f 1729/1436/1174 1650/1421/1164 1614/1420/1163
f 1420/1463/1192 1689/1321/1082 1624/1474/1200
f 1489/1365/1120 1585/1464/1193 1589/1266/1037
f 1445/1238/1012 1179/1445/1180 1276/1167/955
f 848/1475/1201 1328/1356/1113 1183/1285/1052
f 1004/1453/1185 860/1476/1202 444/1454/1168
f 728/1438/1176 510/1257/1029 871/1426/1167
f 444/1454/1168 860/1476/1202 490/1477/1123
f 2098/1308/1068 2319/1478/1203 2596/1457/1187
f 2395/1479/1204 2645/1480/1205 2319/1478/1203
f 3467/1469/1100 3049/1262/1033 3183/1413/1158
f 3429/1481/1206 3263/1482/1207 3244/1483/1035
f 3430/1484/1206 3245/1264/1035 3383/1376/1130
f 3567/1485/1208 3553/1230/965 3565/1224/1000
f 1179/1445/1180 1445/1238/1012 1420/1463/1192
f 1337/1391/1141 1179/1445/1180 1170/1486/1209
f 111/1487/1210 90/1488/1211 122/1489/1115
f 580/1329/1090 258/1393/1142 2071/1490/1212
f 2323/1395/1143 2069/1491/1213 2449/1492/1214
f 2419/1466/1195 2505/1493/1106 2071/1490/1212
f 3016/1494/1215 2887/1319/1080 3114/1371/1071
f 3263/1482/1207 3429/1481/1206 3292/1495/1216
f 3549/1496/1085 3532/1497/1152 3590/1498/1217
f 1732/1460/1190 1797/1386/1138 1729/1436/1174
f 1170/1486/1209 1147/1465/1194 1337/1391/1141
f 1179/1445/1180 1148/1499/1218 1170/1486/1209
f 1148/1499/1218 1147/1465/1194 1170/1486/1209
f 1338/1328/1089 1328/1356/1113 836/1500/1219
f 898/1408/1153 849/1501/1220 1184/1277/1046
f 958/1502/1221 798/1503/1148 568/1504/1222
f 568/1504/1222 798/1503/1148 366/1505/1172
f 437/1425/1166 580/1329/1090 2085/1506/1223
f 2085/1506/1223 580/1329/1090 2071/1490/1212
f 2318/1430/1169 92/1404/1149 2394/1507/1204
f 2596/1457/1187 2319/1478/1203 2645/1480/1205
f 2449/1492/1214 2618/1375/1129 2323/1395/1143
f 2843/1396/1144 2619/1434/1173 2798/1508/1224
f 2841/1381/1134 2654/1509/1225 2876/1351/1109
f 3461/1340/1099 3437/1237/1011 3581/1510/1226
f 1602/1462/1191 1697/1511/1227 1614/1420/1163
f 1147/1465/1194 1148/1499/1218 1179/1445/1180
f 1338/1328/1089 836/1500/1219 1144/1336/1095
f 898/1408/1153 1077/1136/928 621/1252/1025
f 2323/1395/1143 94/1455/1186 2069/1491/1213
f 258/1393/1142 2419/1466/1195 2071/1490/1212
f 2762/1316/1077 2525/1512/1228 2431/1431/1170
f 2898/1331/1092 2876/1351/1109 2417/1513/1229
f 3581/1510/1226 3437/1237/1011 3572/1514/1197
f 1763/1515/1230 1643/1516/1102 1655/1517/1231
f 1729/1436/1174 1614/1420/1163 1625/1472/1199
f 1174/1518/1232 1349/1249/1022 1471/1422/1165
f 1233/1519/1233 708/1424/1132 797/1402/1148
f 1233/1519/1233 1004/1453/1185 708/1424/1132
f 566/1520/1222 364/1521/1172 330/1522/1234
f 330/1522/1234 364/1521/1172 1909/1523/1235
f 364/1521/1172 2039/1524/1236 1909/1523/1235
f 2619/1434/1173 2448/1525/1237 2624/1526/1238
f 2898/1331/1092 2417/1513/1229 2401/1527/1239
f 3263/1482/1207 3177/1528/1240 3121/1529/1241
f 3430/1484/1206 3383/1376/1130 3400/1382/1135
f 1625/1472/1199 1732/1460/1190 1729/1436/1174
f 1433/1530/1242 1537/1531/1243 1481/1250/1023
f 1352/1401/1147 1432/1532/1244 1463/1185/972
f 1471/1422/1165 1418/1327/1088 1139/1373/1127
f 1179/1445/1180 1130/1533/1245 1147/1465/1194
f 860/1476/1202 1140/1534/1246 490/1477/1123
f 860/1476/1202 1004/1453/1185 1140/1534/1246
f 621/1252/1025 437/1425/1166 2085/1506/1223
f 1909/1523/1235 2039/1524/1236 2268/1535/1247
f 2069/1491/1213 1909/1523/1235 2449/1492/1214
f 2654/1509/1225 2841/1381/1134 2678/1536/1248
f 1710/1437/1175 1669/1537/1249 1763/1515/1230
f 1433/1530/1242 1481/1250/1023 1453/1226/1002
f 1179/1445/1180 1420/1463/1192 1130/1533/1245
f 798/1503/1148 1136/1538/1250 1234/1539/1233
f 1140/1534/1246 869/1540/1251 490/1477/1123
f 94/1455/1186 330/1522/1234 1909/1523/1235
f 2069/1491/1213 94/1455/1186 1909/1523/1235
f 1909/1523/1235 2268/1535/1247 2449/1492/1214
f 2042/1411/1156 2289/1379/1133 2346/1541/1252
f 1567/1419/1074 1697/1511/1227 1602/1462/1191
f 2071/1490/1212 2505/1493/1106 2085/1506/1223
f 2592/1350/1108 2817/1332/1093 2653/1459/1189
f 2401/1527/1239 2653/1459/1189 2898/1331/1092
f 3313/1432/1171 3245/1264/1035 3264/1542/1253
f 1763/1515/1230 1655/1517/1231 1710/1437/1175
f 1349/1249/1022 1151/1543/1254 1371/1355/1112
f 798/1503/1148 958/1502/1221 1136/1538/1250
f 848/1475/1201 836/1500/1219 1328/1356/1113
f 462/1544/1154 126/1545/1255 122/1489/1115
f 2603/1546/1151 2085/1506/1223 2505/1493/1106
f 2289/1379/1133 2596/1457/1187 2346/1541/1252
f 3183/1413/1158 2929/1412/1157 3111/1547/1256
f 1614/1420/1163 1697/1511/1227 1625/1472/1199
f 1419/1548/1192 1623/1549/1257 1397/1550/1258
f 1174/1518/1232 1151/1543/1254 1349/1249/1022
f 893/1551/1259 537/1267/1038 853/1330/1091
f 2085/1506/1223 2430/1552/1170 621/1252/1025
f 2393/1553/1260 90/1488/1211 111/1487/1210
f 2269/1554/1261 2041/1555/1156 2345/1556/1262
f 2085/1506/1223 2603/1546/1151 2430/1552/1170
f 2762/1316/1077 2594/1467/1196 2525/1512/1228
f 3323/1272/1041 3447/1273/1042 3582/1557/1263
f 3447/1273/1042 3461/1340/1099 3582/1557/1263
f 1761/1558/1230 1652/1449/1179 1642/1448/1183
f 1432/1532/1244 1452/1559/1002 1402/1146/938
f 1432/1532/1244 1402/1146/938 1463/1185/972
f 1069/1560/1264 1471/1422/1165 1139/1373/1127
f 854/1446/1181 1147/1465/1194 1130/1533/1245
f 566/1520/1222 665/1561/1265 1010/1562/1266
f 665/1561/1265 566/1520/1222 330/1522/1234
f 2654/1509/1225 2417/1513/1229 2876/1351/1109
f 3083/1563/1267 3121/1529/1241 3177/1528/1240
f 3116/1564/1071 3238/1284/962 3256/1565/1268
f 3490/1274/1043 3493/1566/1269 3398/1468/1135
f 1634/1452/1184 1697/1511/1227 1567/1419/1074
f 1444/1423/910 1514/1567/1270 1585/1464/1193
f 857/1568/1271 1069/1560/1264 1139/1373/1127
f 1011/1569/1266 957/1570/1272 567/1571/1273
f 990/1572/1274 895/1573/1275 854/1446/1181
f 871/1426/1167 536/1288/1055 891/1574/1276
f 898/1408/1153 621/1252/1025 2001/1575/1277
f 2841/1381/1134 2908/1364/1119 2717/1576/1278
f 3467/1469/1100 3183/1413/1158 3318/1577/1279
f 3508/1578/1280 3323/1272/1041 3582/1557/1263
f 3425/1414/1159 3534/1275/1044 3513/1579/1281
f 1710/1437/1175 1589/1266/1037 1669/1537/1249
f 1286/1580/1282 1651/1581/1283 1633/1582/1184
f 838/1583/1284 728/1438/1176 871/1426/1167
f 728/1438/1176 544/1405/1150 559/1322/1083
f 898/1408/1153 404/1584/1285 849/1501/1220
f 2001/1575/1277 621/1252/1025 2430/1552/1170
f 2448/1525/1237 2681/1585/1286 2624/1526/1238
f 2624/1526/1238 2798/1508/1224 2619/1434/1173
f 2841/1381/1134 2717/1576/1278 2706/1586/1287
f 3582/1557/1263 3461/1340/1099 3581/1510/1226
f 1669/1537/1249 1589/1266/1037 1585/1464/1193
f 1305/1587/1288 958/1502/1221 1207/1588/1289
f 464/1589/1154 491/1590/1123 508/1591/1290
f 94/1455/1186 421/1592/1291 330/1522/1234
f 111/1487/1210 122/1489/1115 126/1545/1255
f 2001/1575/1277 2430/1552/1170 2524/1593/1292
f 2389/1594/1293 2678/1536/1248 2841/1381/1134
f 2676/1595/1294 2596/1457/1187 2645/1480/1205
f 2674/1596/1295 2841/1381/1134 2686/1597/1296
f 2686/1597/1296 2841/1381/1134 2706/1586/1287
f 3128/1598/1297 3114/1371/1071 3255/1599/1268
f 1305/1587/1288 1136/1538/1250 958/1502/1221
f 1130/1533/1245 990/1572/1274 854/1446/1181
f 1206/1600/1289 957/1570/1272 1011/1569/1266
f 1128/1601/1245 838/1583/1284 871/1426/1167
f 498/1602/1298 490/1477/1123 869/1540/1251
f 2465/1603/1299 2346/1541/1252 2596/1457/1187
f 2841/1381/1134 2467/1604/1300 2389/1594/1293
f 2686/1597/1296 2706/1586/1287 2717/1576/1278
f 2887/1319/1080 2717/1576/1278 2908/1364/1119
f 1687/1605/1301 1585/1464/1193 1514/1567/1270
f 838/1583/1284 1128/1601/1245 1152/1606/1302
f 544/1405/1150 421/1592/1291 94/1455/1186
f 491/1590/1123 499/1607/1298 508/1591/1290
f 898/1408/1153 2001/1575/1277 404/1584/1285
f 2524/1593/1292 2593/1608/1196 1991/1609/1303
f 2448/1525/1237 2267/1610/1261 2463/1611/1299
f 2050/1612/1304 2592/1350/1108 2401/1527/1239
f 2592/1350/1108 2653/1459/1189 2401/1527/1239
f 2843/1396/1144 3111/1547/1256 2929/1412/1157
f 3513/1579/1281 3534/1275/1044 3566/1383/1136
f 1687/1605/1301 1669/1537/1249 1585/1464/1193
f 1537/1531/1243 1513/1366/1121 1481/1250/1023
f 1070/1613/1305 1471/1422/1165 1069/1560/1264
f 990/1572/1274 1130/1533/1245 872/1614/1306
f 942/1615/1307 871/1426/1167 891/1574/1276
f 811/1616/1308 728/1438/1176 838/1583/1284
f 728/1438/1176 811/1616/1308 544/1405/1150
f 2448/1525/1237 2463/1611/1299 2681/1585/1286
f 1397/1550/1258 1129/1617/1245 1419/1548/1192
f 1371/1355/1112 1151/1543/1254 1150/1618/1309
f 1471/1422/1165 912/1619/1310 1174/1518/1232
f 1069/1560/1264 857/1568/1271 1070/1613/1305
f 942/1615/1307 988/1620/1274 871/1426/1167
f 507/1621/1311 1144/1336/1095 836/1500/1219
f 836/1500/1219 848/1475/1201 507/1621/1311
f 680/1622/1312 665/1561/1265 330/1522/1234
f 2464/1623/1299 2269/1554/1261 2345/1556/1262
f 2596/1457/1187 2676/1595/1294 2465/1603/1299
f 3415/1320/1081 3425/1414/1159 3513/1579/1281
f 3512/1624/1313 3571/1470/1197 3467/1469/1100
f 912/1619/1310 1471/1422/1165 1070/1613/1305
f 912/1619/1310 1070/1613/1305 857/1568/1271
f 1285/1625/1314 1206/1600/1289 1011/1569/1266
f 857/1568/1271 1139/1373/1127 351/1626/1315
f 848/1475/1201 403/1627/1285 507/1621/1311
f 508/1591/1290 127/1628/1316 464/1589/1154
f 404/1584/1285 2001/1575/1277 1991/1609/1303
f 2592/1350/1108 2050/1612/1304 1990/1629/1317
f 2674/1596/1295 2467/1604/1300 2841/1381/1134
f 2527/1630/1318 2686/1597/1296 2717/1576/1278
f 2676/1595/1294 2645/1480/1205 2822/1631/1319
f 3016/1494/1215 2682/1632/1320 2887/1319/1080
f 3256/1565/1268 3238/1284/962 3313/1432/1171
f 3390/1372/1126 3323/1272/1041 3508/1578/1280
f 1617/1633/1321 1687/1605/1301 1514/1567/1270
f 1352/1401/1147 1341/1634/1322 1432/1532/1244
f 1371/1355/1112 1150/1618/1309 1352/1401/1147
f 1457/1635/1323 1154/1636/1324 1129/1617/1245
f 1140/1534/1246 1004/1453/1185 1368/1637/1325
f 1197/1638/1326 989/1639/1327 944/1640/1328
f 943/1641/1329 839/1642/1330 1153/1643/1302
f 1139/1373/1127 1144/1336/1095 351/1626/1315
f 222/1644/1331 111/1487/1210 126/1545/1255
f 2001/1575/1277 2524/1593/1292 1991/1609/1303
f 2128/1645/1332 2050/1612/1304 2401/1527/1239
f 2674/1596/1295 2686/1597/1296 2467/1604/1300
f 2681/1585/1286 2798/1508/1224 2624/1526/1238
f 3111/1547/1256 2843/1396/1144 3034/1646/1333
f 3292/1495/1216 3177/1528/1240 3263/1482/1207
f 3518/1202/986 3390/1372/1126 3473/1647/1334
f 3513/1579/1281 3566/1383/1136 3526/1648/1335
f 1397/1550/1258 1457/1635/1323 1129/1617/1245
f 1233/1519/1233 1356/1649/1336 1004/1453/1185
f 1140/1534/1246 1005/1650/1337 869/1540/1251
f 113/1651/1338 2574/1652/1339 2395/1479/1204
f 2128/1645/1332 2401/1527/1239 2417/1513/1229
f 2887/1319/1080 2682/1632/1320 2717/1576/1278
f 3318/1577/1279 3183/1413/1158 3111/1547/1256
f 3306/1653/1340 3313/1432/1171 3264/1542/1253
f 3523/1654/1341 3533/1440/1152 3415/1320/1081
f 3565/1224/1000 3517/1223/986 3545/1655/1342
f 1215/1656/1343 1393/1657/1344 1136/1538/1250
f 1368/1637/1325 1005/1650/1337 1140/1534/1246
f 1323/1658/1345 1285/1625/1314 1011/1569/1266
f 351/1626/1315 1144/1336/1095 507/1621/1311
f 2050/1612/1304 403/1627/1285 1990/1629/1317
f 2389/1594/1293 2654/1509/1225 2678/1536/1248
f 2645/1480/1205 2395/1479/1204 2574/1652/1339
f 3523/1654/1341 3415/1320/1081 3513/1579/1281
f 1600/1659/1346 1397/1550/1258 1623/1549/1257
f 1393/1657/1344 1234/1539/1233 1136/1538/1250
f 944/1640/1328 1154/1636/1324 1197/1638/1326
f 498/1602/1298 869/1540/1251 1005/1650/1337
f 544/1405/1150 811/1616/1308 421/1592/1291
f 2417/1513/1229 2654/1509/1225 2389/1594/1293
f 3128/1598/1297 3016/1494/1215 3114/1371/1071
f 3063/1660/1347 3083/1563/1267 3177/1528/1240
f 1581/1661/1348 1154/1636/1324 1457/1635/1323
f 1350/1662/1349 989/1639/1327 1197/1638/1326
f 912/1619/1310 804/1663/1350 1174/1518/1232
f 403/1627/1285 2050/1612/1304 507/1621/1311
f 507/1621/1311 2050/1612/1304 2128/1645/1332
f 351/1626/1315 2128/1645/1332 2417/1513/1229
f 2467/1604/1300 2686/1597/1296 2527/1630/1318
f 3292/1495/1216 3230/1664/1351 3177/1528/1240
f 3318/1577/1279 3427/1665/1352 3467/1469/1100
f 3567/1485/1208 3565/1224/1000 3562/1666/1353
f 1704/1667/1354 1669/1537/1249 1687/1605/1301
f 989/1639/1327 1350/1662/1349 1119/1668/1355
f 1151/1543/1254 1174/1518/1232 804/1663/1350
f 330/1522/1234 421/1592/1291 552/1669/1356
f 1937/1670/1357 2389/1594/1293 2467/1604/1300
f 3559/1671/1358 3532/1497/1152 3522/1672/1341
f 1600/1659/1346 1457/1635/1323 1397/1550/1258
f 1341/1634/1322 1352/1401/1147 1150/1618/1309
f 552/1669/1356 680/1622/1312 330/1522/1234
f 3574/1673/1359 3571/1470/1197 3512/1624/1313
f 1692/1674/1360 1581/1661/1348 1457/1635/1323
f 1662/1675/1361 1617/1633/1321 1514/1567/1270
f 1692/1674/1360 1457/1635/1323 1600/1659/1346
f 1662/1675/1361 1514/1567/1270 1538/1676/1243
f 1119/1668/1355 894/1677/1259 989/1639/1327
f 1150/1618/1309 1151/1543/1254 633/1678/1362
f 1010/1562/1266 665/1561/1265 877/1679/1363
f 857/1568/1271 351/1626/1315 514/1680/1364
f 715/1681/1365 548/1682/1366 422/1683/1291
f 507/1621/1311 2128/1645/1332 351/1626/1315
f 2467/1604/1300 2527/1630/1318 2193/1684/1367
f 2509/1685/1368 2466/1686/1299 2677/1687/1294
f 2888/1688/1369 3034/1646/1333 2843/1396/1144
f 3121/1529/1241 3083/1563/1267 3063/1660/1347
f 1697/1511/1227 1702/1689/1370 1625/1472/1199
f 1581/1661/1348 1197/1638/1326 1154/1636/1324
f 1322/1690/1345 1010/1562/1266 1134/1691/1371
f 943/1641/1329 812/1692/1308 839/1642/1330
f 1937/1670/1357 2417/1513/1229 2389/1594/1293
f 2463/1611/1299 2508/1693/1368 2681/1585/1286
f 2645/1480/1205 2574/1652/1339 2822/1631/1319
f 2843/1396/1144 2798/1508/1224 2888/1688/1369
f 3256/1565/1268 3313/1432/1171 3306/1653/1340
f 3568/1694/1372 3490/1274/1043 3548/1324/1085
f 1702/1689/1370 1677/1695/1373 1625/1472/1199
f 1676/1696/1374 1600/1659/1346 1623/1549/1257
f 1197/1638/1326 1581/1661/1348 1526/1697/1375
f 1350/1662/1349 1197/1638/1326 1526/1697/1375
f 1393/1657/1344 1358/1698/1336 1234/1539/1233
f 1305/1587/1288 1215/1656/1343 1136/1538/1250
f 804/1663/1350 633/1678/1362 1151/1543/1254
f 857/1568/1271 514/1680/1364 912/1619/1310
f 2201/1699/1376 112/1700/1338 223/1701/1331
f 1937/1670/1357 2467/1604/1300 2193/1684/1367
f 2527/1630/1318 2717/1576/1278 2682/1632/1320
f 3230/1664/1351 3063/1660/1347 3177/1528/1240
f 3532/1497/1152 3559/1671/1358 3590/1498/1217
f 3570/1702/1372 3549/1496/1085 3590/1498/1217
f 1350/1662/1349 1526/1697/1375 1606/1703/1377
f 1004/1453/1185 1356/1649/1336 1368/1637/1325
f 1010/1562/1266 877/1679/1363 1134/1691/1371
f 924/1704/1378 812/1692/1308 943/1641/1329
f 547/1705/1379 552/1669/1356 421/1592/1291
f 514/1680/1364 351/1626/1315 1937/1670/1357
f 351/1626/1315 2417/1513/1229 1937/1670/1357
f 3427/1665/1352 3512/1624/1313 3467/1469/1100
f 1692/1674/1360 1600/1659/1346 1676/1696/1374
f 1434/1706/1242 1662/1675/1361 1538/1676/1243
f 1285/1625/1314 1323/1658/1345 1377/1707/1380
f 812/1692/1308 715/1681/1365 422/1683/1291
f 1634/1452/1184 1659/1708/1381 1697/1511/1227
f 1581/1661/1348 1692/1674/1360 1606/1703/1377
f 1526/1697/1375 1581/1661/1348 1606/1703/1377
f 2574/1652/1339 113/1651/1338 2202/1709/1382
f 2174/1710/1383 2527/1630/1318 2682/1632/1320
f 3111/1547/1256 3034/1646/1333 3139/1711/1384
f 3566/1383/1136 3561/1712/1353 3526/1648/1335
f 1662/1675/1361 1434/1706/1242 1504/1713/1385
f 1470/1714/1386 1350/1662/1349 1606/1703/1377
f 912/1619/1310 514/1680/1364 804/1663/1350
f 3581/1510/1226 3572/1514/1197 3591/1715/1387
f 1753/1716/1388 1702/1689/1370 1697/1511/1227
f 1304/1717/1288 1206/1600/1289 1404/1718/1389
f 680/1622/1312 877/1679/1363 665/1561/1265
f 217/1719/1390 445/1720/1391 499/1607/1298
f 223/1701/1331 445/1720/1391 217/1719/1390
f 2712/1721/1392 2681/1585/1286 2508/1693/1368
f 2681/1585/1286 2888/1688/1369 2798/1508/1224
f 3401/1722/1393 3292/1495/1216 3429/1481/1206
f 3490/1274/1043 3568/1694/1372 3493/1566/1269
f 3562/1666/1353 3565/1224/1000 3545/1655/1342
f 1670/1723/1394 1633/1582/1184 1651/1581/1283
f 1305/1587/1288 1393/1657/1344 1215/1656/1343
f 914/1724/1395 1341/1634/1322 1150/1618/1309
f 472/1725/1396 217/1719/1390 499/1607/1298
f 514/1680/1364 1937/1670/1357 804/1663/1350
f 804/1663/1350 1937/1670/1357 234/1726/1397
f 2527/1630/1318 2174/1710/1383 2193/1684/1367
f 2491/1727/1398 2574/1652/1339 2202/1709/1382
f 3405/1728/1399 3430/1484/1206 3400/1382/1135
f 1668/1729/1249 1766/1730/1400 1762/1731/1230
f 1388/1732/1401 1368/1637/1325 1356/1649/1336
f 1285/1625/1314 1354/1733/1402 1206/1600/1289
f 1005/1650/1337 1368/1637/1325 1388/1732/1401
f 914/1724/1395 1150/1618/1309 633/1678/1362
f 470/1734/1396 498/1602/1298 1005/1650/1337
f 547/1705/1379 560/1735/1403 552/1669/1356
f 223/1701/1331 471/1736/1396 445/1720/1391
f 234/1726/1397 1937/1670/1357 2174/1710/1383
f 1937/1670/1357 2193/1684/1367 2174/1710/1383
f 2574/1652/1339 2694/1737/1404 2822/1631/1319
f 2933/1738/1405 3016/1494/1215 3128/1598/1297
f 3156/1739/1406 3111/1547/1256 3139/1711/1384
f 3156/1739/1406 3318/1577/1279 3111/1547/1256
f 1702/1689/1370 1722/1740/1407 1677/1695/1373
f 1393/1657/1344 1305/1587/1288 1536/1741/1408
f 1354/1733/1402 1404/1718/1389 1206/1600/1289
f 722/1742/1409 877/1679/1363 680/1622/1312
f 722/1742/1409 680/1622/1312 552/1669/1356
f 217/1719/1390 2201/1699/1376 223/1701/1331
f 2713/1743/1410 2509/1685/1368 2514/1744/1411
f 3591/1715/1387 3582/1557/1263 3581/1510/1226
f 1712/1745/1412 1753/1716/1388 1697/1511/1227
f 1659/1708/1381 1712/1745/1412 1697/1511/1227
f 1662/1675/1361 1504/1713/1385 1627/1746/1413
f 1373/1747/1414 1358/1698/1336 1393/1657/1344
f 508/1591/1290 166/1748/1415 127/1628/1316
f 2003/1749/1416 2174/1710/1383 2601/1750/1417
f 2601/1750/1417 2174/1710/1383 2682/1632/1320
f 2574/1652/1339 2491/1727/1398 2694/1737/1404
f 2933/1738/1405 2682/1632/1320 3016/1494/1215
f 1722/1740/1407 1696/1751/1418 1677/1695/1373
f 1606/1703/1377 1695/1752/1418 1613/1753/1419
f 892/1754/1259 924/1704/1378 943/1641/1329
f 633/1678/1362 804/1663/1350 234/1726/1397
f 499/1607/1298 445/1720/1391 508/1591/1290
f 144/1755/1420 472/1725/1396 224/1756/1421
f 222/1644/1331 126/1545/1255 143/1757/1422
f 2490/1758/1423 2509/1685/1368 2677/1687/1294
f 3586/1759/1424 3582/1557/1263 3591/1715/1387
f 1676/1696/1374 1695/1752/1418 1692/1674/1360
f 1606/1703/1377 1692/1674/1360 1695/1752/1418
f 1533/1760/1425 1627/1746/1413 1504/1713/1385
f 715/1681/1365 812/1692/1308 924/1704/1378
f 445/1720/1391 471/1736/1396 508/1591/1290
f 234/1726/1397 2174/1710/1383 2003/1749/1416
f 2601/1750/1417 2682/1632/1320 2933/1738/1405
f 3064/1761/1347 3231/1762/1426 3186/1763/1427
f 3523/1654/1341 3513/1579/1281 3539/1764/1428
f 3539/1764/1428 3513/1579/1281 3526/1648/1335
f 3508/1578/1280 3582/1557/1263 3586/1759/1424
f 1668/1729/1249 1703/1765/1354 1766/1730/1400
f 1406/1766/1429 1432/1532/1244 1341/1634/1322
f 633/1678/1362 234/1726/1397 2003/1749/1416
f 2490/1758/1423 2677/1687/1294 2680/1767/1430
f 2676/1595/1294 2822/1631/1319 2679/1768/1431
f 2888/1688/1369 2681/1585/1286 2712/1721/1392
f 1656/1769/1432 1633/1582/1184 1670/1723/1394
f 1656/1769/1432 1628/1770/1433 1633/1582/1184
f 1633/1582/1184 1628/1770/1433 1658/1771/1381
f 1606/1703/1377 1613/1753/1419 1470/1714/1386
f 1535/1772/1434 1304/1717/1288 1404/1718/1389
f 1503/1773/1385 1432/1532/1244 1406/1766/1429
f 560/1735/1403 722/1742/1409 552/1669/1356
f 3558/1774/1358 3521/1775/1341 3537/1776/1435
f 1722/1740/1407 1702/1689/1370 1753/1716/1388
f 1652/1449/1179 1761/1558/1230 1671/1777/1394
f 1173/1778/1436 1119/1668/1355 1350/1662/1349
f 1045/1779/1437 633/1678/1362 534/1780/1438
f 533/1781/1439 548/1682/1366 715/1681/1365
f 534/1780/1438 633/1678/1362 2003/1749/1416
f 3403/1782/1440 3399/1783/1441 3494/1784/1269
f 1662/1675/1361 1577/1785/1442 1617/1633/1321
f 1617/1633/1321 1577/1785/1442 1540/1786/1443
f 1218/1787/1444 1323/1658/1345 1135/1788/1371
f 914/1724/1395 633/1678/1362 1045/1779/1437
f 532/1789/1439 560/1735/1403 547/1705/1379
f 145/1790/1445 128/1791/1255 167/1792/1415
f 3303/1793/1446 3318/1577/1279 3156/1739/1406
f 1766/1730/1400 1771/1794/1447 1762/1731/1230
f 1722/1740/1407 1661/1795/1448 1696/1751/1418
f 1388/1732/1401 987/1796/1449 1005/1650/1337
f 1118/1797/1355 814/1798/1450 892/1754/1259
f 924/1704/1378 785/1799/1451 715/1681/1365
f 534/1780/1438 827/1800/1452 1045/1779/1437
f 472/1725/1396 144/1755/1420 217/1719/1390
f 3388/1801/1453 3390/1372/1126 3508/1578/1280
f 3497/1802/1454 3573/1803/1455 3511/1804/1313
f 1356/1649/1336 1259/1805/1456 1388/1732/1401
f 1377/1707/1380 1323/1658/1345 1218/1787/1444
f 914/1724/1395 1216/1806/1457 1341/1634/1322
f 995/1807/1458 1135/1788/1371 878/1808/1459
f 3544/1809/1342 3516/1810/986 3472/1811/1334
f 1753/1716/1388 1712/1745/1412 1722/1740/1407
f 1354/1733/1402 1240/1812/1460 1404/1718/1389
f 1173/1778/1436 1350/1662/1349 1470/1714/1386
f 1393/1657/1344 1536/1741/1408 1203/1813/1461
f 1285/1625/1314 1214/1814/1462 1354/1733/1402
f 495/1815/1463 508/1591/1290 471/1736/1396
f 166/1748/1415 508/1591/1290 495/1815/1463
f 534/1780/1438 2003/1749/1416 2114/1816/1464
f 3368/1817/1465 3427/1665/1352 3318/1577/1279
f 3368/1817/1465 3512/1624/1313 3427/1665/1352
f 3591/1715/1387 3572/1514/1197 3575/1818/1466
f 1760/1819/1230 1656/1769/1432 1670/1723/1394
f 1695/1752/1418 1595/1820/1467 1613/1753/1419
f 1404/1718/1389 1300/1821/1468 1535/1772/1434
f 1202/1822/1469 1535/1772/1434 1300/1821/1468
f 1377/1707/1380 1214/1814/1462 1285/1625/1314
f 1045/1779/1437 1216/1806/1457 914/1724/1395
f 2367/1823/1470 2003/1749/1416 2601/1750/1417
f 2514/1744/1411 2509/1685/1368 2490/1758/1423
f 3292/1495/1216 3401/1722/1393 3248/1824/1471
f 3303/1793/1446 3368/1817/1465 3318/1577/1279
f 3475/1825/1472 3388/1801/1453 3508/1578/1280
f 1627/1746/1413 1577/1785/1442 1662/1675/1361
f 1218/1787/1444 1135/1788/1371 995/1807/1458
f 892/1754/1259 814/1798/1450 924/1704/1378
f 554/1826/1473 828/1827/1474 535/1828/1438
f 2367/1823/1470 2114/1816/1464 2003/1749/1416
f 3494/1784/1269 3569/1829/1372 3403/1782/1440
f 3570/1702/1372 3590/1498/1217 3556/1830/1475
f 1659/1708/1381 1682/1831/1476 1712/1745/1412
f 3475/1825/1472 3508/1578/1280 3586/1759/1424
f 1712/1745/1412 1661/1795/1448 1722/1740/1407
f 1695/1752/1418 1603/1832/1477 1595/1820/1467
f 1382/1833/1478 1595/1820/1467 1522/1834/1479
f 1470/1714/1386 1613/1753/1419 1595/1820/1467
f 1382/1833/1478 1470/1714/1386 1595/1820/1467
f 1240/1812/1460 1300/1821/1468 1404/1718/1389
f 1203/1813/1461 1373/1747/1414 1393/1657/1344
f 948/1835/1480 1046/1836/1437 828/1827/1474
f 987/1796/1449 470/1734/1396 1005/1650/1337
f 1595/1820/1467 1603/1832/1477 1522/1834/1479
f 1354/1733/1402 1239/1837/1481 1240/1812/1460
f 1354/1733/1402 1236/1838/1482 1239/1837/1481
f 2712/1721/1392 2733/1839/1483 2888/1688/1369
f 2694/1737/1404 2650/1840/1484 2822/1631/1319
f 3171/1841/1485 3156/1739/1406 3139/1711/1384
f 3248/1824/1471 3230/1664/1351 3292/1495/1216
f 3390/1372/1126 3388/1801/1453 3473/1647/1334
f 3590/1498/1217 3559/1671/1358 3556/1830/1475
f 1646/1842/1486 1760/1819/1230 1770/1843/1447
f 1695/1752/1418 1660/1844/1487 1548/1845/1488
f 1687/1605/1301 1617/1633/1321 1540/1786/1443
f 1382/1833/1478 1522/1834/1479 1334/1846/1489
f 1238/1847/1490 1358/1698/1336 1373/1747/1414
f 1214/1814/1462 1236/1838/1482 1354/1733/1402
f 785/1799/1451 698/1848/1491 715/1681/1365
f 2115/1849/1464 2368/1850/1470 2385/1851/1492
f 2679/1768/1431 2822/1631/1319 2650/1840/1484
f 3591/1715/1387 3575/1818/1466 3564/1852/1493
f 1608/1853/1494 1704/1667/1354 1687/1605/1301
f 1695/1752/1418 1548/1845/1488 1603/1832/1477
f 1214/1814/1462 1377/1707/1380 1218/1787/1444
f 828/1827/1474 856/1854/1495 948/1835/1480
f 791/1855/1496 785/1799/1451 924/1704/1378
f 561/1856/1497 339/1857/1498 723/1858/1409
f 2602/1859/1417 2934/1860/1405 2951/1861/1499
f 1682/1831/1476 1657/1862/1500 1712/1745/1412
f 1712/1745/1412 1657/1862/1500 1661/1795/1448
f 1173/1778/1436 1470/1714/1386 1382/1833/1478
f 1388/1732/1401 1259/1805/1456 987/1796/1449
f 1062/1863/1501 1236/1838/1482 1214/1814/1462
f 834/1864/1502 856/1854/1495 828/1827/1474
f 715/1681/1365 698/1848/1491 533/1781/1439
f 1979/1865/1503 535/1828/1438 2116/1866/1464
f 2513/1867/1504 2713/1743/1410 2514/1744/1411
f 2491/1727/1398 2429/1868/1505 2694/1737/1404
f 3367/1869/1465 3497/1802/1454 3511/1804/1313
f 1660/1844/1487 1610/1870/1506 1548/1845/1488
f 1334/1846/1489 1059/1871/1507 1382/1833/1478
f 805/1872/1508 828/1827/1474 554/1826/1473
f 2115/1849/1464 2385/1851/1492 2584/1873/1509
f 2833/1874/1510 2368/1850/1470 2602/1859/1417
f 2577/1875/1511 2712/1721/1392 2512/1876/1504
f 3250/1877/1471 3264/1542/1253 3122/1878/1512
f 3306/1653/1340 3264/1542/1253 3250/1877/1471
f 3156/1739/1406 3171/1841/1485 3303/1793/1446
f 1646/1842/1486 1656/1769/1432 1760/1819/1230
f 1603/1832/1477 1548/1845/1488 1522/1834/1479
f 1344/1879/1513 1522/1834/1479 1548/1845/1488
f 1016/1880/1514 1300/1821/1468 1240/1812/1460
f 1167/1881/1515 1373/1747/1414 1203/1813/1461
f 1236/1838/1482 1240/1812/1460 1239/1837/1481
f 1300/1821/1468 1016/1880/1514 1202/1822/1469
f 1218/1787/1444 1062/1863/1501 1214/1814/1462
f 834/1864/1502 828/1827/1474 805/1872/1508
f 1978/1882/1516 2115/1849/1464 2584/1873/1509
f 2491/1727/1398 2202/1709/1382 2429/1868/1505
f 3556/1830/1475 3559/1671/1358 3524/1883/1517
f 1591/1884/1518 1573/1885/1519 1501/1886/1520
f 1172/1887/1436 1381/1888/1521 1056/1889/1507
f 1118/1797/1355 1002/1890/1522 814/1798/1450
f 924/1704/1378 814/1798/1450 791/1855/1496
f 3524/1883/1517 3559/1671/1358 3538/1891/1428
f 1110/1892/1523 1217/1893/1457 1046/1836/1437
f 723/1858/1409 339/1857/1498 821/1894/1524
f 532/1789/1439 152/1895/1525 560/1735/1403
f 217/1719/1390 144/1755/1420 2201/1699/1376
f 2833/1874/1510 2602/1859/1417 2951/1861/1499
f 2951/1861/1499 2934/1860/1405 3129/1896/1297
f 3536/1897/1428 3525/1898/1335 3530/1899/1526
f 1460/1900/1527 1540/1786/1443 1577/1785/1442
f 1240/1812/1460 1236/1838/1482 1062/1863/1501
f 1056/1889/1507 998/1901/1528 1172/1887/1436
f 821/1894/1524 878/1808/1459 723/1858/1409
f 1979/1865/1503 554/1826/1473 535/1828/1438
f 3525/1898/1335 3560/1902/1353 3554/1903/1529
f 1577/1785/1442 1627/1746/1413 1533/1760/1425
f 1505/1904/1385 1407/1905/1429 1525/1906/1530
f 1522/1834/1479 1344/1879/1513 1076/1907/1531
f 1172/1887/1436 1073/1908/1531 1343/1909/1532
f 1117/1910/1355 1172/1887/1436 1023/1911/1533
f 1023/1911/1533 1037/1912/1534 1117/1910/1355
f 998/1901/1528 1036/1913/1535 1172/1887/1436
f 1117/1910/1355 1037/1912/1534 999/1914/1536
f 1218/1787/1444 995/1807/1458 821/1894/1524
f 805/1872/1508 948/1835/1480 856/1854/1495
f 1003/1915/1528 1058/1916/1507 792/1917/1537
f 856/1854/1495 834/1864/1502 805/1872/1508
f 987/1796/1449 500/1918/1538 470/1734/1396
f 2738/1919/1539 2385/1851/1492 2368/1850/1470
f 3033/1920/1333 2889/1921/1540 2734/1922/1541
f 3249/1923/1471 3120/1924/1512 3157/1925/1542
f 3249/1923/1471 3186/1763/1427 3231/1762/1426
f 3524/1883/1517 3538/1891/1428 3485/1926/1543
f 1703/1765/1354 1601/1927/1544 1766/1730/1400
f 1608/1853/1494 1687/1605/1301 1540/1786/1443
f 1334/1846/1489 1522/1834/1479 1076/1907/1531
f 1023/1911/1533 1172/1887/1436 1343/1909/1532
f 976/1928/1545 1357/1929/1546 933/1930/1547
f 1172/1887/1436 1036/1913/1535 1073/1908/1531
f 1074/1931/1531 1037/1912/1534 1023/1911/1533
f 1074/1931/1531 1023/1911/1533 1000/1932/1528
f 1333/1933/1489 1029/1934/1548 1057/1935/1507
f 1110/1892/1523 1046/1836/1437 948/1835/1480
f 785/1799/1451 1057/1935/1507 1029/1934/1548
f 785/1799/1451 791/1855/1496 1057/1935/1507
f 731/1936/1549 698/1848/1491 785/1799/1451
f 533/1781/1439 698/1848/1491 153/1937/1550
f 154/1938/1551 339/1857/1498 561/1856/1497
f 240/1939/1552 669/1940/1553 1846/1941/1554
f 2514/1744/1411 2490/1758/1423 2513/1867/1504
f 2577/1875/1511 2733/1839/1483 2712/1721/1392
f 1628/1770/1433 1681/1942/1555 1658/1771/1381
f 1657/1862/1500 1611/1943/1506 1661/1795/1448
f 976/1928/1545 1260/1944/1456 1357/1929/1546
f 500/1918/1538 494/1945/1463 470/1734/1396
f 418/1946/1556 1980/1947/1503 1846/1941/1554
f 418/1946/1556 1846/1941/1554 669/1940/1553
f 1846/1941/1554 1980/1947/1503 2442/1948/1557
f 240/1939/1552 1846/1941/1554 2568/1949/1558
f 3033/1920/1333 2734/1922/1541 2737/1950/1559
f 3157/1925/1542 3120/1924/1512 3064/1761/1347
f 3148/1951/1560 3129/1896/1297 3257/1952/1268
f 3556/1830/1475 3404/1953/1561 3570/1702/1372
f 3554/1903/1529 3560/1902/1353 3543/1954/1342
f 3586/1759/1424 3591/1715/1387 3499/1955/1562
f 1703/1765/1354 1607/1956/1494 1601/1927/1544
f 1464/1957/1563 1459/1958/1564 1576/1959/1442
f 1373/1747/1414 1167/1881/1515 1238/1847/1490
f 1016/1880/1514 1166/1960/1565 1202/1822/1469
f 1029/1934/1548 1333/1933/1489 1075/1961/1531
f 1062/1863/1501 1218/1787/1444 821/1894/1524
f 947/1962/1566 1075/1961/1531 1003/1915/1528
f 947/1962/1566 1003/1915/1528 792/1917/1537
f 803/1963/1567 731/1936/1549 785/1799/1451
f 995/1807/1458 878/1808/1459 821/1894/1524
f 590/1964/1568 554/1826/1473 1979/1865/1503
f 591/1965/1568 1980/1947/1503 418/1946/1556
f 2429/1868/1505 2202/1709/1382 145/1790/1445
f 1846/1941/1554 2442/1948/1557 2568/1949/1558
f 2584/1873/1509 2385/1851/1492 2738/1919/1539
f 2680/1767/1430 2651/1966/1569 2496/1967/1570
f 3484/1968/1543 3536/1897/1428 3530/1899/1526
f 1480/1969/1571 1525/1906/1530 1407/1905/1429
f 947/1962/1566 785/1799/1451 1029/1934/1548
f 947/1962/1566 803/1963/1567 785/1799/1451
f 1978/1882/1516 2584/1873/1509 2441/1970/1572
f 2220/1971/1573 2490/1758/1423 2680/1767/1430
f 2650/1840/1484 2694/1737/1404 2589/1972/1574
f 3157/1925/1542 3186/1763/1427 3249/1923/1471
f 3295/1973/1575 3256/1565/1268 3306/1653/1340
f 3431/1974/1206 3406/1975/1561 3402/1976/1393
f 3591/1715/1387 3564/1852/1493 3499/1955/1562
f 1182/1977/1576 1217/1893/1457 1110/1892/1523
f 1237/1978/1490 933/1930/1547 1357/1929/1546
f 1062/1863/1501 1016/1880/1514 1240/1812/1460
f 1029/1934/1548 1075/1961/1531 947/1962/1566
f 353/1979/1577 821/1894/1524 339/1857/1498
f 581/1980/1578 594/1981/1579 418/1946/1556
f 594/1981/1579 591/1965/1568 418/1946/1556
f 2490/1758/1423 2220/1971/1573 2513/1867/1504
f 3573/1803/1455 3497/1802/1454 3563/1982/1580
f 1533/1760/1425 1504/1713/1385 1524/1983/1530
f 1425/1984/1581 1480/1969/1571 1407/1905/1429
f 805/1872/1508 1110/1892/1523 948/1835/1480
f 960/1985/1582 1062/1863/1501 821/1894/1524
f 554/1826/1473 959/1986/1583 805/1872/1508
f 669/1940/1553 886/1987/1584 581/1980/1578
f 595/1988/1585 581/1980/1578 886/1987/1584
f 592/1989/1568 595/1988/1585 886/1987/1584
f 669/1940/1553 581/1980/1578 418/1946/1556
f 151/1990/1586 697/1991/1491 520/1992/1587
f 3008/1993/1588 2833/1874/1510 2951/1861/1499
f 3035/1994/1589 3138/1995/1384 3033/1920/1333
f 3138/1995/1384 3035/1994/1589 3170/1996/1485
f 3530/1899/1526 3525/1898/1335 3541/1997/1590
f 1682/1831/1476 1611/1943/1506 1657/1862/1500
f 1607/1956/1494 1539/1998/1443 1459/1958/1564
f 1344/1879/1513 1548/1845/1488 1458/1999/1591
f 644/2000/1592 731/1936/1549 803/1963/1567
f 554/1826/1473 590/1964/1568 885/2001/1584
f 2496/1967/1570 2220/1971/1573 2680/1767/1430
f 2589/1972/1574 2694/1737/1404 2429/1868/1505
f 2441/1970/1572 2584/1873/1509 2671/2002/1593
f 2738/1919/1539 2688/2003/1594 2584/1873/1509
f 2671/2002/1593 2584/1873/1509 2688/2003/1594
f 3265/2004/1595 3307/2005/1340 3251/2006/1471
f 1596/2007/1596 1611/1943/1506 1682/1831/1476
f 1630/2008/1433 1596/2007/1596 1682/1831/1476
f 1607/1956/1494 1459/1958/1564 1565/2009/1597
f 933/1930/1547 724/2010/1598 976/1928/1545
f 1062/1863/1501 960/1985/1582 1016/1880/1514
f 960/1985/1582 821/1894/1524 663/2011/1599
f 947/1962/1566 792/1917/1537 803/1963/1567
f 987/1796/1449 1259/1805/1456 500/1918/1538
f 167/1792/1415 496/2012/1463 110/2013/1600
f 121/2014/1601 239/2015/1602 2567/2016/1558
f 1601/1927/1544 1607/1956/1494 1565/2009/1597
f 1491/2017/1603 1465/2018/1563 1577/1785/1442
f 1016/1880/1514 960/1985/1582 663/2011/1599
f 1024/2019/1533 813/2020/1450 1001/2021/1522
f 339/1857/1498 154/1938/1551 1855/2022/1604
f 121/2014/1601 2567/2016/1558 2564/2023/1605
f 3147/2024/1606 3256/1565/1268 3295/1973/1575
f 1344/1879/1513 1458/1999/1591 1213/2025/1607
f 959/1986/1583 554/1826/1473 885/2001/1584
f 792/1917/1537 815/2026/1608 451/2027/1609
f 792/1917/1537 644/2000/1592 803/1963/1567
f 2362/2028/1610 2513/1867/1504 2220/1971/1573
f 2671/2002/1593 2688/2003/1594 2955/2029/1611
f 3541/1997/1590 3525/1898/1335 3554/1903/1529
f 1628/1770/1433 1656/1769/1432 1511/2030/1612
f 1262/2031/1613 1590/2032/1614 1500/2033/1520
f 1342/2034/1615 1217/1893/1457 1182/1977/1576
f 353/1979/1577 663/2011/1599 821/1894/1524
f 110/2013/1600 145/1790/1445 167/1792/1415
f 2442/1948/1557 2813/2035/1616 2568/1949/1558
f 3402/1976/1393 3406/1975/1561 3332/2036/1617
f 3456/2037/1618 3586/1759/1424 3499/1955/1562
f 1767/2038/1619 1588/2039/1620 1724/2040/1621
f 1610/1870/1506 1724/2040/1621 1588/2039/1620
f 1610/1870/1506 1458/1999/1591 1548/1845/1488
f 1238/1847/1490 1167/1881/1515 795/2041/1622
f 968/2042/1623 669/1940/1553 240/1939/1552
f 451/2027/1609 644/2000/1592 792/1917/1537
f 456/2043/1624 496/2012/1463 501/2044/1538
f 105/2045/1625 145/1790/1445 110/2013/1600
f 1855/2022/1604 1993/2046/1626 339/1857/1498
f 105/2045/1625 2429/1868/1505 145/1790/1445
f 2564/2023/1605 2308/2047/1627 121/2014/1601
f 2178/2048/1628 2496/1967/1570 2651/1966/1569
f 2513/1867/1504 2362/2028/1610 2579/2049/1511
f 2833/1874/1510 2738/1919/1539 2368/1850/1470
f 3157/1925/1542 3064/1761/1347 3186/1763/1427
f 1588/2039/1620 1458/1999/1591 1610/1870/1506
f 698/1848/1491 731/1936/1549 417/2050/1629
f 1993/2046/1626 353/1979/1577 339/1857/1498
f 121/2014/1601 2308/2047/1627 2015/2051/1630
f 2220/1971/1573 2496/1967/1570 2178/2048/1628
f 2688/2003/1594 2738/1919/1539 2955/2029/1611
f 2737/1950/1559 3035/1994/1589 3033/1920/1333
f 1601/1927/1544 1558/2052/1631 1766/1730/1400
f 1646/1842/1486 1511/2030/1612 1656/1769/1432
f 1342/2034/1615 1482/2053/1632 1407/1905/1429
f 1016/1880/1514 794/2054/1622 1166/1960/1565
f 1237/1978/1490 793/2055/1622 933/1930/1547
f 644/2000/1592 417/2050/1629 731/1936/1549
f 110/2013/1600 496/2012/1463 456/2043/1624
f 1855/2022/1604 2361/2056/1633 1993/2046/1626
f 1993/2046/1626 2361/2056/1633 2219/2057/1573
f 3148/1951/1560 2951/1861/1499 3129/1896/1297
f 1771/1794/1447 1766/1730/1400 1558/2052/1631
f 1725/2058/1634 1611/1943/1506 1596/2007/1596
f 886/1987/1584 669/1940/1553 1035/2059/1635
f 805/1872/1508 959/1986/1583 1110/1892/1523
f 639/2060/1636 1016/1880/1514 663/2011/1599
f 502/2061/1538 1260/1944/1456 976/1928/1545
f 353/1979/1577 1993/2046/1626 162/2062/1637
f 2812/2063/1616 2441/1970/1572 2671/2002/1593
f 3071/2064/1638 3303/1793/1446 3171/1841/1485
f 1511/2030/1612 1454/2065/1639 1628/1770/1433
f 1327/2066/1640 1458/1999/1591 1588/2039/1620
f 1482/2053/1632 1342/2034/1615 1182/1977/1576
f 1034/2067/1635 1042/2068/1641 885/2001/1584
f 885/2001/1584 1042/2068/1641 1043/2069/1642
f 1114/2070/1643 885/2001/1584 1043/2069/1642
f 1049/2071/1644 1035/2059/1635 669/1940/1553
f 669/1940/1553 968/2042/1623 1049/2071/1644
f 520/1992/1587 697/1991/1491 416/2072/1629
f 2248/2073/1645 151/1990/1586 520/1992/1587
f 151/1990/1586 2248/2073/1645 1854/2074/1646
f 2015/2051/1630 290/2075/1647 121/2014/1601
f 162/2062/1637 1993/2046/1626 2177/2076/1628
f 1993/2046/1626 2219/2057/1573 2177/2076/1628
f 2651/1966/1569 2278/2077/1648 2178/2048/1628
f 2568/1949/1558 2813/2035/1616 2796/2078/1649
f 3102/2079/1650 3368/1817/1465 3303/1793/1446
f 3356/2080/1651 3563/1982/1580 3497/1802/1454
f 1558/2052/1631 1620/2081/1652 1771/1794/1447
f 1767/2038/1619 1672/2082/1653 1588/2039/1620
f 1212/2083/1654 1023/1911/1533 1343/1909/1532
f 1114/2070/1643 1042/2068/1641 1034/2067/1635
f 1043/2069/1642 1042/2068/1641 1114/2070/1643
f 959/1986/1583 885/2001/1584 1114/2070/1643
f 121/2014/1601 967/2084/1623 239/2015/1602
f 2248/2073/1645 2360/2085/1655 1854/2074/1646
f 2589/1972/1574 2429/1868/1505 2274/2086/1656
f 2650/1840/1484 2589/1972/1574 2274/2086/1656
f 3328/2087/1657 3251/2006/1471 3402/1976/1393
f 1800/2088/1658 1807/2089/1659 1724/2040/1621
f 1807/2089/1659 1767/2038/1619 1724/2040/1621
f 1596/2007/1596 1701/2090/1660 1725/2058/1634
f 1588/2039/1620 1672/2082/1653 1327/2066/1640
f 1533/1760/1425 1491/2017/1603 1577/1785/1442
f 1573/1885/1519 1591/1884/1518 1385/2091/1661
f 1458/1999/1591 1327/2066/1640 1213/2025/1607
f 1114/2070/1643 1306/2092/1662 959/1986/1583
f 1024/2019/1533 751/2093/1663 813/2020/1450
f 724/2010/1598 933/1930/1547 586/2094/1664
f 933/1930/1547 793/2055/1622 586/2094/1664
f 816/2095/1450 325/2096/1665 452/2097/1666
f 663/2011/1599 353/1979/1577 639/2060/1636
f 639/2060/1636 353/1979/1577 162/2062/1637
f 2274/2086/1656 2429/1868/1505 105/2045/1625
f 2015/2051/1630 2308/2047/1627 2320/2098/1667
f 2565/2099/1668 2687/2100/1669 2309/2101/1670
f 3286/2102/1671 3497/1802/1454 3367/1869/1465
f 3585/2103/1672 3455/2104/1618 3474/2105/1673
f 3472/1811/1334 3520/2106/1674 3544/1809/1342
f 1770/1843/1447 1619/2107/1675 1546/2108/1676
f 1429/2109/1677 1533/1760/1425 1524/1983/1530
f 1429/2109/1677 1491/2017/1603 1533/1760/1425
f 1672/2082/1653 1302/2110/1678 1327/2066/1640
f 1263/2111/1679 1501/1886/1520 1573/1885/1519
f 1110/1892/1523 959/1986/1583 1306/2092/1662
f 639/2060/1636 794/2054/1622 1016/1880/1514
f 799/2112/1680 967/2084/1623 121/2014/1601
f 3102/2079/1650 3303/1793/1446 3071/2064/1638
f 1802/2113/1681 1725/2058/1634 1781/2114/1682
f 1048/2115/1644 1114/2070/1643 1034/2067/1635
f 604/2116/1683 121/2014/1601 290/2075/1647
f 1895/2117/1684 2015/2051/1630 2320/2098/1667
f 2178/2048/1628 48/2118/1685 163/2119/1637
f 2360/2085/1655 2248/2073/1645 2578/2120/1511
f 2320/2098/1667 2308/2047/1627 2710/2121/1686
f 2734/1922/1541 2536/2122/1687 2737/1950/1559
f 2812/2063/1616 2671/2002/1593 2955/2029/1611
f 3328/2087/1657 3402/1976/1393 3332/2036/1617
f 1800/2088/1658 1816/2123/1688 1807/2089/1659
f 1814/2124/1689 1801/2125/1681 1780/2126/1682
f 1781/2114/1682 1725/2058/1634 1701/2090/1660
f 1546/2108/1676 1646/1842/1486 1770/1843/1447
f 1455/2127/1639 1512/2128/1612 1279/2129/1690
f 1384/2130/1691 1590/2032/1614 1262/2031/1613
f 1464/1957/1563 1317/2131/1692 1459/1958/1564
f 976/1928/1545 724/2010/1598 502/2061/1538
f 2015/2051/1630 1895/2117/1684 290/2075/1647
f 2274/2086/1656 2277/2132/1648 2650/1840/1484
f 2746/2133/1693 3035/1994/1589 2737/1950/1559
f 3406/1975/1561 3351/2134/1694 3332/2036/1617
f 1302/2110/1678 1025/2135/1695 1327/2066/1640
f 1025/2135/1695 1213/2025/1607 1327/2066/1640
f 326/2136/1696 416/2072/1629 643/2137/1697
f 502/2061/1538 724/2010/1598 106/2138/1625
f 1977/2139/1698 2248/2073/1645 520/1992/1587
f 2947/2140/1699 2955/2029/1611 2738/1919/1539
f 2905/2141/1700 3170/1996/1485 3035/1994/1589
f 3356/2080/1651 3498/2142/1562 3563/1982/1580
f 1800/2088/1658 1793/2143/1701 1816/2123/1688
f 712/2144/1702 796/2145/1622 640/2146/1703
f 724/2010/1598 85/2147/1704 106/2138/1625
f 2283/2148/1705 48/2118/1685 2178/2048/1628
f 2234/2149/1706 1895/2117/1684 2320/2098/1667
f 2234/2149/1706 2320/2098/1667 2489/2150/1707
f 2687/2100/1669 2711/2151/1686 2309/2101/1670
f 2833/1874/1510 3008/1993/1588 2947/2140/1699
f 3170/1996/1485 2905/2141/1700 3070/2152/1638
f 3474/2105/1673 3227/2153/1708 3386/2154/1709
f 1814/2124/1689 1811/2155/1710 1801/2125/1681
f 1809/2156/1710 1793/2143/1701 1800/2088/1658
f 1145/2157/1711 1024/2019/1533 1301/2158/1712
f 1048/2115/1644 1228/2159/1713 1114/2070/1643
f 604/2116/1683 799/2112/1680 121/2014/1601
f 751/2093/1663 324/2160/1714 813/2020/1450
f 85/2147/1704 2273/2161/1715 106/2138/1625
f 2178/2048/1628 2278/2077/1648 2283/2148/1705
f 2536/2122/1687 2734/1922/1541 2578/2120/1511
f 2987/2162/1716 2568/1949/1558 2796/2078/1649
f 2947/2140/1699 2738/1919/1539 2833/1874/1510
f 3557/2163/1717 3351/2134/1694 3406/1975/1561
f 3391/2164/1718 3524/1883/1517 3485/1926/1543
f 1746/2165/1719 1616/2166/1720 1793/2143/1701
f 1145/2157/1711 751/2093/1663 1024/2019/1533
f 48/2118/1685 641/2167/1636 163/2119/1637
f 724/2010/1598 586/2094/1664 85/2147/1704
f 85/2147/1704 2276/2168/1648 2273/2161/1715
f 2710/2121/1686 2489/2150/1707 2320/2098/1667
f 2565/2099/1668 2856/2169/1721 2687/2100/1669
f 3008/1993/1588 2951/1861/1499 2919/2170/1722
f 3296/2171/1723 3307/2005/1340 3265/2004/1595
f 3286/2102/1671 3367/1869/1465 3101/2172/1650
f 3556/1830/1475 3524/1883/1517 3360/2173/1724
f 1767/2038/1619 1673/2174/1725 1672/2082/1653
f 1546/2108/1676 1511/2030/1612 1646/1842/1486
f 1228/2159/1713 1306/2092/1662 1114/2070/1643
f 967/2084/1623 1224/2175/1726 1047/2176/1644
f 520/1992/1587 416/2072/1629 1977/2139/1698
f 449/2177/1727 501/2044/1538 104/2178/1625
f 2248/2073/1645 2536/2122/1687 2578/2120/1511
f 3251/2006/1471 3328/2087/1657 3265/2004/1595
f 1746/2165/1719 1793/2143/1701 1809/2156/1710
f 1498/2179/1728 1701/2090/1660 1596/2007/1596
f 1498/2179/1728 1596/2007/1596 1630/2008/1433
f 1424/2180/1729 1558/2052/1631 1601/1927/1544
f 1565/2009/1597 1424/2180/1729 1601/1927/1544
f 796/2145/1622 712/2144/1702 787/2181/1730
f 787/2181/1730 587/2182/1731 796/2145/1622
f 1895/2117/1684 306/2183/1732 290/2075/1647
f 1977/2139/1698 2536/2122/1687 2248/2073/1645
f 2260/2184/1733 2701/2185/1734 2443/2186/1735
f 3540/2187/1736 3530/1899/1526 3541/1997/1590
f 1780/2126/1682 1700/2188/1660 1755/2189/1737
f 1767/2038/1619 1807/2089/1659 1673/2174/1725
f 1793/2143/1701 1616/2166/1720 1785/2190/1738
f 1455/2127/1639 1497/2191/1739 1629/2192/1433
f 1306/2092/1662 1324/2193/1740 1110/1892/1523
f 1325/2194/1741 1110/1892/1523 1324/2193/1740
f 1326/2195/1742 1110/1892/1523 1325/2194/1741
f 1182/1977/1576 1110/1892/1523 1326/2195/1742
f 786/2196/1730 382/2197/1743 586/2094/1664
f 644/2000/1592 451/2027/1609 327/2198/1744
f 85/2147/1704 586/2094/1664 382/2197/1743
f 1895/2117/1684 2234/2149/1706 306/2183/1732
f 2234/2149/1706 2701/2185/1734 2260/2184/1733
f 2701/2185/1734 2234/2149/1706 2489/2150/1707
f 2444/2199/1735 2722/2200/1745 2837/2201/1746
f 2987/2162/1716 2565/2099/1668 2568/1949/1558
f 3495/2202/1747 3556/1830/1475 3360/2173/1724
f 1780/2126/1682 1799/2203/1748 1814/2124/1689
f 1482/2053/1632 1182/1977/1576 1416/2204/1749
f 1306/2092/1662 1416/2204/1749 1324/2193/1740
f 1325/2194/1741 1324/2193/1740 1416/2204/1749
f 1325/2194/1741 1416/2204/1749 1326/2195/1742
f 1326/2195/1742 1416/2204/1749 1182/1977/1576
f 1224/2175/1726 1227/2205/1713 1047/2176/1644
f 600/2206/1750 324/2160/1714 751/2093/1663
f 449/2177/1727 483/2207/1751 501/2044/1538
f 483/2207/1751 456/2043/1624 501/2044/1538
f 306/2183/1732 604/2116/1683 290/2075/1647
f 52/2208/1752 312/2209/1753 2260/2184/1733
f 2109/2210/1754 52/2208/1752 2260/2184/1733
f 2260/2184/1733 2443/2186/1735 2109/2210/1754
f 2837/2201/1746 2297/2211/1755 2444/2199/1735
f 2489/2150/1707 2710/2121/1686 2763/2212/1756
f 2746/2133/1693 2905/2141/1700 3035/1994/1589
f 2919/2170/1722 2951/1861/1499 3148/1951/1560
f 3286/2102/1671 3356/2080/1651 3497/1802/1454
f 3520/2106/1674 3472/1811/1334 3387/2213/1757
f 1814/2124/1689 1818/2214/1758 1811/2155/1710
f 1816/2123/1688 1793/2143/1701 1785/2190/1738
f 1799/2203/1748 1780/2126/1682 1755/2189/1737
f 48/2118/1685 713/2215/1702 641/2167/1636
f 306/2183/1732 2234/2149/1706 2260/2184/1733
f 2164/2216/1759 2278/2077/1648 86/2217/1704
f 2283/2148/1705 2278/2077/1648 2164/2216/1759
f 2279/2218/1760 2297/2211/1755 2837/2201/1746
f 2443/2186/1735 2925/2219/1761 2721/2220/1762
f 2443/2186/1735 2701/2185/1734 2925/2219/1761
f 3520/2106/1674 3387/2213/1757 3464/2221/1763
f 3350/2222/1694 3556/1830/1475 3448/2223/1764
f 3484/1968/1543 3530/1899/1526 3540/2187/1736
f 3544/1809/1342 3520/2106/1674 3580/2224/1765
f 1820/2225/1766 1818/2214/1758 1814/2124/1689
f 1700/2188/1660 1621/2226/1652 1755/2189/1737
f 1573/1885/1519 1160/2227/1767 1263/2111/1679
f 529/2228/1768 604/2116/1683 306/2183/1732
f 306/2183/1732 409/2229/1769 529/2228/1768
f 312/2209/1753 306/2183/1732 2260/2184/1733
f 2297/2211/1755 2110/2230/1754 2444/2199/1735
f 2700/2231/1770 2279/2218/1760 2837/2201/1746
f 2655/2232/1771 2746/2133/1693 2737/1950/1559
f 1410/2233/1772 1424/2180/1729 1565/2009/1597
f 1482/2053/1632 1425/1984/1581 1407/1905/1429
f 832/2234/1773 604/2116/1683 529/2228/1768
f 1862/2235/1774 105/2045/1625 110/2013/1600
f 65/2236/1775 2164/2216/1759 86/2217/1704
f 2655/2232/1771 2737/1950/1559 2536/2122/1687
f 2489/2150/1707 3021/2237/1776 2701/2185/1734
f 3455/2104/1618 3273/2238/1777 3474/2105/1673
f 3360/2173/1724 3524/1883/1517 3391/2164/1718
f 3492/2239/1778 3484/1968/1543 3540/2187/1736
f 1810/2240/1710 1784/2241/1779 1747/2242/1719
f 1542/2243/1780 1302/2110/1678 1672/2082/1653
f 858/2244/1781 832/2234/1773 529/2228/1768
f 456/2043/1624 483/2207/1751 110/2013/1600
f 64/2245/1775 449/2177/1727 104/2178/1625
f 64/2245/1775 104/2178/1625 1861/2246/1774
f 3540/2187/1736 3541/1997/1590 3527/2247/1782
f 3554/1903/1529 3543/1954/1342 3579/2248/1765
f 1820/2225/1766 1814/2124/1689 1799/2203/1748
f 1745/2249/1719 1686/2250/1783 1615/2251/1720
f 1545/2252/1784 1699/2253/1660 1497/2191/1739
f 1279/2129/1690 1512/2128/1612 1257/2254/1785
f 1160/2227/1767 1573/1885/1519 1385/2091/1661
f 832/2234/1773 840/2255/1786 604/2116/1683
f 713/2215/1702 48/2118/1685 386/2256/1787
f 382/2197/1743 63/2257/1788 85/2147/1704
f 2905/2141/1700 2746/2133/1693 2655/2232/1771
f 3448/2223/1764 3556/1830/1475 3495/2202/1747
f 1784/2241/1779 1734/2258/1789 1747/2242/1719
f 832/2234/1773 858/2244/1781 1100/2259/1790
f 448/2260/1791 63/2257/1788 382/2197/1743
f 483/2207/1751 1862/2235/1774 110/2013/1600
f 2029/2261/1792 48/2118/1685 2283/2148/1705
f 2926/2262/1793 2837/2201/1746 2722/2200/1745
f 2837/2201/1746 3268/2263/1794 2700/2231/1770
f 1820/2225/1766 1819/2264/1795 1818/2214/1758
f 1723/2265/1796 1820/2225/1766 1799/2203/1748
f 1784/2241/1779 1810/2240/1710 1817/2266/1797
f 1799/2203/1748 1755/2189/1737 1723/2265/1796
f 1542/2243/1780 1672/2082/1653 1673/2174/1725
f 1545/2252/1784 1618/2267/1652 1699/2253/1660
f 1302/2110/1678 1542/2243/1780 1146/2268/1798
f 693/2269/1799 858/2244/1781 529/2228/1768
f 382/2197/1743 482/2270/1800 448/2260/1791
f 1977/2139/1698 416/2072/1629 2197/2271/1801
f 2279/2218/1760 2038/2272/1802 2297/2211/1755
f 2987/2162/1716 2796/2078/1649 2813/2035/1616
f 2926/2262/1793 3091/2273/1803 2837/2201/1746
f 3296/2171/1723 3265/2004/1595 3137/2274/1804
f 1723/2265/1796 1803/2275/1805 1798/2276/1806
f 1755/2189/1737 1621/2226/1652 1559/2277/1807
f 1180/2278/1808 1497/2191/1739 1455/2127/1639
f 1317/2131/1692 1295/2279/1809 1459/1958/1564
f 799/2112/1680 604/2116/1683 840/2255/1786
f 48/2118/1685 2029/2261/1792 386/2256/1787
f 2110/2230/1754 310/2280/1810 53/2281/1752
f 1977/2139/1698 2197/2271/1801 2536/2122/1687
f 2763/2212/1756 2756/2282/1811 2489/2150/1707
f 2489/2150/1707 2756/2282/1811 3021/2237/1776
f 2711/2151/1686 2687/2100/1669 2954/2283/1812
f 2925/2219/1761 2701/2185/1734 3021/2237/1776
f 2837/2201/1746 3091/2273/1803 3268/2263/1794
f 3270/2284/1813 3387/2213/1757 3228/2285/1814
f 1723/2265/1796 1757/2286/1815 1803/2275/1805
f 1673/2174/1725 1807/2089/1659 1737/2287/1816
f 1705/2288/1817 1785/2190/1738 1645/2289/1818
f 1684/2290/1819 1685/2291/1820 1745/2249/1719
f 1685/2291/1820 1686/2250/1783 1745/2249/1719
f 1785/2190/1738 1616/2166/1720 1645/2289/1818
f 1645/2289/1818 1616/2166/1720 1496/2292/1821
f 1490/2293/1603 1317/2131/1692 1464/1957/1563
f 787/2181/1730 712/2144/1702 645/2294/1822
f 359/2295/1823 482/2270/1800 382/2197/1743
f 64/2245/1775 1861/2246/1774 50/2296/1824
f 2655/2232/1771 2536/2122/1687 2197/2271/1801
f 2627/2297/1825 2700/2231/1770 2997/2298/1826
f 3149/2299/1827 3296/2171/1723 3133/2300/1828
f 3273/2238/1777 3227/2153/1708 3474/2105/1673
f 3456/2037/1618 3499/1955/1562 3357/2301/1651
f 1798/2276/1806 1819/2264/1795 1820/2225/1766
f 1798/2276/1806 1820/2225/1766 1723/2265/1796
f 1638/2302/1829 1684/2290/1819 1745/2249/1719
f 1685/2291/1820 1638/2302/1829 1686/2250/1783
f 1638/2302/1829 1615/2251/1720 1686/2250/1783
f 1451/2303/1830 1496/2292/1821 1616/2166/1720
f 1429/2109/1677 1524/1983/1530 1479/2304/1571
f 1413/2305/1831 1425/1984/1581 1482/2053/1632
f 1145/2157/1711 850/2306/1832 751/2093/1663
f 787/2181/1730 360/2307/1823 383/2308/1833
f 359/2295/1823 49/2309/1834 299/2310/1835
f 299/2310/1835 49/2309/1834 1860/2311/1774
f 2164/2216/1759 2029/2261/1792 2283/2148/1705
f 2627/2297/1825 2279/2218/1760 2700/2231/1770
f 2997/2298/1826 2700/2231/1770 3268/2263/1794
f 3265/2004/1595 3328/2087/1657 3137/2274/1804
f 3482/2312/1836 3391/2164/1718 3485/1926/1543
f 3481/2313/1836 3484/1968/1543 3492/2239/1778
f 3492/2239/1778 3540/2187/1736 3481/2313/1836
f 3540/2187/1736 3527/2247/1782 3500/2314/1837
f 1737/2287/1816 1807/2089/1659 1816/2123/1688
f 1816/2123/1688 1785/2190/1738 1705/2288/1817
f 1684/2290/1819 1638/2302/1829 1685/2291/1820
f 1565/2009/1597 1459/1958/1564 1295/2279/1809
f 645/2294/1822 360/2307/1823 787/2181/1730
f 306/2183/1732 312/2209/1753 409/2229/1769
f 482/2270/1800 359/2295/1823 299/2310/1835
f 1860/2311/1774 482/2270/1800 299/2310/1835
f 312/2209/1753 52/2208/1752 411/2315/1838
f 2164/2216/1759 65/2236/1775 51/2316/1834
f 3351/2134/1694 3164/2317/1839 3332/2036/1617
f 1635/2318/1840 1638/2302/1829 1733/2319/1789
f 1733/2319/1789 1638/2302/1829 1745/2249/1719
f 1228/2159/1713 1351/2320/1841 1306/2092/1662
f 1159/2321/1842 659/2322/1843 1262/2031/1613
f 1100/2259/1790 1040/2323/1844 832/2234/1773
f 693/2269/1799 842/2324/1845 858/2244/1781
f 386/2256/1787 658/2325/1846 713/2215/1702
f 409/2229/1769 411/2315/1838 529/2228/1768
f 600/2206/1750 13/2326/1847 324/2160/1714
f 2967/2327/1848 2627/2297/1825 2997/2298/1826
f 3481/2313/1836 3540/2187/1736 3500/2314/1837
f 1784/2241/1779 1817/2266/1797 1774/2328/1849
f 1550/2329/1850 1450/2330/1830 1615/2251/1720
f 1193/2331/1851 1496/2292/1821 1210/2332/1852
f 1091/2333/1853 967/2084/1623 799/2112/1680
f 850/2306/1832 761/2334/1854 751/2093/1663
f 703/2335/1855 751/2093/1663 761/2334/1854
f 712/2144/1702 657/2336/1856 645/2294/1822
f 693/2269/1799 529/2228/1768 411/2315/1838
f 538/2337/1857 601/2338/1750 752/2339/1858
f 411/2315/1838 52/2208/1752 308/2340/1859
f 416/2072/1629 326/2136/1696 2159/2341/1860
f 416/2072/1629 2159/2341/1860 2197/2271/1801
f 2947/2140/1699 3008/1993/1588 2988/2342/1861
f 3387/2213/1757 3270/2284/1813 3464/2221/1763
f 1819/2264/1795 1776/2343/1849 1818/2214/1758
f 1451/2303/1830 1210/2332/1852 1496/2292/1821
f 1279/2129/1690 1180/2278/1808 1455/2127/1639
f 858/2244/1781 1185/2344/1862 1100/2259/1790
f 752/2339/1858 704/2345/1863 538/2337/1857
f 411/2315/1838 409/2229/1769 312/2209/1753
f 446/2346/1864 658/2325/1846 386/2256/1787
f 446/2346/1864 386/2256/1787 2016/2347/1865
f 2016/2347/1865 386/2256/1787 2029/2261/1792
f 2016/2347/1865 2029/2261/1792 2164/2216/1759
f 2526/2348/1866 2967/2327/1848 3046/2349/1867
f 3133/2300/1828 3296/2171/1723 3137/2274/1804
f 3579/2248/1765 3541/1997/1590 3554/1903/1529
f 1803/2275/1805 1786/2350/1868 1798/2276/1806
f 1803/2275/1805 1757/2286/1815 1787/2351/1869
f 1520/2352/1870 1757/2286/1815 1723/2265/1796
f 1638/2302/1829 1550/2329/1850 1615/2251/1720
f 1550/2329/1850 1530/2353/1871 1450/2330/1830
f 1306/2092/1662 1351/2320/1841 1416/2204/1749
f 840/2255/1786 832/2234/1773 1040/2323/1844
f 1262/2031/1613 659/2322/1843 937/2354/1872
f 32/2355/1873 2110/2230/1754 2297/2211/1755
f 2856/2169/1721 2565/2099/1668 2871/2356/1874
f 2565/2099/1668 2987/2162/1716 2871/2356/1874
f 2952/2357/1812 2763/2212/1756 2710/2121/1686
f 2905/2141/1700 2724/2358/1875 3070/2152/1638
f 2967/2327/1848 2997/2298/1826 3084/2359/1876
f 3084/2359/1876 2997/2298/1826 3268/2263/1794
f 3360/2173/1724 3391/2164/1718 3217/2360/1877
f 1816/2123/1688 1705/2288/1817 1737/2287/1816
f 1511/2030/1612 1546/2108/1676 1258/2361/1878
f 1192/2362/1851 1209/2363/1879 775/2364/1880
f 1384/2130/1691 1262/2031/1613 937/2354/1872
f 1384/2130/1691 937/2354/1872 1158/2365/1842
f 542/2366/1881 360/2307/1823 645/2294/1822
f 282/2367/1882 601/2338/1750 538/2337/1857
f 2159/2341/1860 2655/2232/1771 2197/2271/1801
f 2724/2358/1875 2905/2141/1700 2655/2232/1771
f 2955/2029/1611 2947/2140/1699 2988/2342/1861
f 3124/2368/1883 3395/2369/1884 3348/2370/1885
f 3391/2164/1718 3482/2312/1836 3411/2371/1886
f 3527/2247/1782 3541/1997/1590 3579/2248/1765
f 1721/2372/1887 1803/2275/1805 1787/2351/1869
f 1819/2264/1795 1765/2373/1888 1776/2343/1849
f 1734/2258/1789 1784/2241/1779 1774/2328/1849
f 1787/2351/1869 1757/2286/1815 1721/2372/1887
f 1706/2374/1889 1637/2375/1840 1735/2376/1789
f 1519/2377/1870 1720/2378/1887 1756/2379/1890
f 1755/2189/1737 1520/2352/1870 1723/2265/1796
f 1205/2380/1891 1317/2131/1692 1490/2293/1603
f 1410/2233/1772 1565/2009/1597 1295/2279/1809
f 850/2306/1832 1145/2157/1711 1541/2381/1780
f 1279/2129/1690 1257/2254/1785 1180/2278/1808
f 1185/2344/1862 858/2244/1781 842/2324/1845
f 799/2112/1680 840/2255/1786 1091/2333/1853
f 601/2338/1750 282/2367/1882 14/2382/1892
f 1914/2383/1893 51/2316/1834 360/2307/1823
f 452/2097/1666 2080/2384/1894 328/2385/1696
f 1914/2383/1893 2164/2216/1759 51/2316/1834
f 1943/2386/1895 2297/2211/1755 2038/2272/1802
f 2999/2387/1896 2812/2063/1616 2955/2029/1611
f 3103/2388/1897 3072/2389/1898 2725/2390/1875
f 3286/2102/1671 3101/2172/1650 2903/2391/1899
f 3328/2087/1657 3332/2036/1617 3164/2317/1839
f 3455/2104/1618 3082/2392/1900 3273/2238/1777
f 1798/2276/1806 1769/2393/1901 1819/2264/1795
f 1550/2329/1850 1584/2394/1902 1530/2353/1871
f 1351/2320/1841 1482/2053/1632 1416/2204/1749
f 1012/2395/1903 1185/2344/1862 842/2324/1845
f 659/2322/1843 447/2396/1904 937/2354/1872
f 659/2322/1843 1159/2321/1842 528/2397/1905
f 657/2336/1856 542/2366/1881 645/2294/1822
f 1914/2383/1893 2016/2347/1865 2164/2216/1759
f 2571/2398/1906 2627/2297/1825 2967/2327/1848
f 2526/2348/1866 2571/2398/1906 2967/2327/1848
f 2526/2348/1866 3046/2349/1867 2950/2399/1907
f 2810/2400/1908 2984/2401/1909 3124/2368/1883
f 3091/2273/1803 2926/2262/1793 3310/2402/1910
f 3023/2403/1911 3356/2080/1651 3286/2102/1671
f 3082/2392/1900 3455/2104/1618 3355/2404/1651
f 3448/2223/1764 3495/2202/1747 3198/2405/1912
f 1819/2264/1795 1769/2393/1901 1765/2373/1888
f 1786/2350/1868 1803/2275/1805 1721/2372/1887
f 1424/2180/1729 1379/2406/1913 1558/2052/1631
f 1209/2363/1879 756/2407/1914 775/2364/1880
f 693/2269/1799 1012/2395/1903 842/2324/1845
f 938/2408/1915 528/2397/1905 1159/2321/1842
f 542/2366/1881 1914/2383/1893 360/2307/1823
f 452/2097/1666 325/2096/1665 2340/2409/1916
f 328/2385/1696 2080/2384/1894 2160/2410/1860
f 2064/2411/1917 2571/2398/1906 2526/2348/1866
f 2904/2412/1899 3103/2388/1897 2725/2390/1875
f 2987/2162/1716 2813/2035/1616 3001/2413/1896
f 2988/2342/1861 3008/1993/1588 2919/2170/1722
f 3268/2263/1794 3225/2414/1918 3084/2359/1876
f 3395/2369/1884 3124/2368/1883 2984/2401/1909
f 3268/2263/1794 3091/2273/1803 3428/2415/1919
f 3395/2369/1884 3593/2416/1920 3348/2370/1885
f 1769/2393/1901 1715/2417/1921 1765/2373/1888
f 1721/2372/1887 1798/2276/1806 1786/2350/1868
f 1380/2418/1922 1755/2189/1737 1559/2277/1807
f 1007/2419/1923 1410/2233/1772 1295/2279/1809
f 527/2420/1924 542/2366/1881 657/2336/1856
f 527/2420/1924 446/2346/1864 2016/2347/1865
f 2656/2421/1771 2160/2410/1860 2080/2384/1894
f 2885/2422/1925 2757/2423/1926 2764/2424/1756
f 2687/2100/1669 2856/2169/1721 2840/2425/1927
f 2999/2387/1896 2955/2029/1611 2988/2342/1861
f 3311/2426/1910 2927/2427/1928 3022/2428/1929
f 3360/2173/1724 3198/2405/1912 3495/2202/1747
f 1775/2429/1849 1706/2374/1889 1735/2376/1789
f 1798/2276/1806 1715/2417/1921 1769/2393/1901
f 1798/2276/1806 1721/2372/1887 1715/2417/1921
f 1351/2320/1841 1413/2305/1831 1482/2053/1632
f 1545/2252/1784 1497/2191/1739 1257/2254/1785
f 1257/2254/1785 1497/2191/1739 1180/2278/1808
f 850/2306/1832 775/2364/1880 761/2334/1854
f 939/2430/1915 446/2346/1864 527/2420/1924
f 542/2366/1881 527/2420/1924 1914/2383/1893
f 527/2420/1924 2016/2347/1865 1914/2383/1893
f 325/2096/1665 14/2382/1892 2378/2431/1930
f 2340/2409/1916 325/2096/1665 2434/2432/1931
f 2725/2390/1875 2656/2421/1771 2080/2384/1894
f 2989/2433/1932 3262/2434/1933 2984/2401/1909
f 2950/2399/1907 3046/2349/1867 3374/2435/1934
f 3355/2404/1651 3056/2436/1935 3082/2392/1900
f 1665/2437/1936 1764/2438/1888 1714/2439/1921
f 1425/1984/1581 1413/2305/1831 1480/1969/1571
f 1228/2159/1713 1360/2440/1937 1351/2320/1841
f 1410/2233/1772 1060/2441/1938 1424/2180/1729
f 1100/2259/1790 1253/2442/1939 1040/2323/1844
f 757/2443/1914 1210/2332/1852 1451/2303/1830
f 2080/2384/1894 452/2097/1666 2340/2409/1916
f 325/2096/1665 2378/2431/1930 2434/2432/1931
f 2984/2401/1909 2570/2444/1940 2989/2433/1932
f 3347/2445/1941 2809/2446/1908 3123/2447/1883
f 2903/2391/1899 3023/2403/1911 3286/2102/1671
f 2967/2327/1848 3315/2448/1942 3046/2349/1867
f 2984/2401/1909 3262/2434/1933 3542/2449/1943
f 3118/2450/1944 3350/2222/1694 3448/2223/1764
f 3411/2371/1886 3285/2451/1945 3391/2164/1718
f 1764/2438/1888 1736/2452/1946 1775/2429/1849
f 1706/2374/1889 1605/2453/1947 1637/2375/1840
f 1480/1969/1571 1396/2454/1948 1430/2455/1677
f 1205/2380/1891 1295/2279/1809 1317/2131/1692
f 1291/2456/1949 1227/2205/1713 1224/2175/1726
f 411/2315/1838 809/2457/1950 693/2269/1799
f 1943/2386/1895 32/2355/1873 2297/2211/1755
f 3227/2153/1708 3273/2238/1777 3044/2458/1951
f 2967/2327/1848 3084/2359/1876 3315/2448/1942
f 3395/2369/1884 2984/2401/1909 3542/2449/1943
f 3198/2405/1912 3360/2173/1724 3217/2360/1877
f 3411/2371/1886 3482/2312/1836 3285/2451/1945
f 1638/2302/1829 1635/2318/1840 1551/2459/1952
f 1185/2344/1862 1330/2460/1953 1100/2259/1790
f 1291/2456/1949 1224/2175/1726 967/2084/1623
f 980/2461/1954 1192/2362/1851 775/2364/1880
f 1012/2395/1903 693/2269/1799 809/2457/1950
f 282/2367/1882 2101/2462/1955 14/2382/1892
f 2279/2218/1760 2008/2463/1956 2038/2272/1802
f 2725/2390/1875 2080/2384/1894 2340/2409/1916
f 2570/2444/1940 2551/2464/1957 2989/2433/1932
f 3328/2087/1657 3004/2465/1958 3137/2274/1804
f 3045/2466/1951 3270/2284/1813 3228/2285/1814
f 3216/2467/1959 3084/2359/1876 3213/2468/1960
f 3213/2468/1960 3084/2359/1876 3225/2414/1918
f 3285/2451/1945 3217/2360/1877 3391/2164/1718
f 1380/2418/1922 1520/2352/1870 1755/2189/1737
f 1168/2469/1961 1040/2323/1844 1253/2442/1939
f 1091/2333/1853 1291/2456/1949 967/2084/1623
f 704/2345/1863 479/2470/1962 538/2337/1857
f 14/2382/1892 2340/2409/1916 2378/2431/1930
f 2627/2297/1825 2008/2463/1956 2279/2218/1760
f 2954/2283/1812 2687/2100/1669 2840/2425/1927
f 2885/2422/1925 3022/2428/1929 2757/2423/1926
f 3022/2428/1929 3163/2471/1963 3311/2426/1910
f 3164/2317/1839 3126/2472/1964 3328/2087/1657
f 3351/2134/1694 3119/2473/1944 3164/2317/1839
f 3084/2359/1876 3216/2467/1959 3315/2448/1942
f 3315/2448/1942 3216/2467/1959 3215/2474/1965
f 3225/2414/1918 3315/2448/1942 3215/2474/1965
f 3428/2415/1919 3091/2273/1803 3310/2402/1910
f 3046/2349/1867 3361/2475/1966 3374/2435/1934
f 3315/2448/1942 3361/2475/1966 3046/2349/1867
f 1736/2452/1946 1706/2374/1889 1775/2429/1849
f 1579/2476/1967 1673/2174/1725 1737/2287/1816
f 908/2477/1968 1450/2330/1830 1530/2353/1871
f 634/2478/1969 775/2364/1880 756/2407/1914
f 2110/2230/1754 32/2355/1873 310/2280/1810
f 2571/2398/1906 2008/2463/1956 2627/2297/1825
f 2569/2479/1970 2421/2480/1971 2550/2481/1957
f 3010/2482/1972 2871/2356/1874 2987/2162/1716
f 2920/2483/1973 2919/2170/1722 3148/1951/1560
f 3132/2484/1828 2920/2483/1973 3148/1951/1560
f 3137/2274/1804 3047/2485/1974 3133/2300/1828
f 3082/2392/1900 3044/2458/1951 3273/2238/1777
f 3268/2263/1794 3315/2448/1942 3225/2414/1918
f 3464/2221/1763 3270/2284/1813 3321/2486/1975
f 3262/2434/1933 3375/2487/1976 3542/2449/1943
f 3527/2247/1782 3454/2488/1977 3500/2314/1837
f 3542/2449/1943 3593/2416/1920 3395/2369/1884
f 1292/2489/1978 1584/2394/1902 1550/2329/1850
f 1413/2305/1831 1396/2454/1948 1480/1969/1571
f 1424/2180/1729 1060/2441/1938 1379/2406/1913
f 1208/2490/1979 1410/2233/1772 1142/2491/1980
f 1281/2492/1981 1360/2440/1937 1228/2159/1713
f 1330/2460/1953 1253/2442/1939 1100/2259/1790
f 761/2334/1854 775/2364/1880 634/2478/1969
f 282/2367/1882 538/2337/1857 2101/2462/1955
f 14/2382/1892 2101/2462/1955 2340/2409/1916
f 2919/2170/1722 2816/2493/1982 2988/2342/1861
f 3137/2274/1804 3038/2494/1983 3052/2495/1984
f 3047/2485/1974 3137/2274/1804 3052/2495/1984
f 3004/2465/1958 3328/2087/1657 3126/2472/1964
f 3055/2496/1985 3356/2080/1651 3023/2403/1911
f 2939/2497/1986 3262/2434/1933 2989/2433/1932
f 3118/2450/1944 3448/2223/1764 3198/2405/1912
f 3500/2314/1837 3165/2498/1987 3481/2313/1836
f 1665/2437/1936 1736/2452/1946 1764/2438/1888
f 1516/2499/1988 1713/2500/1921 1720/2378/1887
f 1508/2501/1989 1636/2502/1990 1604/2503/1947
f 1638/2302/1829 1292/2489/1978 1550/2329/1850
f 800/2504/1991 635/2505/1969 758/2506/1914
f 2378/2431/1930 2340/2409/1916 2434/2432/1931
f 2064/2411/1917 2526/2348/1866 2504/2507/1992
f 2340/2409/1916 2451/2508/1993 2725/2390/1875
f 2504/2507/1992 2526/2348/1866 2950/2399/1907
f 2984/2401/1909 2810/2400/1908 2285/2509/1994
f 2504/2507/1992 2950/2399/1907 2736/2510/1995
f 2920/2483/1973 2748/2511/1996 2919/2170/1722
f 3047/2485/1974 3052/2495/1984 3039/2512/1997
f 3004/2465/1958 2783/2513/1998 3137/2274/1804
f 2989/2433/1932 2551/2464/1957 2939/2497/1986
f 3262/2434/1933 2939/2497/1986 3375/2487/1976
f 1635/2318/1840 1554/2514/1999 1551/2459/1952
f 1636/2502/1990 1508/2501/1989 1555/2515/1999
f 1519/2377/1870 1378/2516/2000 1141/2517/2001
f 1142/2491/1980 1379/2406/1913 1208/2490/1979
f 1428/2518/2002 1205/2380/1891 1490/2293/1603
f 1060/2441/1938 1410/2233/1772 1208/2490/1979
f 1040/2323/1844 1168/2469/1961 1091/2333/1853
f 2421/2480/1971 2141/2519/2003 2550/2481/1957
f 3047/2485/1974 3039/2512/1997 3028/2520/2004
f 3038/2494/1983 2783/2513/1998 3028/2520/2004
f 3137/2274/1804 2783/2513/1998 3038/2494/1983
f 1241/2521/2005 1292/2489/1978 1638/2302/1829
f 1291/2456/1949 1280/2522/2006 1227/2205/1713
f 850/2306/1832 1541/2381/1780 1438/2523/2007
f 840/2255/1786 1040/2323/1844 1091/2333/1853
f 809/2457/1950 411/2315/1838 438/2524/2008
f 2549/2525/2009 2139/2526/2010 2226/2527/2011
f 2451/2508/1993 2904/2412/1899 2725/2390/1875
f 2974/2528/2012 2736/2510/1995 2950/2399/1907
f 2974/2528/2012 2950/2399/1907 3087/2529/2013
f 3010/2482/1972 2987/2162/1716 3001/2413/1896
f 3028/2520/2004 2783/2513/1998 3047/2485/1974
f 3482/2312/1836 3299/2530/2014 3285/2451/1945
f 1516/2499/1988 1720/2378/1887 1519/2377/1870
f 1645/2289/1818 1363/2531/2015 1705/2288/1817
f 1241/2521/2005 1638/2302/1829 1551/2459/1952
f 850/2306/1832 980/2461/1954 775/2364/1880
f 479/2470/1962 704/2345/1863 762/2532/1854
f 308/2340/1859 438/2524/2008 411/2315/1838
f 2140/2533/2016 2002/2534/2017 1975/2535/2018
f 2060/2536/2019 2139/2526/2010 1974/2537/2020
f 2101/2462/1955 2451/2508/1993 2340/2409/1916
f 2364/2538/2021 2809/2446/1908 2758/2539/2022
f 2551/2464/1957 2750/2540/2023 2939/2497/1986
f 2764/2424/1756 2953/2541/1812 2814/2542/2024
f 2736/2510/1995 2974/2528/2012 3087/2529/2013
f 2956/2543/2025 2809/2446/1908 3347/2445/1941
f 2939/2497/1986 3075/2544/2026 3269/2545/2027
f 3163/2471/1963 3022/2428/1929 3054/2546/2028
f 2939/2497/1986 3269/2545/2027 3375/2487/1976
f 3299/2530/2014 3482/2312/1836 3166/2547/1987
f 3392/2548/2029 3268/2263/1794 3428/2415/1919
f 3165/2498/1987 3500/2314/1837 3454/2488/1977
f 3347/2445/1941 3592/2549/1920 3519/2550/2030
f 3535/2551/2031 3520/2106/1674 3464/2221/1763
f 3580/2224/1765 3520/2106/1674 3535/2551/2031
f 1706/2374/1889 1563/2552/2032 1461/2553/2033
f 1389/2554/2034 1605/2453/1947 1706/2374/1889
f 1204/2555/1891 1052/2556/2035 1294/2557/1809
f 1142/2491/1980 1410/2233/1772 1007/2419/1923
f 651/2558/2036 635/2505/1969 800/2504/1991
f 3024/2559/2037 2902/2560/1899 2659/2561/2038
f 2840/2425/1927 2856/2169/1721 2871/2356/1874
f 2956/2543/2025 3347/2445/1941 3519/2550/2030
f 3315/2448/1942 3268/2263/1794 3392/2548/2029
f 3579/2248/1765 3454/2488/1977 3527/2247/1782
f 1389/2554/2034 1706/2374/1889 1461/2553/2033
f 1363/2531/2015 1645/2289/1818 1496/2292/1821
f 1193/2331/1851 1363/2531/2015 1496/2292/1821
f 1281/2492/1981 1261/2562/2039 1360/2440/1937
f 757/2443/1914 1451/2303/1830 993/2563/2040
f 850/2306/1832 1438/2523/2007 980/2461/1954
f 762/2532/1854 441/2564/2041 479/2470/1962
f 538/2337/1857 1938/2565/2042 2101/2462/1955
f 1858/2566/2043 1943/2386/1895 2038/2272/1802
f 2758/2539/2022 2809/2446/1908 2956/2543/2025
f 3044/2458/1951 2797/2567/2044 2791/2568/2045
f 3087/2529/2013 2950/2399/1907 3161/2569/2046
f 3374/2435/1934 3161/2569/2046 2950/2399/1907
f 2851/2570/2047 3164/2317/1839 3119/2473/1944
f 3299/2530/2014 3104/2571/2048 3285/2451/1945
f 3315/2448/1942 3392/2548/2029 3361/2475/1966
f 1706/2374/1889 1736/2452/1946 1644/2572/2049
f 1587/2573/2050 1664/2574/1936 1713/2500/1921
f 1330/2460/1953 1271/2575/2051 1253/2442/1939
f 762/2532/1854 635/2505/1969 332/2576/2052
f 1938/2565/2042 538/2337/1857 479/2470/1962
f 2064/2411/1917 2008/2463/1956 2571/2398/1906
f 1880/2577/2053 2064/2411/1917 2199/2578/2054
f 2199/2578/2054 2064/2411/1917 2504/2507/1992
f 2984/2401/1909 2285/2509/1994 2570/2444/1940
f 2327/2579/2055 2503/2580/1992 2735/2581/1995
f 2225/2582/2056 2749/2583/2023 2548/2584/1957
f 2983/2585/2057 2735/2581/1995 3086/2586/2058
f 3047/2485/1974 2783/2513/1998 2937/2587/2059
f 2750/2540/2023 3075/2544/2026 2939/2497/1986
f 3044/2458/1951 3082/2392/1900 2797/2567/2044
f 3133/2300/1828 3047/2485/1974 2937/2587/2059
f 1587/2573/2050 1713/2500/1921 1516/2499/1988
f 1351/2320/1841 1316/2588/2060 1413/2305/1831
f 1205/2380/1891 1428/2518/2002 1243/2589/2061
f 1141/2517/2001 1008/2590/2062 1519/2377/1870
f 1379/2406/1913 1060/2441/1938 1208/2490/1979
f 1052/2556/2035 1006/2591/1923 1294/2557/1809
f 2068/2592/2063 1974/2537/2020 1961/2593/2064
f 2140/2533/2016 2068/2592/2063 1961/2593/2064
f 2064/2411/1917 1880/2577/2053 2008/2463/1956
f 295/2594/2065 2569/2479/1970 2284/2595/1994
f 2614/2596/2066 2735/2581/1995 2983/2585/2057
f 3082/2392/1900 3056/2436/1935 2797/2567/2044
f 3164/2317/1839 2851/2570/2047 3126/2472/1964
f 2885/2422/1925 3079/2597/2067 3022/2428/1929
f 3054/2546/2028 3022/2428/1929 3079/2597/2067
f 3217/2360/1877 3285/2451/1945 3104/2571/2048
f 1665/2437/1936 1644/2572/2049 1736/2452/1946
f 1706/2374/1889 1644/2572/2049 1563/2552/2032
f 1579/2476/1967 1542/2243/1780 1673/2174/1725
f 1508/2501/1989 1604/2503/1947 1093/2598/2068
f 1396/2454/1948 1244/2599/2069 1430/2455/1677
f 980/2461/1954 1362/2600/2015 1192/2362/1851
f 993/2563/2040 1451/2303/1830 909/2601/1968
f 1858/2566/2043 2038/2272/1802 41/2602/2070
f 2038/2272/1802 2008/2463/1956 41/2602/2070
f 1974/2537/2020 2068/2592/2063 2060/2536/2019
f 2735/2581/1995 2614/2596/2066 2327/2579/2055
f 2749/2583/2023 2614/2596/2066 2983/2585/2057
f 2885/2422/1925 2764/2424/1756 2692/2603/2071
f 2999/2387/1896 2988/2342/1861 2873/2604/2072
f 3161/2569/2046 3374/2435/1934 3305/2605/2073
f 3374/2435/1934 3361/2475/1966 3452/2606/2074
f 1316/2588/2060 1396/2454/1948 1413/2305/1831
f 1360/2440/1937 1316/2588/2060 1351/2320/1841
f 2002/2534/2017 2140/2533/2016 1961/2593/2064
f 2569/2479/1970 295/2594/2065 2421/2480/1971
f 2141/2519/2003 2421/2480/1971 2011/2607/2075
f 2810/2400/1908 2366/2608/2021 2285/2509/1994
f 2451/2508/1993 2660/2609/2076 2904/2412/1899
f 2919/2170/1722 2748/2511/1996 2816/2493/1982
f 2873/2604/2072 2988/2342/1861 2816/2493/1982
f 2937/2587/2059 2921/2610/2077 3133/2300/1828
f 2941/2611/2078 3045/2466/1951 2792/2612/2079
f 3126/2472/1964 2851/2570/2047 3004/2465/1958
f 3542/2449/1943 3375/2487/1976 3504/2613/2080
f 3598/2614/2081 3519/2550/2030 3592/2549/1920
f 1737/2287/1816 1705/2288/1817 1579/2476/1967
f 1519/2377/1870 1008/2590/2062 1516/2499/1988
f 1438/2523/2007 1541/2381/1780 1578/2615/2082
f 994/2616/2040 692/2617/2083 758/2506/1914
f 219/2618/2084 762/2532/1854 332/2576/2052
f 1975/2535/2018 2002/2534/2017 70/2619/2085
f 2139/2526/2010 2060/2536/2019 2226/2527/2011
f 2199/2578/2054 2504/2507/1992 2328/2620/2086
f 3104/2571/2048 3299/2530/2014 2960/2621/2087
f 3165/2498/1987 3454/2488/1977 3362/2622/2088
f 3596/2623/2089 3593/2416/1920 3542/2449/1943
f 1389/2554/2034 1094/2624/2068 1605/2453/1947
f 1012/2395/1903 951/2625/2090 1185/2344/1862
f 692/2617/2083 800/2504/1991 758/2506/1914
f 721/2626/2091 810/2627/2092 440/2628/2008
f 309/2629/1859 31/2630/1873 316/2631/2093
f 32/2355/1873 1943/2386/1895 175/2632/2094
f 2451/2508/1993 2101/2462/1955 1938/2565/2042
f 2225/2582/2056 2433/2633/2095 2749/2583/2023
f 3007/2634/2096 3045/2466/1951 2941/2611/2078
f 3361/2475/1966 3392/2548/2029 3476/2635/2097
f 3452/2606/2074 3361/2475/1966 3476/2635/2097
f 1579/2476/1967 1705/2288/1817 1363/2531/2015
f 1316/2588/2060 1348/2636/2098 1396/2454/1948
f 1242/2637/2099 1052/2556/2035 1204/2555/1891
f 15/2638/2100 1938/2565/2042 479/2470/1962
f 71/2639/2101 2011/2607/2075 2421/2480/1971
f 2010/2640/2102 2068/2592/2063 2140/2533/2016
f 2433/2633/2095 2614/2596/2066 2749/2583/2023
f 2692/2603/2071 2764/2424/1756 2814/2542/2024
f 2776/2641/2103 2814/2542/2024 2953/2541/1812
f 2941/2611/2078 2924/2642/2104 3007/2634/2096
f 2924/2642/2104 2941/2611/2078 2792/2612/2079
f 3299/2530/2014 3166/2547/1987 2960/2621/2087
f 1316/2588/2060 1360/2440/1937 1261/2562/2039
f 1185/2344/1862 951/2625/2090 1330/2460/1953
f 635/2505/1969 651/2558/2036 332/2576/2052
f 219/2618/2084 441/2564/2041 762/2532/1854
f 309/2629/1859 316/2631/2093 439/2643/2008
f 2284/2595/1994 2365/2644/2021 2171/2645/2105
f 3056/2436/1935 3024/2559/2037 2663/2646/2106
f 2749/2583/2023 2983/2585/2057 3074/2647/2026
f 2850/2648/2047 3117/2649/1944 2901/2650/2107
f 3375/2487/1976 3269/2545/2027 3441/2651/2108
f 3593/2416/1920 3596/2623/2089 3599/2652/2081
f 1587/2573/2050 1226/2653/2109 1307/2654/2110
f 1244/2599/2069 1396/2454/1948 1502/2655/2111
f 1241/2521/2005 1551/2459/1952 1161/2656/2112
f 1120/2657/2113 1280/2522/2006 1291/2456/1949
f 1530/2353/1871 983/2658/2114 908/2477/1968
f 1951/2659/2115 2068/2592/2063 2010/2640/2102
f 2106/2660/2116 2433/2633/2095 2225/2582/2056
f 2233/2661/2117 2327/2579/2055 2614/2596/2066
f 3000/2662/1896 2874/2663/2072 2838/2664/2118
f 3141/2665/2119 3270/2284/1813 3045/2466/1951
f 3161/2569/2046 3280/2666/2120 3087/2529/2013
f 1516/2499/1988 1226/2653/2109 1587/2573/2050
f 1554/2514/1999 1161/2656/2112 1551/2459/1952
f 1508/2501/1989 1081/2667/2121 1555/2515/1999
f 1281/2492/1981 1121/2668/2113 1261/2562/2039
f 1181/2669/2122 1168/2469/1961 1253/2442/1939
f 1508/2501/1989 1093/2598/2068 1109/2670/2123
f 772/2671/2124 1006/2591/1923 1052/2556/2035
f 1007/2419/1923 741/2672/2125 1142/2491/1980
f 441/2564/2041 15/2638/2100 479/2470/1962
f 219/2618/2084 332/2576/2052 1957/2673/2126
f 295/2594/2065 474/2674/2127 2421/2480/1971
f 474/2674/2127 71/2639/2101 2421/2480/1971
f 1938/2565/2042 15/2638/2100 2451/2508/1993
f 295/2594/2065 2284/2595/1994 230/2675/2128
f 2107/2676/2116 2226/2527/2011 2060/2536/2019
f 2433/2633/2095 2233/2661/2117 2614/2596/2066
f 3007/2634/2096 2924/2642/2104 2792/2612/2079
f 3441/2651/2108 3269/2545/2027 3075/2544/2026
f 1307/2654/2110 1664/2574/1936 1587/2573/2050
f 1461/2553/2033 1250/2677/2129 1389/2554/2034
f 1584/2394/1902 983/2658/2114 1530/2353/1871
f 1126/2678/2130 1291/2456/1949 1091/2333/1853
f 740/2679/2131 1006/2591/1923 772/2671/2124
f 2002/2534/2017 1961/2593/2064 70/2619/2085
f 2068/2592/2063 1951/2659/2115 2060/2536/2019
f 2171/2645/2105 230/2675/2128 2284/2595/1994
f 2659/2561/2038 2663/2646/2106 3024/2559/2037
f 2412/2680/2132 2781/2681/2133 3003/2682/1958
f 2663/2646/2106 2797/2567/2044 3056/2436/1935
f 3009/2683/2134 3000/2662/1896 2838/2664/2118
f 2803/2684/2135 3104/2571/2048 2960/2621/2087
f 3086/2586/2058 3074/2647/2026 2983/2585/2057
f 3374/2435/1934 3452/2606/2074 3314/2685/2136
f 3596/2623/2089 3542/2449/1943 3504/2613/2080
f 1181/2669/2122 1253/2442/1939 1271/2575/2051
f 1126/2678/2130 1120/2657/2113 1291/2456/1949
f 2009/2686/2075 70/2619/2085 1961/2593/2064
f 2162/2687/2137 2433/2633/2095 2106/2660/2116
f 2412/2680/2132 2350/2688/2138 2781/2681/2133
f 3117/2649/1944 3197/2689/2139 2901/2650/2107
f 3104/2571/2048 2877/2690/2140 3217/2360/1877
f 3375/2487/1976 3441/2651/2108 3504/2613/2080
f 1261/2562/2039 1348/2636/2098 1316/2588/2060
f 1096/2691/2141 1584/2394/1902 1292/2489/1978
f 1091/2333/1853 1168/2469/1961 875/2692/2142
f 739/2693/2143 766/2694/2144 1141/2517/2001
f 1943/2386/1895 1858/2566/2043 175/2632/2094
f 1974/2537/2020 2009/2686/2075 1961/2593/2064
f 2350/2688/2138 2410/2695/2145 2781/2681/2133
f 2404/2696/2146 2791/2568/2045 2797/2567/2044
f 2976/2697/2147 3104/2571/2048 2803/2684/2135
f 3141/2665/2119 3321/2486/1975 3270/2284/1813
f 3428/2415/1919 3310/2402/1910 3365/2698/2148
f 3454/2488/1977 3410/2699/2149 3362/2622/2088
f 1461/2553/2033 1563/2552/2032 1250/2677/2129
f 1516/2499/1988 1008/2590/2062 962/2700/2150
f 983/2658/2114 1584/2394/1902 1096/2691/2141
f 721/2626/2091 1013/2701/1903 810/2627/2092
f 2595/2702/2151 3007/2634/2096 2792/2612/2079
f 2776/2641/2103 2953/2541/1812 2839/2703/1927
f 3198/2405/1912 3217/2360/1877 2877/2690/2140
f 2877/2690/2140 3104/2571/2048 2976/2697/2147
f 3100/2704/2152 3166/2547/1987 3363/2705/2088
f 1093/2598/2068 969/2706/2153 1109/2670/2123
f 910/2707/1968 692/2617/2083 994/2616/2040
f 174/2708/2094 316/2631/2093 31/2630/1873
f 2171/2645/2105 1837/2709/2154 230/2675/2128
f 1996/2710/2155 1952/2711/2156 2012/2712/2075
f 2379/2713/2157 2797/2567/2044 2663/2646/2106
f 3073/2714/2158 3085/2715/2159 3226/2716/2160
f 3440/2717/2161 3073/2714/2158 3226/2716/2160
f 3284/2718/2162 3280/2666/2120 3161/2569/2046
f 3283/2719/2163 3284/2718/2162 3161/2569/2046
f 3283/2719/2163 3161/2569/2046 3282/2720/2164
f 3161/2569/2046 3305/2605/2073 3282/2720/2164
f 3454/2488/1977 3579/2248/1765 3509/2721/2165
f 1563/2552/2032 1644/2572/2049 1456/2722/2166
f 1578/2615/2082 1362/2600/2015 1438/2523/2007
f 1161/2656/2112 1554/2514/1999 1080/2723/2121
f 1141/2517/2001 766/2694/2144 700/2724/2167
f 736/2725/2168 800/2504/1991 692/2617/2083
f 1225/2726/2169 1143/2727/2170 333/2728/2171
f 1225/2726/2169 333/2728/2171 608/2729/2172
f 1143/2727/2170 231/2730/2173 333/2728/2171
f 1143/2727/2170 296/2731/2065 231/2730/2173
f 333/2728/2171 231/2730/2173 1838/2732/2174
f 2062/2733/2175 441/2564/2041 219/2618/2084
f 2062/2733/2175 15/2638/2100 441/2564/2041
f 2012/2712/2075 1976/2734/2020 1913/2735/2176
f 2012/2712/2075 1913/2735/2176 1996/2710/2155
f 2062/2733/2175 2660/2609/2076 2451/2508/1993
f 2782/2736/1998 2411/2737/2177 2275/2738/2178
f 2405/2739/2146 2595/2702/2151 2792/2612/2079
f 2797/2567/2044 2379/2713/2157 2404/2696/2146
f 2748/2511/1996 2554/2740/2179 2816/2493/1982
f 3197/2689/2139 2848/2741/2180 2901/2650/2107
f 3280/2666/2120 3284/2718/2162 3305/2605/2073
f 3284/2718/2162 3283/2719/2163 3305/2605/2073
f 3283/2719/2163 3282/2720/2164 3305/2605/2073
f 3510/2742/2165 3580/2224/1765 3505/2743/2181
f 1502/2655/2111 1396/2454/1948 1390/2744/2182
f 1389/2554/2034 997/2745/2183 1094/2624/2068
f 1109/2670/2123 1081/2667/2121 1508/2501/1989
f 1008/2590/2062 1141/2517/2001 700/2724/2167
f 401/2746/2184 721/2626/2091 440/2628/2008
f 2105/2747/2116 1950/2748/2185 1995/2749/2155
f 15/2638/2100 2062/2733/2175 2451/2508/1993
f 2233/2661/2117 2433/2633/2095 2162/2687/2137
f 2275/2738/2178 2936/2750/2059 2782/2736/1998
f 3198/2405/1912 2877/2690/2140 2849/2751/2180
f 3045/2466/1951 3007/2634/2096 3141/2665/2119
f 3410/2699/2149 3266/2752/2186 3362/2622/2088
f 1502/2655/2111 1515/2753/2187 1532/2754/2188
f 1362/2600/2015 980/2461/1954 1438/2523/2007
f 996/2755/2183 969/2706/2153 1093/2598/2068
f 740/2679/2131 562/2756/2189 190/2757/2190
f 431/2758/2191 71/2639/2101 474/2674/2127
f 2195/2759/2192 1880/2577/2053 2199/2578/2054
f 1955/2760/2193 2404/2696/2146 2379/2713/2157
f 2061/2761/2194 2663/2646/2106 2659/2561/2038
f 2452/2762/2195 2936/2750/2059 2286/2763/2196
f 2920/2483/1973 2554/2740/2179 2748/2511/1996
f 2554/2740/2179 2920/2483/1973 2938/2764/2059
f 2617/2765/2197 2412/2680/2132 3003/2682/1958
f 2692/2603/2071 2495/2766/2198 2885/2422/1925
f 2495/2766/2198 2869/2767/2199 2885/2422/1925
f 2869/2767/2199 3079/2597/2067 2885/2422/1925
f 3365/2698/2148 3310/2402/1910 3162/2768/2200
f 3267/2769/2186 3100/2704/2152 3363/2705/2088
f 3535/2551/2031 3464/2221/1763 3463/2770/2201
f 3509/2721/2165 3410/2699/2149 3454/2488/1977
f 3505/2743/2181 3580/2224/1765 3535/2551/2031
f 1250/2677/2129 1563/2552/2032 1187/2771/2202
f 1516/2499/1988 962/2700/2150 1226/2653/2109
f 875/2692/2142 1168/2469/1961 1181/2669/2122
f 772/2671/2124 562/2756/2189 740/2679/2131
f 392/2772/2203 766/2694/2144 739/2693/2143
f 188/2773/2204 392/2772/2203 739/2693/2143
f 1913/2735/2176 1953/2774/2185 2108/2775/2205
f 1983/2776/2206 2161/2777/2207 2105/2747/2116
f 219/2618/2084 1957/2673/2126 2380/2778/2208
f 2410/2695/2145 2350/2688/2138 187/2779/2190
f 2956/2543/2025 3519/2550/2030 3308/2780/2209
f 3314/2685/2136 3305/2605/2073 3374/2435/1934
f 3428/2415/1919 3421/2781/2210 3392/2548/2029
f 1515/2753/2187 1523/2782/2211 1532/2754/2188
f 1389/2554/2034 1250/2677/2129 997/2745/2183
f 1271/2575/2051 1330/2460/1953 951/2625/2090
f 1052/2556/2035 1242/2637/2099 744/2783/2212
f 962/2700/2150 1008/2590/2062 458/2784/2213
f 1372/2785/2214 296/2731/2065 1143/2727/2170
f 1372/2785/2214 888/2786/2215 296/2731/2065
f 690/2787/2216 1126/2678/2130 1091/2333/1853
f 744/2783/2212 772/2671/2124 1052/2556/2035
f 888/2786/2215 475/2788/2127 296/2731/2065
f 1878/2789/2217 1953/2774/2185 1913/2735/2176
f 1876/2790/2218 2060/2536/2019 1951/2659/2115
f 1913/2735/2176 1831/2791/2219 1996/2710/2155
f 1876/2790/2218 2107/2676/2116 2060/2536/2019
f 219/2618/2084 2380/2778/2208 2062/2733/2175
f 2203/2792/2220 2198/2793/2221 2326/2794/2086
f 2286/2763/2196 2936/2750/2059 2275/2738/2178
f 2554/2740/2179 2938/2764/2059 2453/2795/2195
f 2870/2796/1874 2641/2797/2222 2839/2703/1927
f 2581/2798/2223 2803/2684/2135 2960/2621/2087
f 3100/2704/2152 2960/2621/2087 3166/2547/1987
f 1665/2437/1936 1456/2722/2166 1644/2572/2049
f 1309/2799/2224 1456/2722/2166 1665/2437/1936
f 1296/2800/2225 1303/2801/2226 1396/2454/1948
f 875/2692/2142 690/2787/2216 1091/2333/1853
f 562/2756/2189 210/2802/2227 190/2757/2190
f 350/2803/2228 210/2802/2227 562/2756/2189
f 2108/2775/2205 1831/2791/2219 1913/2735/2176
f 2105/2747/2116 1995/2749/2155 1983/2776/2206
f 189/2804/2190 209/2805/2227 2275/2738/2178
f 27/2806/2229 187/2779/2190 2350/2688/2138
f 2275/2738/2178 2411/2737/2177 189/2804/2190
f 2379/2713/2157 2663/2646/2106 2061/2761/2194
f 2814/2542/2024 2406/2807/2230 2692/2603/2071
f 2617/2765/2197 3003/2682/1958 2850/2648/2047
f 2586/2808/2231 2873/2604/2072 2816/2493/1982
f 3595/2809/2089 3587/2810/2232 3598/2614/2081
f 1390/2744/2182 1515/2753/2187 1502/2655/2111
f 1187/2771/2202 1563/2552/2032 1456/2722/2166
f 1348/2636/2098 1296/2800/2225 1396/2454/1948
f 1244/2599/2069 1502/2655/2111 1083/2811/2233
f 955/2812/2234 1096/2691/2141 1292/2489/1978
f 771/2813/2235 1109/2670/2123 969/2706/2153
f 562/2756/2189 772/2671/2124 350/2803/2228
f 332/2576/2052 651/2558/2036 515/2814/2236
f 392/2772/2203 188/2773/2204 28/2815/2229
f 1878/2789/2217 1913/2735/2176 1976/2734/2020
f 41/2602/2070 2008/2463/1956 1880/2577/2053
f 2641/2797/2222 2776/2641/2103 2839/2703/1927
f 2838/2664/2118 2874/2663/2072 2742/2816/2237
f 3009/2683/2134 2666/2817/2238 2870/2796/1874
f 3219/2818/2239 3266/2752/2186 3410/2699/2149
f 3452/2606/2074 3476/2635/2097 3142/2819/2240
f 632/2820/2241 1109/2670/2123 771/2813/2235
f 766/2694/2144 392/2772/2203 700/2724/2167
f 208/2821/2227 392/2772/2203 28/2815/2229
f 209/2805/2227 22/2822/2242 2275/2738/2178
f 2161/2777/2207 1983/2776/2206 2205/2823/2243
f 2412/2680/2132 27/2806/2229 2350/2688/2138
f 2321/2824/2244 2326/2794/2086 2232/2825/2245
f 2814/2542/2024 2626/2826/2246 2406/2807/2230
f 2626/2826/2246 2814/2542/2024 2776/2641/2103
f 2877/2690/2140 2976/2697/2147 2600/2827/2247
f 3085/2715/2159 3279/2828/2248 3226/2716/2160
f 3505/2743/2181 3535/2551/2031 3463/2770/2201
f 1396/2454/1948 1303/2801/2226 1390/2744/2182
f 1532/2754/2188 1083/2811/2233 1502/2655/2111
f 955/2812/2234 1292/2489/1978 1241/2521/2005
f 1271/2575/2051 875/2692/2142 1181/2669/2122
f 745/2829/2212 1244/2599/2069 760/2830/2249
f 1081/2667/2121 1109/2670/2123 642/2831/2250
f 700/2724/2167 392/2772/2203 349/2832/2251
f 349/2832/2251 392/2772/2203 208/2821/2227
f 27/2806/2229 1945/2833/2252 207/2834/2227
f 2195/2759/2192 41/2602/2070 1880/2577/2053
f 2412/2680/2132 1945/2833/2252 27/2806/2229
f 2163/2835/2253 2203/2792/2220 2326/2794/2086
f 2850/2648/2047 2901/2650/2107 2329/2836/2254
f 2617/2765/2197 2850/2648/2047 2329/2836/2254
f 2741/2837/2237 2873/2604/2072 2586/2808/2231
f 2960/2621/2087 3100/2704/2152 2438/2838/2255
f 3596/2623/2089 3504/2613/2080 3487/2839/2256
f 3595/2809/2089 3546/2840/2257 3587/2810/2232
f 1270/2841/2258 1296/2800/2225 1348/2636/2098
f 873/2842/2259 997/2745/2183 1250/2677/2129
f 985/2843/2260 1225/2726/2169 608/2729/2172
f 1109/2670/2123 632/2820/2241 642/2831/2250
f 66/2844/2261 350/2803/2228 772/2671/2124
f 73/2845/2101 432/2846/2262 1893/2847/2263
f 72/2848/2101 1878/2789/2217 1976/2734/2020
f 207/2834/2227 1945/2833/2252 20/2849/2242
f 2108/2775/2205 1877/2850/2218 1831/2791/2219
f 1831/2791/2219 2056/2851/2264 1996/2710/2155
f 2163/2835/2253 2326/2794/2086 2321/2824/2244
f 2960/2621/2087 2438/2838/2255 2581/2798/2223
f 2803/2684/2135 2600/2827/2247 2976/2697/2147
f 2758/2539/2022 2956/2543/2025 3308/2780/2209
f 3596/2623/2089 3487/2839/2256 3547/2852/2257
f 1226/2653/2109 863/2853/2265 1307/2654/2110
f 1083/2811/2233 760/2830/2249 1244/2599/2069
f 900/2854/2266 970/2855/2153 997/2745/2183
f 1226/2653/2109 806/2856/2267 863/2853/2265
f 458/2784/2213 1008/2590/2062 700/2724/2167
f 316/2631/2093 279/2857/2268 439/2643/2008
f 66/2844/2261 22/2822/2242 350/2803/2228
f 66/2844/2261 2275/2738/2178 22/2822/2242
f 2204/2858/2220 2195/2759/2192 2199/2578/2054
f 2477/2859/2269 2554/2740/2179 2453/2795/2195
f 2477/2859/2269 2816/2493/1982 2554/2740/2179
f 2535/2860/2270 2329/2836/2254 2901/2650/2107
f 2581/2798/2223 2600/2827/2247 2803/2684/2135
f 2747/2861/2271 2838/2664/2118 2742/2816/2237
f 2838/2664/2118 2747/2861/2271 2666/2817/2238
f 2849/2751/2180 2877/2690/2140 2600/2827/2247
f 3506/2862/2272 3219/2818/2239 3410/2699/2149
f 3410/2699/2149 3509/2721/2165 3506/2862/2272
f 3598/2614/2081 3555/2863/2273 3519/2550/2030
f 1225/2726/2169 1599/2864/2274 1143/2727/2170
f 1532/2754/2188 1523/2782/2211 1376/2865/2275
f 1261/2562/2039 1270/2841/2258 1348/2636/2098
f 1187/2771/2202 873/2842/2259 1250/2677/2129
f 873/2842/2259 883/2866/2276 997/2745/2183
f 969/2706/2153 705/2867/2277 771/2813/2235
f 671/2868/2278 1081/2667/2121 642/2831/2250
f 736/2725/2168 651/2558/2036 800/2504/1991
f 473/2869/2127 666/2870/2279 430/2871/2191
f 771/2813/2235 522/2872/2280 2/2873/2281
f 700/2724/2167 349/2832/2251 21/2874/2282
f 279/2857/2268 400/2875/2184 439/2643/2008
f 316/2631/2093 174/2708/2094 103/2876/2283
f 2056/2851/2264 1831/2791/2219 1877/2850/2218
f 2412/2680/2132 20/2849/2242 1945/2833/2252
f 1956/2877/2284 1959/2878/2285 2405/2739/2146
f 2531/2879/2286 2816/2493/1982 2477/2859/2269
f 2535/2860/2270 2901/2650/2107 2848/2741/2180
f 2666/2817/2238 2747/2861/2271 2610/2880/2287
f 3100/2704/2152 3267/2769/2186 2801/2881/2288
f 3079/2597/2067 2957/2882/2289 3054/2546/2028
f 3421/2781/2210 3476/2635/2097 3392/2548/2029
f 1456/2722/2166 1309/2799/2224 1187/2771/2202
f 900/2854/2266 997/2745/2183 883/2866/2276
f 851/2883/2290 876/2884/2291 1272/2885/2051
f 509/2886/2292 876/2884/2291 851/2883/2290
f 473/2869/2127 887/2887/2215 927/2888/2293
f 721/2626/2091 952/2889/2090 1013/2701/1903
f 736/2725/2168 515/2814/2236 651/2558/2036
f 771/2813/2235 705/2867/2277 522/2872/2280
f 66/2844/2261 772/2671/2124 744/2783/2212
f 632/2820/2241 771/2813/2235 2/2873/2281
f 1917/2890/2294 1879/2891/2218 73/2845/2101
f 103/2876/2283 174/2708/2094 1857/2892/2043
f 2453/2795/2195 2287/2893/2196 2073/2894/2295
f 2191/2895/2296 2412/2680/2132 2617/2765/2197
f 2742/2816/2237 2587/2896/2231 2610/2880/2287
f 2610/2880/2287 2747/2861/2271 2742/2816/2237
f 2438/2838/2255 3100/2704/2152 2801/2881/2288
f 2666/2817/2238 3009/2683/2134 2838/2664/2118
f 2801/2881/2288 3267/2769/2186 3220/2897/2239
f 3162/2768/2200 3053/2898/2028 3276/2899/2297
f 3162/2768/2200 3276/2899/2297 3365/2698/2148
f 3428/2415/1919 3291/2900/2298 3421/2781/2210
f 1779/2901/2299 1372/2785/2214 1143/2727/2170
f 985/2843/2260 1599/2864/2274 1225/2726/2169
f 1241/2521/2005 1161/2656/2112 955/2812/2234
f 955/2812/2234 908/2477/1968 983/2658/2114
f 1226/2653/2109 962/2700/2150 806/2856/2267
f 806/2856/2267 458/2784/2213 863/2853/2265
f 509/2886/2292 563/2902/2300 876/2884/2291
f 691/2903/2216 876/2884/2291 563/2902/2300
f 632/2820/2241 2/2873/2281 2024/2904/2301
f 66/2844/2261 2286/2763/2196 2275/2738/2178
f 20/2849/2242 2412/2680/2132 2191/2895/2296
f 2232/2825/2245 2161/2777/2207 2205/2823/2243
f 2203/2792/2220 2163/2835/2253 2321/2824/2244
f 2801/2881/2288 3220/2897/2239 2883/2905/2302
f 2881/2906/2303 3219/2818/2239 3150/2907/2304
f 3226/2716/2160 3340/2908/2305 3440/2717/2161
f 3428/2415/1919 3365/2698/2148 3291/2900/2298
f 3463/2770/2201 3464/2221/1763 3321/2486/1975
f 1599/2864/2274 1808/2909/2306 1143/2727/2170
f 1121/2668/2113 1270/2841/2258 1261/2562/2039
f 1309/2799/2224 964/2910/2307 1187/2771/2202
f 1063/2911/2308 851/2883/2290 1272/2885/2051
f 1096/2691/2141 955/2812/2234 983/2658/2114
f 716/2912/2309 1126/2678/2130 690/2787/2216
f 73/2845/2101 1907/2913/2310 1917/2890/2294
f 211/2914/2311 2286/2763/2196 66/2844/2261
f 2/2873/2281 2488/2915/2312 2024/2904/2301
f 2658/2916/2313 2170/2917/2314 2364/2538/2021
f 2477/2859/2269 2453/2795/2195 2422/2918/2315
f 2440/2919/2316 2422/2918/2315 2453/2795/2195
f 2329/2836/2254 2191/2895/2296 2617/2765/2197
f 3341/2920/2317 3504/2613/2080 3441/2651/2108
f 1372/2785/2214 1739/2921/2318 888/2786/2215
f 1515/2753/2187 1390/2744/2182 1303/2801/2226
f 1063/2911/2308 1272/2885/2051 952/2889/2090
f 1308/2922/2319 864/2923/2265 963/2924/2307
f 927/2888/2293 666/2870/2279 473/2869/2127
f 522/2872/2280 705/2867/2277 615/2925/2320
f 744/2783/2212 211/2914/2311 66/2844/2261
f 458/2784/2213 700/2724/2167 21/2874/2282
f 632/2820/2241 2024/2904/2301 2067/2926/2321
f 522/2872/2280 2261/2927/2322 2/2873/2281
f 1995/2749/2155 2072/2928/2323 1983/2776/2206
f 331/2929/2052 1959/2878/2285 1956/2877/2284
f 2235/2930/2324 2321/2824/2244 2232/2825/2245
f 2438/2838/2255 2214/2931/2325 2581/2798/2223
f 2586/2808/2231 2816/2493/1982 2531/2879/2286
f 2776/2641/2103 2641/2797/2222 2408/2932/2326
f 2922/2933/2327 3007/2634/2096 2595/2702/2151
f 3433/2934/2328 3150/2907/2304 3219/2818/2239
f 3219/2818/2239 3506/2862/2272 3433/2934/2328
f 3555/2863/2273 3598/2614/2081 3587/2810/2232
f 1143/2727/2170 1808/2909/2306 1779/2901/2299
f 1515/2753/2187 1303/2801/2226 1523/2782/2211
f 1080/2723/2121 734/2935/2329 1161/2656/2112
f 955/2812/2234 1161/2656/2112 765/2936/2330
f 734/2935/2329 765/2936/2330 1161/2656/2112
f 656/2937/2331 692/2617/2083 910/2707/1968
f 962/2700/2150 458/2784/2213 806/2856/2267
f 563/2902/2300 137/2938/2332 691/2903/2216
f 614/2939/2320 530/2940/2333 521/2941/2334
f 744/2783/2212 759/2942/2335 211/2914/2311
f 12/2943/2336 608/2729/2172 333/2728/2171
f 515/2814/2236 390/2944/2337 332/2576/2052
f 73/2845/2101 1893/2847/2263 1907/2913/2310
f 522/2872/2280 2037/2945/2338 2261/2927/2322
f 1917/2890/2294 2057/2946/2339 1879/2891/2218
f 2238/2947/2340 2205/2823/2243 1983/2776/2206
f 2261/2927/2322 2488/2915/2312 2/2873/2281
f 2801/2881/2288 2883/2905/2302 2488/2915/2312
f 2408/2932/2326 2626/2826/2246 2776/2641/2103
f 3054/2546/2028 2957/2882/2289 2900/2948/2341
f 3142/2819/2240 3314/2685/2136 3452/2606/2074
f 3510/2742/2165 3505/2743/2181 3507/2949/2342
f 904/2950/2343 1083/2811/2233 1532/2754/2188
f 726/2951/2344 1122/2952/2113 717/2953/2345
f 1127/2954/2130 717/2953/2345 1122/2952/2113
f 899/2955/2346 705/2867/2277 969/2706/2153
f 760/2830/2249 205/2956/2347 212/2957/2311
f 864/2923/2265 457/2958/2213 378/2959/2348
f 1981/2960/2349 103/2876/2283 1857/2892/2043
f 457/2958/2213 20/2849/2242 2191/2895/2296
f 1995/2749/2155 2054/2961/2350 2072/2928/2323
f 2692/2603/2071 2406/2807/2230 2175/2962/2351
f 2641/2797/2222 2870/2796/1874 2190/2963/2352
f 2415/2964/2353 2440/2919/2316 2453/2795/2195
f 2175/2962/2351 2495/2766/2198 2692/2603/2071
f 2037/2945/2338 2438/2838/2255 2801/2881/2288
f 2870/2796/1874 2666/2817/2238 2553/2965/2354
f 2037/2945/2338 2801/2881/2288 2261/2927/2322
f 2488/2915/2312 2261/2927/2322 2801/2881/2288
f 3291/2900/2298 3365/2698/2148 3276/2899/2297
f 3504/2613/2080 3341/2920/2317 3487/2839/2256
f 1779/2901/2299 1739/2921/2318 1372/2785/2214
f 1376/2865/2275 1099/2966/2355 1532/2754/2188
f 725/2967/2344 1270/2841/2258 1121/2668/2113
f 887/2887/2215 1268/2968/2356 927/2888/2293
f 952/2889/2090 556/2969/2357 1063/2911/2308
f 1063/2911/2308 556/2969/2357 851/2883/2290
f 706/2970/2358 900/2854/2266 616/2971/2320
f 1080/2723/2121 670/2972/2278 734/2935/2329
f 985/2843/2260 608/2729/2172 12/2943/2336
f 851/2883/2290 273/2973/2359 509/2886/2292
f 509/2886/2292 137/2938/2332 563/2902/2300
f 457/2958/2213 244/2974/2360 378/2959/2348
f 531/2975/2333 2037/2945/2338 522/2872/2280
f 266/2976/2361 1893/2847/2263 432/2846/2262
f 632/2820/2241 2067/2926/2321 642/2831/2250
f 103/2876/2283 279/2857/2268 316/2631/2093
f 378/2959/2348 2191/2895/2296 2329/2836/2254
f 2321/2824/2244 2194/2977/2192 2203/2792/2220
f 2333/2978/2362 2321/2824/2244 2235/2930/2324
f 2415/2964/2353 2453/2795/2195 2073/2894/2295
f 2553/2965/2354 2190/2963/2352 2870/2796/1874
f 2409/2979/2363 2595/2702/2151 2405/2739/2146
f 2957/2882/2289 3079/2597/2067 2714/2980/2364
f 3029/2981/2365 3226/2716/2160 3279/2828/2248
f 3069/2982/2366 3280/2666/2120 3305/2605/2073
f 1268/2968/2356 887/2887/2215 1738/2983/2367
f 904/2950/2343 1532/2754/2188 1099/2966/2355
f 837/2984/2368 1270/2841/2258 725/2967/2344
f 964/2910/2307 630/2985/2369 873/2842/2259
f 964/2910/2307 873/2842/2259 1187/2771/2202
f 765/2936/2330 649/2986/2370 955/2812/2234
f 736/2725/2168 687/2987/2371 515/2814/2236
f 642/2831/2250 2067/2926/2321 671/2868/2278
f 211/2914/2311 204/2988/2347 2286/2763/2196
f 378/2959/2348 244/2974/2360 2191/2895/2296
f 205/2956/2347 2073/2894/2295 2287/2893/2196
f 2232/2825/2245 2205/2823/2243 2270/2989/2372
f 2024/2904/2301 2488/2915/2312 2067/2926/2321
f 2235/2930/2324 2232/2825/2245 2270/2989/2372
f 1958/2990/2373 2415/2964/2353 2073/2894/2295
f 2037/2945/2338 2214/2931/2325 2438/2838/2255
f 2214/2931/2325 2600/2827/2247 2581/2798/2223
f 2477/2859/2269 2422/2918/2315 2413/2991/2374
f 2406/2807/2230 2626/2826/2246 2111/2992/2375
f 2553/2965/2354 2666/2817/2238 2190/2963/2352
f 2531/2879/2286 2477/2859/2269 2413/2991/2374
f 2535/2860/2270 2848/2741/2180 2222/2993/2376
f 2609/2994/2377 2586/2808/2231 2386/2995/2378
f 2222/2993/2376 2848/2741/2180 2599/2996/2247
f 2586/2808/2231 2531/2879/2286 2528/2997/2379
f 2666/2817/2238 2610/2880/2287 2388/2998/2380
f 2869/2767/2199 2646/2999/2381 3079/2597/2067
f 3314/2685/2136 3069/2982/2366 3305/2605/2073
f 955/2812/2234 655/3000/2331 908/2477/1968
f 952/2889/2090 721/2626/2091 556/2969/2357
f 670/2972/2278 2066/3001/2382 161/3002/2383
f 34/3003/2384 1893/2847/2263 266/2976/2361
f 457/2958/2213 2191/2895/2296 244/2974/2360
f 2329/2836/2254 2535/2860/2270 2222/2993/2376
f 2235/2930/2324 2499/3004/2385 2333/2978/2362
f 2641/2797/2222 2190/2963/2352 2408/2932/2326
f 3079/2597/2067 2646/2999/2381 2714/2980/2364
f 2882/3005/2303 3200/3006/2386 2993/3007/2387
f 3150/2907/2304 3199/3008/2386 2881/2906/2303
f 3029/2981/2365 3340/2908/2305 3226/2716/2160
f 3555/2863/2273 3308/2780/2209 3519/2550/2030
f 1270/2841/2258 1169/3009/2388 1296/2800/2225
f 963/2924/2307 864/2923/2265 629/3010/2369
f 629/3010/2369 864/2923/2265 410/3011/2389
f 721/2626/2091 401/2746/2184 556/2969/2357
f 666/2870/2279 503/3012/2390 430/2871/2191
f 430/2871/2191 503/3012/2390 264/3013/2391
f 338/3014/2392 401/2746/2184 140/3015/2393
f 83/3016/2394 281/3017/2395 273/2973/2359
f 83/3016/2394 338/3014/2392 140/3015/2393
f 2270/2989/2372 2205/2823/2243 2445/3018/2396
f 1959/2878/2285 2409/2979/2363 2405/2739/2146
f 2487/3019/2312 2028/3020/2397 2065/3021/2382
f 2213/3022/2398 2222/2993/2376 2599/2996/2247
f 2321/2824/2244 2333/2978/2362 2499/3004/2385
f 2528/2997/2379 2386/2995/2378 2586/2808/2231
f 2658/2916/2313 2364/2538/2021 2758/2539/2022
f 2899/3023/2399 3276/2899/2297 3053/2898/2028
f 3421/2781/2210 3158/3024/2400 3476/2635/2097
f 3507/2949/2342 3505/2743/2181 3478/3025/2401
f 1523/2782/2211 1099/2966/2355 1376/2865/2275
f 955/2812/2234 649/2986/2370 655/3000/2331
f 205/2956/2347 760/2830/2249 904/2950/2343
f 459/3026/2402 649/2986/2370 765/2936/2330
f 556/2969/2357 401/2746/2184 338/3014/2392
f 401/2746/2184 38/3027/2403 140/3015/2393
f 1889/3028/2404 140/3015/2393 38/3027/2403
f 378/2959/2348 2329/2836/2254 410/3011/2389
f 281/3017/2395 83/3016/2394 2175/2962/2351
f 1958/2990/2373 2073/2894/2295 205/2956/2347
f 281/3017/2395 2175/2962/2351 2406/2807/2230
f 2205/2823/2243 2238/2947/2340 2445/3018/2396
f 2270/2989/2372 2499/3004/2385 2235/2930/2324
f 2388/2998/2380 2190/2963/2352 2666/2817/2238
f 2566/3029/2405 2028/3020/2397 2487/3019/2312
f 2882/3005/2303 2566/3029/2405 2487/3019/2312
f 3151/3030/2406 3486/3031/2256 3340/2908/2305
f 904/2950/2343 760/2830/2249 1083/2811/2233
f 864/2923/2265 378/2959/2348 410/3011/2389
f 333/2728/2171 1838/2732/2174 12/2943/2336
f 137/2938/2332 2190/2963/2352 691/2903/2216
f 2172/3032/2407 1981/2960/2349 1857/2892/2043
f 2329/2836/2254 2222/2993/2376 410/3011/2389
f 10/3033/2408 2214/2931/2325 2037/2945/2338
f 2495/2766/2198 2175/2962/2351 2134/3034/2409
f 2111/2992/2375 2626/2826/2246 2408/2932/2326
f 2922/2933/2327 3141/2665/2119 3007/2634/2096
f 3081/3035/2410 2758/2539/2022 3308/2780/2209
f 3434/3036/2328 3507/2949/2342 3478/3025/2401
f 3505/2743/2181 3463/2770/2201 3478/3025/2401
f 1082/3037/2411 1296/2800/2225 1092/3038/2412
f 1303/2801/2226 1296/2800/2225 1082/3037/2411
f 551/3039/2413 900/2854/2266 883/2866/2276
f 734/2935/2329 670/2972/2278 315/3040/2414
f 556/2969/2357 273/2973/2359 851/2883/2290
f 734/2935/2329 459/3026/2402 765/2936/2330
f 515/2814/2236 687/2987/2371 390/2944/2337
f 281/3017/2395 509/2886/2292 273/2973/2359
f 205/2956/2347 904/2950/2343 1958/2990/2373
f 9/3041/2408 530/2940/2333 550/3042/2415
f 400/2875/2184 279/2857/2268 37/3043/2416
f 531/2975/2333 10/3033/2408 2037/2945/2338
f 2175/2962/2351 83/3016/2394 2134/3034/2409
f 2213/3022/2398 9/3041/2408 2222/2993/2376
f 2993/3007/2387 2566/3029/2405 2882/3005/2303
f 3029/2981/2365 3279/2828/2248 2868/3044/2417
f 3200/3006/2386 3097/3045/2418 2993/3007/2387
f 3069/2982/2366 3314/2685/2136 3059/3046/2419
f 3432/3047/2420 3150/2907/2304 3433/2934/2328
f 904/2950/2343 1099/2966/2355 754/3048/2421
f 883/2866/2276 873/2842/2259 551/3039/2413
f 556/2969/2357 338/3014/2392 273/2973/2359
f 315/3040/2414 670/2972/2278 161/3002/2383
f 509/2886/2292 1853/3049/2422 137/2938/2332
f 2388/2998/2380 717/2953/2345 691/2903/2216
f 1981/2960/2349 279/2857/2268 103/2876/2283
f 2388/2998/2380 691/2903/2216 2190/2963/2352
f 331/2929/2052 389/3050/2337 1959/2878/2285
f 40/3051/2070 2025/3052/2423 1857/2892/2043
f 140/3015/2393 1889/3028/2404 2263/3053/2424
f 281/3017/2395 2406/2807/2230 2111/2992/2375
f 2028/3020/2397 47/3054/2425 2065/3021/2382
f 2121/3055/2426 2388/2998/2380 2610/2880/2287
f 2413/2991/2374 2528/2997/2379 2531/2879/2286
f 3291/2900/2298 3158/3024/2400 3421/2781/2210
f 1092/3038/2412 1296/2800/2225 961/3056/2427
f 873/2842/2259 630/2985/2369 551/3039/2413
f 551/3039/2413 616/2971/2320 900/2854/2266
f 687/2987/2371 736/2725/2168 692/2617/2083
f 576/3057/2428 655/3000/2331 649/2986/2370
f 656/2937/2331 461/3058/2429 692/2617/2083
f 459/3026/2402 734/2935/2329 315/3040/2414
f 550/3042/2415 530/2940/2333 614/2939/2320
f 315/3040/2414 436/3059/2430 459/3026/2402
f 273/2973/2359 338/3014/2392 83/3016/2394
f 509/2886/2292 281/3017/2395 2111/2992/2375
f 1907/2913/2310 1893/2847/2263 2089/3060/2431
f 83/3016/2394 140/3015/2393 2263/3053/2424
f 2190/2963/2352 137/2938/2332 2408/2932/2326
f 2610/2880/2287 1848/3061/2432 2121/3055/2426
f 1848/3061/2432 2610/2880/2287 2387/3062/2378
f 2528/2997/2379 2413/2991/2374 2257/3063/2433
f 2922/2933/2327 2595/2702/2151 2409/2979/2363
f 3151/3030/2406 3340/2908/2305 3029/2981/2365
f 2868/3044/2417 3279/2828/2248 3068/3064/2366
f 3547/2852/2257 3487/2839/2256 3212/3065/2434
f 3555/2863/2273 3587/2810/2232 3317/3066/2435
f 1270/2841/2258 961/3056/2427 1169/3009/2388
f 1523/2782/2211 1303/2801/2226 1082/3037/2411
f 1092/3038/2412 961/3056/2427 1082/3037/2411
f 981/3067/2436 927/2888/2293 1268/2968/2356
f 649/2986/2370 459/3026/2402 576/3057/2428
f 2134/3034/2409 83/3016/2394 2266/3068/2437
f 410/3011/2389 2222/2993/2376 9/3041/2408
f 83/3016/2394 2263/3053/2424 2266/3068/2437
f 1853/3049/2422 2111/2992/2375 2408/2932/2326
f 2413/2991/2374 2422/2918/2315 2440/2919/2316
f 2620/3069/2438 2957/2882/2289 2714/2980/2364
f 3151/3030/2406 3029/2981/2365 2918/3070/2439
f 3317/3066/2435 3587/2810/2232 3546/2840/2257
f 3414/3071/2440 3434/3036/2328 3478/3025/2401
f 1523/2782/2211 1082/3037/2411 1099/2966/2355
f 961/3056/2427 1296/2800/2225 1169/3009/2388
f 702/3072/2441 666/2870/2279 927/2888/2293
f 503/3012/2390 666/2870/2279 702/3072/2441
f 550/3042/2415 410/3011/2389 9/3041/2408
f 1830/3073/2442 35/3074/2443 268/3075/2361
f 279/2857/2268 1981/2960/2349 2032/3076/2444
f 279/2857/2268 2243/3077/2445 37/3043/2416
f 1853/3049/2422 2408/2932/2326 137/2938/2332
f 2424/3078/2446 1837/2709/2154 2171/2645/2105
f 2423/3079/2446 2170/2917/2314 2658/2916/2313
f 2528/2997/2379 2257/3063/2433 2373/3080/2447
f 2869/2767/2199 2495/2766/2198 2646/2999/2381
f 2868/3044/2417 2321/2824/2244 2499/3004/2385
f 2773/3081/2448 2868/3044/2417 2499/3004/2385
f 3476/2635/2097 3158/3024/2400 3142/2819/2240
f 3141/2665/2119 3463/2770/2201 3321/2486/1975
f 3081/3035/2410 3308/2780/2209 3555/2863/2273
f 1082/3037/2411 1124/3082/2449 1099/2966/2355
f 754/3048/2421 1099/2966/2355 1124/3082/2449
f 578/3083/2428 461/3058/2429 656/2937/2331
f 717/2953/2345 1848/3061/2432 726/2951/2344
f 629/3010/2369 410/3011/2389 550/3042/2415
f 242/3084/2450 315/3040/2414 161/3002/2383
f 509/2886/2292 2111/2992/2375 1853/3049/2422
f 242/3084/2450 161/3002/2383 2066/3001/2382
f 2257/3063/2433 2413/2991/2374 2229/3085/2451
f 2495/2766/2198 2134/3034/2409 2266/3068/2437
f 2646/2999/2381 2263/3053/2424 2714/2980/2364
f 2321/2824/2244 2868/3044/2417 2425/3086/2452
f 2900/2948/2341 2957/2882/2289 2620/3069/2438
f 2773/3081/2448 3029/2981/2365 2868/3044/2417
f 3199/3008/2386 3150/2907/2304 3470/3087/2453
f 961/3056/2427 1270/2841/2258 837/2984/2368
f 692/2617/2083 461/3058/2429 687/2987/2371
f 717/2953/2345 173/3088/2454 1848/3061/2432
f 576/3057/2428 459/3026/2402 436/3059/2430
f 904/2950/2343 372/3089/2455 1958/2990/2373
f 2388/2998/2380 173/3088/2454 717/2953/2345
f 504/3090/2390 348/3091/2456 304/3092/2457
f 242/3084/2450 436/3059/2430 315/3040/2414
f 1915/3093/2458 1906/3094/2310 303/3095/2459
f 303/3095/2459 346/3096/2460 1915/3093/2458
f 2238/2947/2340 1983/2776/2206 2072/2928/2323
f 2266/3068/2437 2263/3053/2424 2646/2999/2381
f 2194/2977/2192 2321/2824/2244 2425/3086/2452
f 2229/3085/2451 2413/2991/2374 2440/2919/2316
f 2714/2980/2364 2263/3053/2424 2620/3069/2438
f 2993/3007/2387 2668/3097/2461 2566/3029/2405
f 3029/2981/2365 2773/3081/2448 2918/3070/2439
f 3276/2899/2297 2899/3023/2399 2832/3098/2462
f 3142/2819/2240 3059/3046/2419 3314/2685/2136
f 3432/3047/2420 3470/3087/2453 3150/2907/2304
f 3478/3025/2401 3463/2770/2201 3358/3099/2463
f 961/3056/2427 956/3100/2464 1082/3037/2411
f 304/3092/2457 35/3074/2443 504/3090/2390
f 1848/3061/2432 173/3088/2454 2121/3055/2426
f 2172/3032/2407 1857/2892/2043 2025/3052/2423
f 1889/3028/2404 2620/3069/2438 2263/3053/2424
f 2266/3068/2437 2646/2999/2381 2495/2766/2198
f 3151/3030/2406 3210/3101/2465 3486/3031/2256
f 3317/3066/2435 3546/2840/2257 3030/3102/2466
f 576/3057/2428 436/3059/2430 340/3103/2467
f 503/3012/2390 425/3104/2468 345/3105/2469
f 265/3106/2470 504/3090/2390 75/3107/2471
f 1830/3073/2442 75/3107/2471 504/3090/2390
f 504/3090/2390 35/3074/2443 1830/3073/2442
f 304/3092/2457 76/3108/2471 35/3074/2443
f 243/3109/2450 2065/3021/2382 47/3054/2425
f 1985/3110/2472 1916/3111/2294 347/3112/2473
f 2032/3076/2444 1981/2960/2349 2172/3032/2407
f 173/3088/2454 2388/2998/2380 2121/3055/2426
f 1985/3110/2472 2055/3113/2339 1916/3111/2294
f 2620/3069/2438 1889/3028/2404 38/3027/2403
f 2447/3114/2474 2229/3085/2451 2440/2919/2316
f 2270/2989/2372 2773/3081/2448 2499/3004/2385
f 2425/3086/2452 2868/3044/2417 3068/3064/2366
f 3463/2770/2201 3141/2665/2119 3080/3115/2475
f 3212/3065/2434 3031/3116/2466 3547/2852/2257
f 1779/2901/2299 1808/2909/2306 1821/3117/2476
f 754/3048/2421 1124/3082/2449 882/3118/2477
f 822/3119/2478 702/3072/2441 927/2888/2293
f 242/3084/2450 344/3120/2479 436/3059/2430
f 279/2857/2268 2032/3076/2444 2243/3077/2445
f 2103/3121/2480 1837/2709/2154 2424/3078/2446
f 2386/2995/2378 2063/3122/2481 1847/3123/2482
f 2063/3122/2481 2386/2995/2378 2084/3124/2483
f 2396/3125/2484 2386/2995/2378 2528/2997/2379
f 2196/3126/2192 2426/3127/2452 3015/3128/2485
f 2758/2539/2022 3081/3035/2410 2658/2916/2313
f 3463/2770/2201 3080/3115/2475 3358/3099/2463
f 1663/3129/2486 1808/2909/2306 1599/2864/2274
f 837/2984/2368 956/3100/2464 961/3056/2427
f 754/3048/2421 372/3089/2455 904/2950/2343
f 461/3058/2429 390/2944/2337 687/2987/2371
f 461/3058/2429 578/3083/2428 506/3130/2487
f 503/3012/2390 525/3131/2488 425/3104/2468
f 329/3132/2489 347/3112/2473 426/3133/2490
f 267/3134/2361 76/3108/2471 427/3135/2490
f 329/3132/2489 426/3133/2490 303/3095/2459
f 76/3108/2471 304/3092/2457 427/3135/2490
f 347/3112/2473 329/3132/2489 1985/3110/2472
f 1906/3094/2310 329/3132/2489 303/3095/2459
f 329/3132/2489 1906/3094/2310 1985/3110/2472
f 1893/2847/2263 34/3003/2384 74/3136/2471
f 2196/3126/2192 2454/3137/2491 40/3051/2070
f 2566/3029/2405 2200/3138/2492 2028/3020/2397
f 1958/2990/2373 2322/3139/2493 2415/2964/2353
f 2415/2964/2353 2322/3139/2493 2440/2919/2316
f 2270/2989/2372 2445/3018/2396 2773/3081/2448
f 2244/3140/2445 2900/2948/2341 2620/3069/2438
f 2899/3023/2399 2532/3141/2494 2832/3098/2462
f 3276/2899/2297 2832/3098/2462 3291/2900/2298
f 3015/3128/2485 3059/3046/2419 3142/2819/2240
f 3433/2934/2328 3413/3142/2440 3432/3047/2420
f 3414/3071/2440 3478/3025/2401 3358/3099/2463
f 380/3143/2495 340/3103/2467 436/3059/2430
f 525/3131/2488 263/3144/2361 425/3104/2468
f 47/3054/2425 343/3145/2496 243/3109/2450
f 1893/2847/2263 74/3136/2471 1829/3146/2497
f 2084/3124/2483 1847/3123/2482 2063/3122/2481
f 1949/3147/2498 2089/3060/2431 1893/2847/2263
f 3158/3024/2400 2172/3032/2407 2696/3148/2499
f 3015/3128/2485 2454/3137/2491 2196/3126/2192
f 2726/3149/2500 2172/3032/2407 3158/3024/2400
f 2899/3023/2399 2243/3077/2445 2532/3141/2494
f 2426/3127/2452 3069/2982/2366 3015/3128/2485
f 3069/2982/2366 3059/3046/2419 3015/3128/2485
f 3080/3115/2475 3141/2665/2119 2922/2933/2327
f 2726/3149/2500 3158/3024/2400 3291/2900/2298
f 3081/3035/2410 3555/2863/2273 3317/3066/2435
f 1663/3129/2486 1599/2864/2274 985/2843/2260
f 822/3119/2478 927/2888/2293 981/3067/2436
f 1124/3082/2449 1082/3037/2411 882/3118/2477
f 956/3100/2464 837/2984/2368 767/3150/2501
f 372/3089/2455 1999/3151/2502 1958/2990/2373
f 12/2943/2336 1838/2732/2174 2104/3152/2503
f 2087/3153/2431 1948/3154/2498 2301/3155/2504
f 2454/3137/2491 2025/3052/2423 40/3051/2070
f 2053/3156/2505 2245/3157/2506 2086/3158/2507
f 2172/3032/2407 2025/3052/2423 2696/3148/2499
f 2244/3140/2445 2620/3069/2438 38/3027/2403
f 2373/3080/2447 2396/3125/2484 2528/2997/2379
f 2200/3138/2492 2566/3029/2405 2668/3097/2461
f 2409/2979/2363 2652/3159/2508 2922/2933/2327
f 3080/3115/2475 2922/2933/2327 2652/3159/2508
f 2726/3149/2500 3291/2900/2298 2832/3098/2462
f 3151/3030/2406 2878/3160/2509 3210/3101/2465
f 3325/3161/2510 3097/3045/2418 3200/3006/2386
f 1794/3162/2511 1268/2968/2356 1738/2983/2367
f 837/2984/2368 725/2967/2344 1847/3123/2482
f 389/3050/2337 460/3163/2512 1954/3164/2513
f 389/3050/2337 1954/3164/2513 1959/2878/2285
f 2200/3138/2492 47/3054/2425 2028/3020/2397
f 2131/3165/2514 1905/3166/2310 2086/3158/2507
f 2131/3165/2514 2086/3158/2507 1984/3167/2515
f 2086/3158/2507 2245/3157/2506 1984/3167/2515
f 2072/2928/2323 2054/2961/2350 2356/3168/2516
f 1958/2990/2373 1999/3151/2502 2322/3139/2493
f 1959/2878/2285 1954/3164/2513 2409/2979/2363
f 1954/3164/2513 2652/3159/2508 2409/2979/2363
f 2918/3070/2439 2773/3081/2448 2445/3018/2396
f 3418/3169/2517 3200/3006/2386 3471/3170/2453
f 505/3171/2487 577/3172/2428 341/3173/2467
f 505/3171/2487 117/3174/2518 460/3163/2512
f 2084/3124/2483 837/2984/2368 1847/3123/2482
f 1949/3147/2498 1893/2847/2263 1829/3146/2497
f 2396/3125/2484 2084/3124/2483 2386/2995/2378
f 2445/3018/2396 2238/2947/2340 2072/2928/2323
f 2086/3158/2507 2355/3175/2516 2053/3156/2505
f 2347/3176/2519 2396/3125/2484 2373/3080/2447
f 1821/3117/2476 1795/3177/2511 1779/2901/2299
f 1795/3177/2511 1739/2921/2318 1779/2901/2299
f 846/3178/2520 790/3179/2521 956/3100/2464
f 790/3179/2521 1082/3037/2411 956/3100/2464
f 523/3180/2522 478/3181/2523 882/3118/2477
f 702/3072/2441 570/3182/2524 503/3012/2390
f 337/3183/2525 525/3131/2488 503/3012/2390
f 436/3059/2430 344/3120/2479 376/3184/2526
f 1845/3185/2527 1999/3151/2502 372/3089/2455
f 1942/3186/2528 2031/3187/2529 2229/3085/2451
f 2092/3188/2530 1985/3110/2472 1906/3094/2310
f 1906/3094/2310 2132/3189/2531 2092/3188/2530
f 2031/3187/2529 2257/3063/2433 2229/3085/2451
f 2031/3187/2529 2373/3080/2447 2257/3063/2433
f 2476/3190/2532 2247/3191/2533 2058/3192/2534
f 2088/3193/2431 2302/3194/2504 2358/3195/2516
f 2445/3018/2396 2072/2928/2323 2356/3168/2516
f 2258/3196/2535 2652/3159/2508 1954/3164/2513
f 2172/3032/2407 2726/3149/2500 2532/3141/2494
f 2668/3097/2461 2993/3007/2387 2892/3197/2536
f 2993/3007/2387 3097/3045/2418 2892/3197/2536
f 2878/3160/2509 3151/3030/2406 2918/3070/2439
f 3304/3198/2537 3414/3071/2440 3358/3099/2463
f 956/3100/2464 767/3150/2501 841/3199/2538
f 843/3200/2539 956/3100/2464 841/3199/2538
f 843/3200/2539 846/3178/2520 956/3100/2464
f 1082/3037/2411 790/3179/2521 882/3118/2477
f 822/3119/2478 570/3182/2524 702/3072/2441
f 376/3184/2526 385/3201/2540 436/3059/2430
f 69/3202/2541 1830/3073/2442 268/3075/2361
f 1954/3164/2513 117/3174/2518 1960/3203/2542
f 1986/3204/2472 2450/3205/2543 2058/3192/2534
f 2246/3206/2506 2450/3205/2543 1986/3204/2472
f 2373/3080/2447 2031/3187/2529 2347/3176/2519
f 2476/3190/2532 2058/3192/2534 2450/3205/2543
f 2032/3076/2444 2532/3141/2494 2243/3077/2445
f 2532/3141/2494 2032/3076/2444 2172/3032/2407
f 2356/3168/2516 2474/3207/2544 2445/3018/2396
f 2918/3070/2439 2445/3018/2396 2474/3207/2544
f 3081/3035/2410 3317/3066/2435 3030/3102/2466
f 843/3200/2539 841/3199/2538 767/3150/2501
f 843/3200/2539 767/3150/2501 846/3178/2520
f 385/3201/2540 380/3143/2495 436/3059/2430
f 376/3184/2526 344/3120/2479 369/3208/2545
f 376/3184/2526 380/3143/2495 385/3201/2540
f 369/3208/2545 380/3143/2495 376/3184/2526
f 342/3209/2546 344/3120/2479 242/3084/2450
f 117/3174/2518 1954/3164/2513 460/3163/2512
f 1942/3186/2528 1999/3151/2502 1845/3185/2527
f 2084/3124/2483 2031/3187/2529 1942/3186/2528
f 1954/3164/2513 1960/3203/2542 2258/3196/2535
f 2247/3191/2533 2476/3190/2532 2357/3210/2547
f 2447/3114/2474 2440/2919/2316 2322/3139/2493
f 2200/3138/2492 2668/3097/2461 2112/3211/2548
f 2726/3149/2500 2832/3098/2462 2532/3141/2494
f 2878/3160/2509 2918/3070/2439 2474/3207/2544
f 3080/3115/2475 2652/3159/2508 2935/3212/2549
f 3211/3213/2465 2879/3214/2509 2923/3215/2550
f 846/3178/2520 767/3150/2501 790/3179/2521
f 790/3179/2521 435/3216/2551 882/3118/2477
f 882/3118/2477 478/3181/2523 754/3048/2421
f 435/3216/2551 523/3180/2522 882/3118/2477
f 344/3120/2479 380/3143/2495 369/3208/2545
f 1828/3217/2552 2133/3218/2531 1948/3154/2498
f 1948/3154/2498 2133/3218/2531 2301/3155/2504
f 1942/3186/2528 2447/3114/2474 1999/3151/2502
f 2031/3187/2529 2084/3124/2483 2347/3176/2519
f 1985/3110/2472 2301/3155/2504 2133/3218/2531
f 1942/3186/2528 2229/3085/2451 2447/3114/2474
f 2322/3139/2493 1999/3151/2502 2447/3114/2474
f 2396/3125/2484 2347/3176/2519 2084/3124/2483
f 2454/3137/2491 2696/3148/2499 2025/3052/2423
f 3030/3102/2466 3211/3213/2465 2923/3215/2550
f 3418/3169/2517 3325/3161/2510 3200/3006/2386
f 754/3048/2421 478/3181/2523 372/3089/2455
f 1918/3219/2553 767/3150/2501 837/2984/2368
f 263/3144/2361 525/3131/2488 337/3183/2525
f 372/3089/2455 478/3181/2523 1845/3185/2527
f 341/3173/2467 117/3174/2518 505/3171/2487
f 1845/3185/2527 478/3181/2523 435/3216/2551
f 2092/3188/2530 2301/3155/2504 1985/3110/2472
f 2246/3206/2506 2358/3195/2516 2302/3194/2504
f 3105/3220/2554 3080/3115/2475 2935/3212/2549
f 3080/3115/2475 3105/3220/2554 3358/3099/2463
f 3432/3047/2420 3413/3142/2440 3470/3087/2453
f 981/3067/2436 1268/2968/2356 1794/3162/2511
f 435/3216/2551 478/3181/2523 523/3180/2522
f 1918/3219/2553 837/2984/2368 2084/3124/2483
f 47/3054/2425 276/3221/2555 343/3145/2496
f 435/3216/2551 1942/3186/2528 1845/3185/2527
f 2133/3218/2531 1828/3217/2552 2093/3222/2556
f 2468/3223/2557 2423/3079/2446 3030/3102/2466
f 3081/3035/2410 2423/3079/2446 2658/2916/2313
f 2696/3148/2499 3015/3128/2485 3142/2819/2240
f 570/3182/2524 513/3224/2558 503/3012/2390
f 117/3174/2518 341/3173/2467 1922/3225/2559
f 1960/3203/2542 117/3174/2518 2258/3196/2535
f 2258/3196/2535 2935/3212/2549 2652/3159/2508
f 2423/3079/2446 3081/3035/2410 3030/3102/2466
f 3158/3024/2400 2696/3148/2499 3142/2819/2240
f 746/3226/2560 570/3182/2524 822/3119/2478
f 513/3224/2558 337/3183/2525 503/3012/2390
f 1918/3219/2553 1942/3186/2528 435/3216/2551
f 1942/3186/2528 1918/3219/2553 2084/3124/2483
f 2112/3211/2548 47/3054/2425 2200/3138/2492
f 2450/3205/2543 2246/3206/2506 2302/3194/2504
f 2668/3097/2461 2892/3197/2536 2337/3227/2561
f 2696/3148/2499 2454/3137/2491 3015/3128/2485
f 3358/3099/2463 3105/3220/2554 3304/3198/2537
f 790/3179/2521 767/3150/2501 1918/3219/2553
f 337/3183/2525 67/3228/2541 263/3144/2361
f 124/3229/2562 47/3054/2425 2112/3211/2548
f 1922/3225/2559 2470/3230/2563 117/3174/2518
f 2450/3205/2543 2639/3231/2564 2476/3190/2532
f 2468/3223/2557 3030/3102/2466 2271/3232/2565
f 790/3179/2521 1918/3219/2553 435/3216/2551
f 124/3229/2562 276/3221/2555 47/3054/2425
f 2258/3196/2535 117/3174/2518 2470/3230/2563
f 2300/3233/2504 2310/3234/2566 2560/3235/2567
f 2302/3194/2504 2562/3236/2567 2450/3205/2543
f 2563/3237/2567 2476/3190/2532 2639/3231/2564
f 2935/3212/2549 2258/3196/2535 2470/3230/2563
f 2561/3238/2567 2879/3214/2509 2475/3239/2544
f 2271/3232/2565 3030/3102/2466 2923/3215/2550
f 2271/3232/2565 2923/3215/2550 2879/3214/2509
f 3445/3240/2568 3325/3161/2510 3418/3169/2517
f 342/3209/2546 245/3241/2569 344/3120/2479
f 344/3120/2479 245/3241/2569 380/3143/2495
f 381/3242/2495 1859/3243/2570 341/3173/2467
f 1859/3243/2570 1922/3225/2559 341/3173/2467
f 2091/3244/2530 2460/3245/2571 2300/3233/2504
f 2310/3234/2566 2300/3233/2504 2460/3245/2571
f 2102/3246/2503 2423/3079/2446 2468/3223/2557
f 2879/3214/2509 2561/3238/2567 2313/3247/2566
f 3326/3248/2572 3097/3045/2418 3325/3161/2510
f 3417/3249/2517 3470/3087/2453 3352/3250/2573
f 1789/3251/2574 1821/3117/2476 1808/2909/2306
f 275/3252/2555 245/3241/2569 342/3209/2546
f 2313/3247/2566 2271/3232/2565 2879/3214/2509
f 3304/3198/2537 3343/3253/2575 3414/3071/2440
f 3413/3142/2440 3342/3254/2576 3470/3087/2453
f 746/3226/2560 822/3119/2478 981/3067/2436
f 1828/3217/2552 2312/3255/2577 2093/3222/2556
f 2113/3256/2548 29/3257/2578 125/3258/2562
f 2562/3236/2567 2576/3259/2579 2450/3205/2543
f 1768/3260/2580 1795/3177/2511 1821/3117/2476
f 182/3261/2581 2468/3223/2557 2271/3232/2565
f 2091/3244/2530 2311/3262/2582 2575/3263/2583
f 2206/3264/2584 2668/3097/2461 2337/3227/2561
f 2576/3259/2579 2562/3236/2567 2638/3265/2585
f 2470/3230/2563 2644/3266/2586 2935/3212/2549
f 570/3182/2524 746/3226/2560 513/3224/2558
f 2457/3267/2587 2470/3230/2563 1922/3225/2559
f 2311/3262/2582 2461/3268/2571 2575/3263/2583
f 2759/3269/2588 2935/3212/2549 2644/3266/2586
f 513/3224/2558 67/3228/2541 337/3183/2525
f 2104/3152/2503 2469/3270/2557 183/3271/2581
f 2668/3097/2461 2206/3264/2584 2112/3211/2548
f 2892/3197/2536 3097/3045/2418 3178/3272/2589
f 3327/3273/2572 3359/3274/2590 3098/3275/2418
f 247/3276/2591 1859/3243/2570 381/3242/2495
f 2312/3255/2577 1828/3217/2552 68/3277/2541
f 2644/3266/2586 2470/3230/2563 2457/3267/2587
f 2450/3205/2543 2576/3259/2579 2462/3278/2571
f 3105/3220/2554 3343/3253/2575 3304/3198/2537
f 3352/3250/2573 3470/3087/2453 3342/3254/2576
f 1663/3129/2486 1789/3251/2574 1808/2909/2306
f 125/3258/2562 257/3279/2592 277/3280/2593
f 3343/3253/2575 3105/3220/2554 3172/3281/2594
f 257/3279/2592 248/3282/2569 277/3280/2593
f 261/3283/2595 2271/3232/2565 2313/3247/2566
f 2759/3269/2588 3105/3220/2554 2935/3212/2549
f 2091/3244/2530 2575/3263/2583 2637/3284/2564
f 2091/3244/2530 2637/3284/2564 2460/3245/2571
f 3179/3285/2589 2338/3286/2596 2893/3287/2536
f 1789/3251/2574 1768/3260/2580 1821/3117/2476
f 1487/3288/2597 981/3067/2436 1794/3162/2511
f 735/3289/2598 985/2843/2260 12/2943/2336
f 2312/3255/2577 68/3277/2541 260/3290/2599
f 2457/3267/2587 1922/3225/2559 1859/3243/2570
f 2450/3205/2543 2462/3278/2571 2639/3231/2564
f 259/3291/2600 67/3228/2541 513/3224/2558
f 2207/3292/2584 29/3257/2578 2113/3256/2548
f 3105/3220/2554 2759/3269/2588 3017/3293/2601
f 3179/3285/2589 3098/3275/2418 3359/3274/2590
f 3326/3248/2572 3325/3161/2510 3445/3240/2568
f 259/3291/2600 513/3224/2558 746/3226/2560
f 247/3276/2591 26/3294/2602 1859/3243/2570
f 262/3295/2603 183/3271/2581 2272/3296/2565
f 2104/3152/2503 183/3271/2581 200/3297/2604
f 1768/3260/2580 1488/3298/2605 1795/3177/2511
f 2457/3267/2587 2759/3269/2588 2644/3266/2586
f 200/3297/2604 12/2943/2336 2104/3152/2503
f 2207/3292/2584 2339/3299/2596 46/3300/2606
f 3407/3301/2607 3419/3302/2517 3354/3303/2608
f 246/3304/2569 256/3305/2592 99/3306/2609
f 3105/3220/2554 3017/3293/2601 3172/3281/2594
f 3446/3307/2568 3419/3302/2517 3407/3301/2607
f 1663/3129/2486 985/2843/2260 1499/3308/2610
f 125/3258/2562 29/3257/2578 257/3279/2592
f 25/3309/2602 246/3304/2569 99/3306/2609
f 46/3300/2606 29/3257/2578 2207/3292/2584
f 183/3271/2581 262/3295/2603 681/3310/2611
f 169/3311/2612 165/3312/2613 26/3294/2602
f 1859/3243/2570 26/3294/2602 2520/3313/2614
f 1499/3308/2610 1789/3251/2574 1663/3129/2486
f 100/3314/2615 169/3311/2612 26/3294/2602
f 2998/3315/2616 2338/3286/2596 3179/3285/2589
f 3172/3281/2594 3032/3316/2617 3293/3317/2618
f 3343/3253/2575 3172/3281/2594 3353/3318/2573
f 981/3067/2436 1487/3288/2597 746/3226/2560
f 747/3319/2560 681/3310/2611 262/3295/2603
f 12/2943/2336 200/3297/2604 735/3289/2598
f 1859/3243/2570 2520/3313/2614 2457/3267/2587
f 2307/3320/2619 2282/3321/2620 2339/3299/2596
f 3032/3316/2617 3172/3281/2594 3017/3293/2601
f 3172/3281/2594 3232/3322/2621 3353/3318/2573
f 3359/3274/2590 3327/3273/2572 3446/3307/2568
f 1488/3298/2605 681/3310/2611 747/3319/2560
f 206/3323/2622 101/3324/2615 257/3279/2592
f 26/3294/2602 165/3312/2613 1968/3325/2623
f 1968/3325/2623 2520/3313/2614 26/3294/2602
f 46/3300/2606 2339/3299/2596 2282/3321/2620
f 2759/3269/2588 2520/3313/2614 3017/3293/2601
f 29/3257/2578 46/3300/2606 257/3279/2592
f 2377/3326/2624 2306/3327/2619 2631/3328/2625
f 2377/3326/2624 2631/3328/2625 2859/3329/2626
f 2306/3327/2619 2338/3286/2596 2631/3328/2625
f 2457/3267/2587 2520/3313/2614 2759/3269/2588
f 3446/3307/2568 3407/3301/2607 3420/3330/2627
f 1499/3308/2610 985/2843/2260 735/3289/2598
f 257/3279/2592 46/3300/2606 206/3323/2622
f 108/3331/2628 101/3324/2615 206/3323/2622
f 118/3332/2629 168/3333/2630 98/3334/2615
f 2631/3328/2625 2998/3315/2616 2859/3329/2626
f 2338/3286/2596 2998/3315/2616 2631/3328/2625
f 2520/3313/2614 3032/3316/2617 3017/3293/2601
f 107/3335/2628 118/3332/2629 98/3334/2615
f 3407/3301/2607 3354/3303/2608 3233/3336/2621
f 3359/3274/2590 3446/3307/2568 3420/3330/2627
f 1547/3337/2631 1488/3298/2605 1768/3260/2580
f 881/3338/2632 183/3271/2581 681/3310/2611
f 3232/3322/2621 3172/3281/2594 3187/3339/2633
f 3172/3281/2594 3293/3317/2618 3187/3339/2633
f 1789/3251/2574 1499/3308/2610 1768/3260/2580
f 1547/3337/2631 681/3310/2611 1488/3298/2605
f 200/3297/2604 183/3271/2581 881/3338/2632
f 229/3340/2634 46/3300/2606 8/3341/2635
f 8/3341/2635 46/3300/2606 2282/3321/2620
f 2307/3320/2619 8/3341/2635 2282/3321/2620
f 2307/3320/2619 2376/3342/2636 8/3341/2635
f 3182/3343/2637 2859/3329/2626 2998/3315/2616
f 1499/3308/2610 1547/3337/2631 1768/3260/2580
f 17/3344/2638 168/3333/2630 118/3332/2629
f 1968/3325/2623 165/3312/2613 141/3345/2639
f 2377/3326/2624 2859/3329/2626 2242/3346/2640
f 2990/3347/2641 3127/3348/2642 3032/3316/2617
f 3179/3285/2589 3359/3274/2590 3469/3349/2643
f 881/3338/2632 735/3289/2598 200/3297/2604
f 46/3300/2606 233/3350/2644 206/3323/2622
f 18/3351/2638 165/3312/2613 169/3311/2612
f 2330/3352/2645 2520/3313/2614 1968/3325/2623
f 3032/3316/2617 2520/3313/2614 2330/3352/2645
f 3127/3348/2642 3293/3317/2618 3032/3316/2617
f 141/3345/2639 165/3312/2613 201/3353/2646
f 141/3345/2639 2330/3352/2645 1968/3325/2623
f 1547/3337/2631 881/3338/2632 681/3310/2611
f 229/3340/2634 233/3350/2644 46/3300/2606
f 3032/3316/2617 2330/3352/2645 2990/3347/2641
f 3312/3354/2647 2998/3315/2616 3179/3285/2589
f 1499/3308/2610 881/3338/2632 1547/3337/2631
f 233/3350/2644 108/3331/2628 206/3323/2622
f 2376/3342/2636 2259/3355/2648 8/3341/2635
f 2241/3356/2640 2259/3355/2648 2376/3342/2636
f 735/3289/2598 881/3338/2632 1499/3308/2610
f 165/3312/2613 18/3351/2638 201/3353/2646
f 2998/3315/2616 3312/3354/2647 3182/3343/2637
f 3293/3317/2618 3289/3357/2649 3187/3339/2633
f 119/3358/2629 109/3359/2628 232/3360/2650
f 2242/3346/2640 2859/3329/2626 2544/3361/2651
f 2894/3362/2652 2544/3361/2651 2859/3329/2626
f 116/3363/2653 19/3364/2638 119/3358/2629
f 2330/3352/2645 141/3345/2639 2033/3365/2654
f 233/3350/2644 78/3366/2655 108/3331/2628
f 2033/3365/2654 141/3345/2639 201/3353/2646
f 3420/3330/2627 3407/3301/2607 3246/3367/2656
f 3469/3349/2643 3312/3354/2647 3179/3285/2589
f 2241/3356/2640 1871/3368/2657 2259/3355/2648
f 2990/3347/2641 3293/3317/2618 3127/3348/2642
f 3289/3357/2649 3293/3317/2618 2990/3347/2641
f 3407/3301/2607 3233/3336/2621 3246/3367/2656
f 232/3360/2650 109/3359/2628 79/3369/2658
f 229/3340/2634 8/3341/2635 164/3370/2659
f 229/3340/2634 78/3366/2655 233/3350/2644
f 2544/3361/2651 2894/3362/2652 2382/3371/2660
f 3289/3357/2649 3232/3322/2621 3187/3339/2633
f 232/3360/2650 116/3363/2653 119/3358/2629
f 1871/3368/2657 2117/3372/2661 2259/3355/2648
f 2033/3365/2654 2990/3347/2641 2330/3352/2645
f 3246/3367/2656 3233/3336/2621 3290/3373/2649
f 202/3374/2662 19/3364/2638 116/3363/2653
f 3370/3375/2663 3359/3274/2590 3420/3330/2627
f 229/3340/2634 164/3370/2659 78/3366/2655
f 202/3374/2662 116/3363/2653 59/3376/2664
f 202/3374/2662 11/3377/2665 2034/3378/2654
f 1871/3368/2657 2241/3356/2640 1/3379/2666
f 1/3379/2666 2241/3356/2640 2543/3380/2651
f 3359/3274/2590 3370/3375/2663 3469/3349/2643
f 3109/3381/2667 3289/3357/2649 2990/3347/2641
f 2859/3329/2626 3182/3343/2637 2894/3362/2652
f 202/3374/2662 59/3376/2664 11/3377/2665
f 2023/3382/2668 1/3379/2666 2381/3383/2660
f 2381/3383/2660 1/3379/2666 2543/3380/2651
f 3182/3343/2637 3312/3354/2647 3469/3349/2643
f 232/3360/2650 1888/3384/2669 116/3363/2653
f 2259/3355/2648 2117/3372/2661 8/3341/2635
f 2382/3371/2660 2894/3362/2652 2665/3385/2670
f 2033/3365/2654 3109/3381/2667 2990/3347/2641
f 1888/3384/2669 59/3376/2664 116/3363/2653
f 3182/3343/2637 3469/3349/2643 3369/3386/2671
f 1888/3384/2669 232/3360/2650 79/3369/2658
f 164/3370/2659 1887/3387/2672 78/3366/2655
f 3416/3388/2673 3469/3349/2643 3370/3375/2663
f 164/3370/2659 8/3341/2635 2117/3372/2661
f 3110/3389/2674 2034/3378/2654 2649/3390/2675
f 3206/3391/2676 3290/3373/2649 3110/3389/2674
f 3246/3367/2656 3108/3392/2677 3420/3330/2627
f 3246/3367/2656 3290/3373/2649 3206/3391/2676
f 1/3379/2666 237/3393/2678 1871/3368/2657
f 1932/3394/2679 1887/3387/2672 164/3370/2659
f 2894/3362/2652 3182/3343/2637 2665/3385/2670
f 3420/3330/2627 3108/3392/2677 3370/3375/2663
f 1871/3368/2657 43/3395/2680 2117/3372/2661
f 2034/3378/2654 11/3377/2665 2649/3390/2675
f 2381/3383/2660 1863/3396/2681 2023/3382/2668
f 3258/3397/2682 3182/3343/2637 3369/3386/2671
f 2026/3398/2683 2649/3390/2675 11/3377/2665
f 2665/3385/2670 3182/3343/2637 3002/3399/2684
f 3246/3367/2656 3206/3391/2676 3108/3392/2677
f 2946/3400/2685 3206/3391/2676 3110/3389/2674
f 43/3395/2680 1871/3368/2657 237/3393/2678
f 2331/3401/2686 1863/3396/2681 2381/3383/2660
f 2649/3390/2675 2946/3400/2685 3110/3389/2674
f 3002/3399/2684 3182/3343/2637 3258/3397/2682
f 11/3377/2665 59/3376/2664 2026/3398/2683
f 2665/3385/2670 2635/3402/2687 2382/3371/2660
f 226/3403/2688 237/3393/2678 1/3379/2666
f 3370/3375/2663 3322/3404/2689 3416/3388/2673
f 2331/3401/2686 1924/3405/2690 1863/3396/2681
f 2332/3406/2686 2382/3371/2660 2635/3402/2687
f 2623/3407/2691 1888/3384/2669 1933/3408/2679
f 2023/3382/2668 300/3409/2692 1/3379/2666
f 164/3370/2659 2124/3410/2693 1932/3394/2679
f 43/3395/2680 2124/3410/2693 2117/3372/2661
f 1888/3384/2669 2623/3407/2691 59/3376/2664
f 2623/3407/2691 1933/3408/2679 2640/3411/2694
f 226/3403/2688 1/3379/2666 354/3412/2695
f 164/3370/2659 2117/3372/2661 2124/3410/2693
f 59/3376/2664 2623/3407/2691 2026/3398/2683
f 2665/3385/2670 3002/3399/2684 2635/3402/2687
f 2623/3407/2691 2640/3411/2694 3108/3392/2677
f 300/3409/2692 354/3412/2695 1/3379/2666
f 3108/3392/2677 3206/3391/2676 2623/3407/2691
f 3370/3375/2663 3108/3392/2677 3322/3404/2689
f 3369/3386/2671 3469/3349/2643 3416/3388/2673
f 1925/3413/2690 2332/3406/2686 2635/3402/2687
f 2635/3402/2687 3002/3399/2684 2862/3414/2696
f 2623/3407/2691 3206/3391/2676 2946/3400/2685
f 3329/3415/2697 3369/3386/2671 3416/3388/2673
f 300/3409/2692 2023/3382/2668 1863/3396/2681
f 2026/3398/2683 2623/3407/2691 2946/3400/2685
f 2026/3398/2683 2946/3400/2685 2649/3390/2675
f 3108/3392/2677 2640/3411/2694 2945/3416/2698
f 1920/3417/2699 1925/3413/2690 2635/3402/2687
f 2945/3416/2698 3322/3404/2689 3108/3392/2677
f 637/3418/2700 1863/3396/2681 1924/3405/2690
f 300/3409/2692 370/3419/2701 354/3412/2695
f 226/3403/2688 133/3420/2702 237/3393/2678
f 2281/3421/2703 2640/3411/2694 1933/3408/2679
f 3258/3397/2682 3369/3386/2671 3329/3415/2697
f 3329/3415/2697 3416/3388/2673 3140/3422/2704
f 370/3419/2701 300/3409/2692 611/3423/2705
f 2731/3424/2706 3322/3404/2689 2945/3416/2698
f 354/3412/2695 133/3420/2702 226/3403/2688
f 237/3393/2678 1969/3425/2707 43/3395/2680
f 1863/3396/2681 611/3423/2705 300/3409/2692
f 373/3426/2708 1919/3427/2699 2371/3428/2709
f 2124/3410/2693 43/3395/2680 1969/3425/2707
f 2945/3416/2698 2640/3411/2694 2281/3421/2703
f 3067/3429/2710 3002/3399/2684 3258/3397/2682
f 2280/3430/2711 1932/3394/2679 2124/3410/2693
f 2616/3431/2712 1920/3417/2699 2635/3402/2687
f 2124/3410/2693 1969/3425/2707 2280/3430/2711
f 2616/3431/2712 2635/3402/2687 2862/3414/2696
f 3067/3429/2710 3258/3397/2682 3329/3415/2697
f 237/3393/2678 133/3420/2702 2099/3432/2713
f 2862/3414/2696 3002/3399/2684 3067/3429/2710
f 2047/3433/2714 373/3426/2708 2371/3428/2709
f 2371/3428/2709 1919/3427/2699 2615/3434/2715
f 2731/3424/2706 2875/3435/2716 3322/3404/2689
f 3322/3404/2689 3140/3422/2704 3416/3388/2673
f 1919/3427/2699 373/3426/2708 1923/3436/2690
f 1970/3437/2707 238/3438/2678 2100/3439/2717
f 2281/3421/2703 1970/3437/2707 2731/3424/2706
f 2731/3424/2706 2945/3416/2698 2281/3421/2703
f 1923/3436/2690 373/3426/2708 636/3440/2700
f 1863/3396/2681 637/3418/2700 611/3423/2705
f 3140/3422/2704 3322/3404/2689 2875/3435/2716
f 3140/3422/2704 3067/3429/2710 3329/3415/2697
f 133/3420/2702 354/3412/2695 228/3441/2718
f 2770/3442/2719 2862/3414/2696 3067/3429/2710
f 133/3420/2702 2000/3443/2720 2099/3432/2713
f 1970/3437/2707 2344/3444/2721 2731/3424/2706
f 636/3440/2700 373/3426/2708 622/3445/2722
f 1970/3437/2707 2100/3439/2717 2344/3444/2721
f 2616/3431/2712 2862/3414/2696 2770/3442/2719
f 2770/3442/2719 3067/3429/2710 3026/3446/2723
f 3140/3422/2704 3026/3446/2723 3067/3429/2710
f 2731/3424/2706 2344/3444/2721 2875/3435/2716
f 373/3426/2708 379/3447/2724 622/3445/2722
f 228/3441/2718 354/3412/2695 370/3419/2701
f 2047/3433/2714 379/3447/2724 373/3426/2708
f 913/3448/2725 638/3449/2700 868/3450/2726
f 379/3447/2724 2047/3433/2714 2192/3451/2727
f 2000/3443/2720 133/3420/2702 228/3441/2718
f 2770/3442/2719 2372/3452/2728 2616/3431/2712
f 611/3423/2705 228/3441/2718 370/3419/2701
f 2100/3439/2717 2662/3453/2729 2344/3444/2721
f 2662/3453/2729 2875/3435/2716 2344/3444/2721
f 2629/3454/2730 2047/3433/2714 2371/3428/2709
f 636/3440/2700 622/3445/2722 867/3455/2731
f 2662/3453/2729 3140/3422/2704 2875/3435/2716
f 612/3456/2705 638/3449/2700 913/3448/2725
f 2099/3432/2713 2000/3443/2720 2661/3457/2729
f 3140/3422/2704 2662/3453/2729 3026/3446/2723
f 2000/3443/2720 228/3441/2718 203/3458/2732
f 748/3459/2733 622/3445/2722 379/3447/2724
f 2192/3451/2727 2047/3433/2714 2629/3454/2730
f 2769/3460/2734 2629/3454/2730 2371/3428/2709
f 379/3447/2724 391/3461/2735 748/3459/2733
f 2820/3462/2736 2770/3442/2719 3026/3446/2723
f 391/3461/2735 379/3447/2724 1886/3463/2737
f 748/3459/2733 867/3455/2731 622/3445/2722
f 2000/3443/2720 203/3458/2732 2223/3464/2738
f 2821/3465/2739 3025/3466/2723 2661/3457/2729
f 540/3467/2740 228/3441/2718 611/3423/2705
f 391/3461/2735 743/3468/2741 748/3459/2733
f 228/3441/2718 540/3467/2740 557/3469/2742
f 557/3469/2742 203/3458/2732 228/3441/2718
f 1886/3463/2737 379/3447/2724 2192/3451/2727
f 2223/3464/2738 2699/3470/2743 2000/3443/2720
f 2661/3457/2729 2699/3470/2743 2821/3465/2739
f 2643/3471/2744 2769/3460/2734 2818/3472/2736
f 3025/3466/2723 2821/3465/2739 2819/3473/2736
f 749/3474/2733 845/3475/2745 868/3450/2726
f 2661/3457/2729 2000/3443/2720 2699/3470/2743
f 913/3448/2725 868/3450/2726 845/3475/2745
f 2629/3454/2730 2769/3460/2734 2643/3471/2744
f 2699/3470/2743 2697/3476/2746 2821/3465/2739
f 913/3448/2725 541/3477/2747 612/3456/2705
f 743/3468/2741 1088/3478/2748 748/3459/2733
f 889/3479/2749 743/3468/2741 391/3461/2735
f 1886/3463/2737 2192/3451/2727 2173/3480/2750
f 391/3461/2735 684/3481/2751 889/3479/2749
f 391/3461/2735 1886/3463/2737 684/3481/2751
f 2819/3473/2736 2821/3465/2739 2541/3482/2752
f 2541/3482/2752 2821/3465/2739 2697/3476/2746
f 930/3483/2753 1329/3484/2754 1266/3485/2755
f 1266/3485/2755 889/3479/2749 930/3483/2753
f 2699/3470/2743 2223/3464/2738 2537/3486/2756
f 1631/3487/2757 1329/3484/2754 1529/3488/2758
f 1329/3484/2754 1485/3489/2759 1266/3485/2755
f 1088/3478/2748 743/3468/2741 889/3479/2749
f 557/3469/2742 2223/3464/2738 203/3458/2732
f 2173/3480/2750 2192/3451/2727 2629/3454/2730
f 779/3490/2760 541/3477/2747 913/3448/2725
f 684/3481/2751 1886/3463/2737 102/3491/2761
f 1485/3489/2759 1329/3484/2754 1631/3487/2757
f 1529/3488/2758 1329/3484/2754 1269/3492/2762
f 558/3493/2742 541/3477/2747 779/3490/2760
f 1089/3494/2748 774/3495/2763 749/3474/2733
f 1329/3484/2754 930/3483/2753 1269/3492/2762
f 1267/3496/2755 1061/3497/2764 890/3498/2765
f 1089/3494/2748 890/3498/2765 1061/3497/2764
f 845/3475/2745 749/3474/2733 774/3495/2763
f 845/3475/2745 774/3495/2763 913/3448/2725
f 2818/3472/2736 2540/3499/2766 2643/3471/2744
f 1267/3496/2755 1486/3500/2767 975/3501/2768
f 889/3479/2749 684/3481/2751 930/3483/2753
f 102/3491/2761 1886/3463/2737 2173/3480/2750
f 2629/3454/2730 2643/3471/2744 2173/3480/2750
f 2537/3486/2756 2697/3476/2746 2699/3470/2743
f 1061/3497/2764 1267/3496/2755 975/3501/2768
f 930/3483/2753 685/3502/2769 1269/3492/2762
f 1631/3487/2757 1529/3488/2758 1586/3503/2770
f 683/3504/2771 558/3493/2742 779/3490/2760
f 685/3502/2769 930/3483/2753 684/3481/2751
f 557/3469/2742 682/3505/2771 2223/3464/2738
f 1529/3488/2758 1269/3492/2762 1586/3503/2770
f 774/3495/2763 779/3490/2760 913/3448/2725
f 6/3506/2772 684/3481/2751 102/3491/2761
f 2167/3507/2773 2173/3480/2750 2643/3471/2744
f 2119/3508/2774 2537/3486/2756 2223/3464/2738
f 1586/3503/2770 1439/3509/2775 1631/3487/2757
f 774/3495/2763 683/3504/2771 779/3490/2760
f 684/3481/2751 6/3506/2772 249/3510/2776
f 1439/3509/2775 1586/3503/2770 1269/3492/2762
f 2643/3471/2744 2227/3511/2777 2167/3507/2773
f 2227/3511/2777 2643/3471/2744 2540/3499/2766
f 1632/3512/2778 1315/3513/2779 1486/3500/2767
f 249/3510/2776 685/3502/2769 684/3481/2751
f 1440/3514/2780 1315/3513/2779 1632/3512/2778
f 880/3515/2781 774/3495/2763 1089/3494/2748
f 1163/3516/2782 1269/3492/2762 685/3502/2769
f 1982/3517/2783 102/3491/2761 2173/3480/2750
f 1089/3494/2748 1061/3497/2764 880/3515/2781
f 1982/3517/2783 2173/3480/2750 2167/3507/2773
f 1315/3513/2779 975/3501/2768 1486/3500/2767
f 516/3518/2784 683/3504/2771 774/3495/2763
f 682/3505/2771 2119/3508/2774 2223/3464/2738
f 1269/3492/2762 1163/3516/2782 1439/3509/2775
f 102/3491/2761 1982/3517/2783 6/3506/2772
f 2296/3519/2785 2698/3520/2746 2538/3521/2786
f 2296/3519/2785 2538/3521/2786 2120/3522/2774
f 1163/3516/2782 1399/3523/2787 1439/3509/2775
f 975/3501/2768 880/3515/2781 1061/3497/2764
f 2296/3519/2785 2542/3524/2788 2698/3520/2746
f 516/3518/2784 429/3525/2789 683/3504/2771
f 975/3501/2768 1315/3513/2779 1072/3526/2790
f 880/3515/2781 516/3518/2784 774/3495/2763
f 298/3527/2791 2120/3522/2774 683/3504/2771
f 2542/3524/2788 2296/3519/2785 2228/3528/2777
f 1982/3517/2783 2167/3507/2773 1890/3529/2792
f 683/3504/2771 429/3525/2789 298/3527/2791
f 516/3518/2784 397/3530/2793 429/3525/2789
f 397/3530/2793 516/3518/2784 375/3531/2794
f 1400/3532/2795 1315/3513/2779 1440/3514/2780
f 1163/3516/2782 685/3502/2769 249/3510/2776
f 397/3530/2793 298/3527/2791 429/3525/2789
f 397/3530/2793 375/3531/2794 298/3527/2791
f 2168/3533/2796 2228/3528/2777 33/3534/2797
f 1890/3529/2792 6/3506/2772 1982/3517/2783
f 298/3527/2791 375/3531/2794 33/3534/2797
f 1426/3535/2798 1315/3513/2779 1400/3532/2795
f 1426/3535/2798 1423/3536/2799 1315/3513/2779
f 33/3534/2797 274/3537/2800 2168/3533/2796
f 33/3534/2797 2228/3528/2777 2296/3519/2785
f 1398/3538/2795 1162/3539/2801 1265/3540/2802
f 1164/3541/2803 250/3542/2776 407/3543/2804
f 298/3527/2791 33/3534/2797 2296/3519/2785
f 2296/3519/2785 2120/3522/2774 298/3527/2791
f 903/3544/2805 1165/3545/2782 408/3546/2806
f 516/3518/2784 274/3537/2800 375/3531/2794
f 375/3531/2794 274/3537/2800 33/3534/2797
f 1890/3529/2792 318/3547/2807 6/3506/2772
f 2168/3533/2796 274/3537/2800 1891/3548/2792
f 1162/3539/2801 901/3549/2808 1265/3540/2802
f 7/3550/2772 319/3551/2809 159/3552/2810
f 975/3501/2768 319/3551/2809 880/3515/2781
f 319/3551/2809 975/3501/2768 1072/3526/2790
f 159/3552/2810 250/3542/2776 7/3550/2772
f 1423/3536/2799 1072/3526/2790 1315/3513/2779
f 610/3553/2811 319/3551/2809 1072/3526/2790
f 603/3554/2812 408/3546/2806 487/3555/2813
f 159/3552/2810 407/3543/2804 250/3542/2776
f 1398/3538/2795 1265/3540/2802 1494/3556/2814
f 676/3557/2815 903/3544/2805 408/3546/2806
f 901/3549/2808 1298/3558/2816 1265/3540/2802
f 880/3515/2781 274/3537/2800 516/3518/2784
f 610/3553/2811 150/3559/2817 319/3551/2809
f 274/3537/2800 319/3551/2809 1891/3548/2792
f 862/3560/2818 676/3557/2815 847/3561/2819
f 676/3557/2815 862/3560/2818 903/3544/2805
f 408/3546/2806 603/3554/2812 676/3557/2815
f 319/3551/2809 150/3559/2817 159/3552/2810
f 1495/3562/2820 1462/3563/2821 1400/3532/2795
f 1478/3564/2822 1426/3535/2798 1400/3532/2795
f 1186/3565/2823 1072/3526/2790 1423/3536/2799
f 1298/3558/2816 901/3549/2808 1017/3566/2824
f 319/3551/2809 274/3537/2800 880/3515/2781
f 1494/3556/2814 1265/3540/2802 1369/3567/2825
f 1155/3568/2826 1298/3558/2816 1017/3566/2824
f 711/3569/2827 847/3561/2819 676/3557/2815
f 486/3570/2828 675/3571/2829 602/3572/2830
f 486/3570/2828 407/3543/2804 419/3573/2831
f 1478/3564/2822 1400/3532/2795 1462/3563/2821
f 901/3549/2808 949/3574/2832 1017/3566/2824
f 861/3575/2818 950/3576/2833 902/3577/2805
f 897/3578/2834 847/3561/2819 711/3569/2827
f 1478/3564/2822 1423/3536/2799 1426/3535/2798
f 847/3561/2819 897/3578/2834 862/3560/2818
f 896/3579/2834 950/3576/2833 861/3575/2818
f 1369/3567/2825 1265/3540/2802 1298/3558/2816
f 710/3580/2827 675/3571/2829 650/3581/2835
f 610/3553/2811 1072/3526/2790 1186/3565/2823
f 675/3571/2829 486/3570/2828 419/3573/2831
f 1101/3582/2836 1155/3568/2826 1017/3566/2824
f 150/3559/2817 610/3553/2811 613/3583/2837
f 1370/3584/2838 1462/3563/2821 1495/3562/2820
f 1101/3582/2836 1298/3558/2816 1155/3568/2826
f 1017/3566/2824 949/3574/2832 1101/3582/2836
f 1299/3585/2839 1198/3586/2840 1478/3564/2822
f 1188/3587/2841 1198/3586/2840 1299/3585/2839
f 835/3588/2842 950/3576/2833 896/3579/2834
f 835/3588/2842 896/3579/2834 710/3580/2827
f 1186/3565/2823 613/3583/2837 610/3553/2811
f 650/3581/2835 675/3571/2829 549/3589/2843
f 549/3589/2843 675/3571/2829 419/3573/2831
f 159/3552/2810 549/3589/2843 407/3543/2804
f 1462/3563/2821 1299/3585/2839 1478/3564/2822
f 1478/3564/2822 919/3590/2844 1423/3536/2799
f 1188/3587/2841 919/3590/2844 1198/3586/2840
f 835/3588/2842 710/3580/2827 650/3581/2835
f 419/3573/2831 407/3543/2804 549/3589/2843
f 919/3590/2844 1478/3564/2822 1198/3586/2840
f 950/3576/2833 919/3590/2844 1188/3587/2841
f 150/3559/2817 613/3583/2837 159/3552/2810
f 1462/3563/2821 1370/3584/2838 1299/3585/2839
f 1188/3587/2841 1102/3591/2845 950/3576/2833
f 1186/3565/2823 1423/3536/2799 919/3590/2844
f 1188/3587/2841 1299/3585/2839 1102/3591/2845
f 835/3588/2842 919/3590/2844 950/3576/2833
f 835/3588/2842 650/3581/2835 919/3590/2844
f 549/3589/2843 919/3590/2844 650/3581/2835
f 549/3589/2843 159/3552/2810 613/3583/2837
f 549/3589/2843 613/3583/2837 919/3590/2844
f 919/3590/2844 613/3583/2837 1186/3565/2823
f 1068/90/74 1066/104/85 1064/3592/2846
f 1067/106/87 1068/90/74 1064/3592/2846
f 1066/104/85 1054/108/89 1064/3592/2846
f 1054/108/89 1067/106/87 1064/3592/2846
f 2007/1279/1048 2018/1280/1049 2017/3593/2847
f 2021/1292/1057 2007/1279/1048 2017/3593/2847
f 2018/1280/1049 2019/1281/1050 2017/3593/2847
f 2019/1281/1050 2021/1292/1057 2017/3593/2847
s 0
f 593/3594/2848 597/3595/2848 589/3596/2848
f 596/3595/2848 582/3597/2848 588/3596/2848
s 1
f 3213/2468/1960 3225/2414/1918 3218/3598/2849
f 3225/2414/1918 3215/2474/1965 3218/3598/2849
f 3216/2467/1959 3213/2468/1960 3218/3598/2849
f 3215/2474/1965 3216/2467/1959 3218/3598/2849
f 3052/2495/1984 3038/2494/1983 3041/3599/2850
f 3039/2512/1997 3052/2495/1984 3041/3599/2850
f 3038/2494/1983 3028/2520/2004 3041/3599/2850
f 3028/2520/2004 3039/2512/1997 3041/3599/2850
